sigma,cross_multiplier,theta,neighbor_noise_fraction,all_null,method,independent_repetitions,fdp_mean,fdp_mcse,power_mean,power_mcse,discoveries_mean,discoveries_mcse,null_tail001_mean,null_tail001_mcse,n_calib_mean,n_calib_mcse,edges_mean,edges_mcse,clipped_probability_fraction_mean,clipped_probability_fraction_mcse
0.0,1.0,0.0,0.0,0,oracle_filtered,500,0.07657591387199869,0.0032488453607857344,0.9114666666666666,0.004586112657038698,29.952,0.2261009404459457,0.01011851851851852,0.0004290415896007681,200.0,0.0,7198.766,3.813227490694934,0.0,0.0
0.0,1.0,0.0,0.0,0,matched_random,500,0.07161018209178535,0.0030334658479049936,0.9092,0.004817725011029285,29.67,0.2186545669298461,0.009555555555555555,0.0003883981805086927,200.0,0.0,7198.766,3.813227490694934,0.0,0.0
0.0,1.0,0.0,0.0,0,mixture_half,500,0.07643655613662938,0.003181113966736996,0.9101333333333335,0.004968747574638554,29.886,0.22902163613868293,0.010118518518518518,0.0004253091419985167,200.0,0.0,7198.766,3.813227490694934,0.0,0.0
0.0,1.0,0.0,0.0,0,partial_filtered,500,0.05870444844081602,0.003096770834317025,0.8834666666666667,0.006757890231646871,28.478,0.26982335199638513,0.0057777777777777775,0.0003244950134911902,162.324,0.5754966905914954,7198.766,3.813227490694934,0.0,0.0
0.0,1.0,0.0,0.0,0,partial_random,500,0.05964341387053556,0.0030651658928060664,0.8876666666666667,0.006536658186331477,28.63,0.2626102211577322,0.005785185185185185,0.00032363638520141214,162.324,0.5754966905914954,7198.766,3.813227490694934,0.0,0.0
0.0,1.0,0.0,0.5,0,oracle_filtered,500,0.07695772153433485,0.0031431522971546756,0.916,0.004144355764499328,30.066,0.20597120253216245,0.010185185185185184,0.00041693151565118315,200.0,0.0,7198.766,3.813227490694934,0.0,0.0
0.0,1.0,0.0,0.5,0,matched_random,500,0.07748470248486289,0.0032087357993403134,0.9110000000000001,0.004495748752658159,29.95,0.22023625499910787,0.01014814814814815,0.00041709302184341407,200.0,0.0,7198.766,3.813227490694934,0.0,0.0
0.0,1.0,0.0,0.5,0,mixture_half,500,0.07550824986934597,0.003140259505009003,0.9128666666666667,0.0043250792361036496,29.926,0.21255447963669752,0.010037037037037037,0.00043024843015200206,200.0,0.0,7198.766,3.813227490694934,0.0,0.0
0.0,1.0,0.0,0.5,0,partial_filtered,500,0.0676238257375959,0.0034663223219646958,0.8834666666666668,0.007373060546436644,28.824,0.29644866608444453,0.006266666666666667,0.00033853922385677167,162.324,0.5754966905914954,7198.766,3.813227490694934,0.0,0.0
0.0,1.0,0.0,0.5,0,partial_random,500,0.06926658201178734,0.0037018657255562582,0.8917333333333334,0.0062918155388121295,29.176,0.27909467152087064,0.0063629629629629635,0.00036545675518940955,162.324,0.5754966905914954,7198.766,3.813227490694934,0.0,0.0
0.0,1.0,2.0,0.0,0,oracle_filtered,500,0.13924634278103634,0.00749972576551516,0.26493333333333335,0.012630904055224325,11.674,0.5967509290672997,0.022844444444444445,0.0007610186659543726,200.0,0.0,7198.766,3.813227490694934,0.0,0.0
0.0,1.0,2.0,0.0,0,matched_random,500,0.04468374839952556,0.004428383773316219,0.1012,0.00901749999544726,3.908,0.3498282888265708,0.009814814814814816,0.0004336088523545269,200.0,0.0,7198.766,3.813227490694934,0.0,0.0
0.0,1.0,2.0,0.0,0,mixture_half,500,0.06453419753775264,0.0054493498917703425,0.1363333333333333,0.01023024841496679,5.486,0.420043427471403,0.013525925925925927,0.0005303258515765078,200.0,0.0,7198.766,3.813227490694934,0.0,0.0
0.0,1.0,2.0,0.0,0,partial_filtered,500,0.041187983086786686,0.004703285483742818,0.08646666666666666,0.009031620643827948,3.586,0.38018718098480175,0.007362962962962963,0.00043953897407712485,162.324,0.5754966905914954,7198.766,3.813227490694934,0.0,0.0
0.0,1.0,2.0,0.0,0,partial_random,500,0.031465112234649185,0.004001158224750486,0.0664,0.00790952175558912,2.678,0.31952593893344966,0.006177777777777778,0.00034083108661269444,162.324,0.5754966905914954,7198.766,3.813227490694934,0.0,0.0
0.0,1.0,2.0,0.5,0,oracle_filtered,500,0.13990094927469363,0.007568951182363561,0.2679333333333333,0.012716926970548333,11.812,0.5961611596342998,0.023029629629629633,0.0007983683959029269,200.0,0.0,7198.766,3.813227490694934,0.0,0.0
0.0,1.0,2.0,0.5,0,matched_random,500,0.04528781036256175,0.0046214589259823595,0.09846666666666666,0.00887829133352216,3.882,0.35492547977340927,0.010414814814814814,0.0004545674148839607,200.0,0.0,7198.766,3.813227490694934,0.0,0.0
0.0,1.0,2.0,0.5,0,mixture_half,500,0.07652083991701147,0.0058436193917876115,0.16306666666666667,0.010833072398070192,6.56,0.4453419572843274,0.013977777777777778,0.000566128734678959,200.0,0.0,7198.766,3.813227490694934,0.0,0.0
0.0,1.0,2.0,0.5,0,partial_filtered,500,0.03470284129236241,0.00445128353814038,0.07,0.008213093803168163,2.94,0.3509631751346588,0.00697037037037037,0.00040707583519553704,162.324,0.5754966905914954,7198.766,3.813227490694934,0.0,0.0
0.0,1.0,2.0,0.5,0,partial_random,500,0.02210864895596019,0.003599507075528926,0.04786666666666666,0.006881945632210613,1.948,0.2833569733546316,0.005814814814814815,0.00033886241312825583,162.324,0.5754966905914954,7198.766,3.813227490694934,0.0,0.0
0.0,4.0,0.0,0.0,0,oracle_filtered,500,0.0,0.0,0.0,0.0,0.0,0.0,0.0,0.0,34.458,0.2506274131063895,7201.184,3.7667244010448724,0.0,0.0
0.0,4.0,0.0,0.0,0,matched_random,500,0.0012771084337349396,0.0012771084337349396,0.002,0.002,0.166,0.166,0.0,0.0,34.458,0.2506274131063895,7201.184,3.7667244010448724,0.0,0.0
0.0,4.0,0.0,0.0,0,mixture_half,500,0.0,0.0,0.0,0.0,0.0,0.0,0.0,0.0,34.458,0.2506274131063895,7201.184,3.7667244010448724,0.0,0.0
0.0,4.0,0.0,0.0,0,partial_filtered,500,0.06496751148709055,0.003565061880024707,0.6713333333333332,0.019299719702197467,22.412,0.659948160956829,0.006740740740740742,0.0004375249978426219,112.262,0.6926834288947085,7201.184,3.7667244010448724,0.0,0.0
0.0,4.0,0.0,0.0,0,partial_random,500,0.06314564179105195,0.003631488270156156,0.6541333333333335,0.019637021461780996,21.85,0.6722133154609227,0.007103703703703704,0.0004709224781269789,112.262,0.6926834288947085,7201.184,3.7667244010448724,0.0,0.0
0.0,4.0,0.0,0.5,0,oracle_filtered,500,0.0,0.0,0.0,0.0,0.0,0.0,0.0,0.0,34.458,0.2506274131063895,7201.184,3.7667244010448724,0.0,0.0
0.0,4.0,0.0,0.5,0,matched_random,500,0.0012592592592592592,0.0012592592592592592,0.002,0.002,0.162,0.16199999999999998,0.0,0.0,34.458,0.2506274131063895,7201.184,3.7667244010448724,0.0,0.0
0.0,4.0,0.0,0.5,0,mixture_half,500,0.0012307692307692308,0.0012307692307692306,0.002,0.002,0.156,0.156,0.0,0.0,34.458,0.2506274131063895,7201.184,3.7667244010448724,0.0,0.0
0.0,4.0,0.0,0.5,0,partial_filtered,500,0.062395667587836184,0.003243090894391942,0.6945999999999999,0.01882496553898511,22.972,0.6356024015260258,0.006622222222222222,0.00038979197661713195,112.262,0.6926834288947085,7201.184,3.7667244010448724,0.0,0.0
0.0,4.0,0.0,0.5,0,partial_random,500,0.06543327009791651,0.0033792562932992163,0.7066,0.018566459488739504,23.458,0.6313014771962919,0.006962962962962963,0.0004138243521923262,112.262,0.6926834288947085,7201.184,3.7667244010448724,0.0,0.0
0.0,4.0,2.0,0.0,0,oracle_filtered,500,0.15387107609472297,0.012974404280656921,0.222,0.018604414758250098,22.964,2.0066316426036432,0.0,0.0,34.458,0.2506274131063895,7201.184,3.7667244010448724,0.0,0.0
0.0,4.0,2.0,0.0,0,matched_random,500,0.0012105263157894737,0.0012105263157894737,0.002,0.002,0.152,0.15199999999999997,0.0,0.0,34.458,0.2506274131063895,7201.184,3.7667244010448724,0.0,0.0
0.0,4.0,2.0,0.0,0,mixture_half,500,0.0035068939118025255,0.0020439003428423513,0.006,0.003457152557758369,0.454,0.2677295767234263,0.0,0.0,34.458,0.2506274131063895,7201.184,3.7667244010448724,0.0,0.0
0.0,4.0,2.0,0.0,0,partial_filtered,500,0.09687537040436581,0.004408395844512328,0.9157333333333334,0.01241468018612655,31.172,0.46555592213317026,0.010600000000000002,0.0005946430605524682,112.262,0.6926834288947085,7201.184,3.7667244010448724,0.0,0.0
0.0,4.0,2.0,0.0,0,partial_random,500,0.0675934649046018,0.0033478173106703552,0.8935333333333333,0.013774624839458407,29.214,0.4677242134845699,0.007474074074074075,0.0004487555331013501,112.262,0.6926834288947085,7201.184,3.7667244010448724,0.0,0.0
0.0,4.0,2.0,0.5,0,oracle_filtered,500,0.16450325051272602,0.013475442063360118,0.232,0.018896193591952035,25.364,2.1565445455064234,0.0,0.0,34.458,0.2506274131063895,7201.184,3.7667244010448724,0.0,0.0
0.0,4.0,2.0,0.5,0,matched_random,500,0.0012307692307692308,0.0012307692307692306,0.002,0.002,0.156,0.15600000000000003,0.0,0.0,34.458,0.2506274131063895,7201.184,3.7667244010448724,0.0,0.0
0.0,4.0,2.0,0.5,0,mixture_half,500,0.007921632566069906,0.0032258511673230565,0.012,0.004874373707264981,1.076,0.43993583062776354,0.0,0.0,34.458,0.2506274131063895,7201.184,3.7667244010448724,0.0,0.0
0.0,4.0,2.0,0.5,0,partial_filtered,500,0.09724559834239213,0.0045240859693879846,0.9013333333333333,0.013302435810251466,30.812,0.5050221844767091,0.010785185185185186,0.0006039387338767229,112.262,0.6926834288947085,7201.184,3.7667244010448724,0.0,0.0
0.0,4.0,2.0,0.5,0,partial_random,500,0.06740059523579014,0.003313469945743807,0.8894000000000001,0.013999783374600411,29.08,0.4747694303807355,0.007481481481481482,0.0004523530018094711,112.262,0.6926834288947085,7201.184,3.7667244010448724,0.0,0.0
1.2,1.0,0.0,0.0,0,oracle_filtered,500,0.0814744487809499,0.003468610999780445,0.9113333333333334,0.0053512557912843385,30.146,0.24757211455211914,0.010940740740740742,0.00047512443482694306,200.0,0.0,7084.314,4.808403508088021,0.0002164525993883792,4.8419337437318e-06
1.2,1.0,0.0,0.0,0,matched_random,500,0.07655897313131593,0.0032320343551613838,0.9088666666666668,0.0054768686270252245,29.868,0.24386079671885086,0.010103703703703705,0.00042884420050210586,200.0,0.0,7084.314,4.808403508088021,0.0002164525993883792,4.8419337437318e-06
1.2,1.0,0.0,0.0,0,mixture_half,500,0.0798166812286103,0.003256810079835303,0.9162666666666668,0.004482047119526098,30.206,0.2214163010184964,0.01048148148148148,0.00042352548546328487,200.0,0.0,7084.314,4.808403508088021,0.0002164525993883792,4.8419337437318e-06
1.2,1.0,0.0,0.0,0,partial_filtered,500,0.07134128085935271,0.0035479815104633976,0.8988666666666668,0.00552979098046992,29.436,0.25771426286211857,0.0065259259259259255,0.000340975428973949,168.106,0.6694040121353664,7084.314,4.808403508088021,0.0002164525993883792,4.8419337437318e-06
1.2,1.0,0.0,0.0,0,partial_random,500,0.06717946596506211,0.003470666635874746,0.8902666666666668,0.006585128620536513,29.018,0.27686216302454414,0.006318518518518518,0.0003515426768837298,168.106,0.6694040121353664,7084.314,4.808403508088021,0.0002164525993883792,4.8419337437318e-06
1.2,1.0,0.0,0.5,0,oracle_filtered,500,0.0756876986323453,0.003214033408413856,0.9138000000000001,0.004770998074095589,29.974,0.2225977257183684,0.009859259259259259,0.0004333633067755818,200.0,0.0,7084.314,4.808403508088021,0.0002164525993883792,4.8419337437318e-06
1.2,1.0,0.0,0.5,0,matched_random,500,0.07501282327373485,0.0032162979657603358,0.9102,0.004720739311610551,29.846,0.2256244241245239,0.009696296296296297,0.00041681862193648404,200.0,0.0,7084.314,4.808403508088021,0.0002164525993883792,4.8419337437318e-06
1.2,1.0,0.0,0.5,0,mixture_half,500,0.07561588984618145,0.003115078158839062,0.9187333333333335,0.004436181474965188,30.108,0.2111156356673908,0.009777777777777778,0.0004220071825863717,200.0,0.0,7084.314,4.808403508088021,0.0002164525993883792,4.8419337437318e-06
1.2,1.0,0.0,0.5,0,partial_filtered,500,0.06302156546327507,0.003341869781087063,0.8913333333333335,0.006629220149175854,28.89,0.27081817695631116,0.005977777777777778,0.00033804629796868667,168.106,0.6694040121353664,7084.314,4.808403508088021,0.0002164525993883792,4.8419337437318e-06
1.2,1.0,0.0,0.5,0,partial_random,500,0.060063091165436545,0.0031646187370026027,0.8851333333333334,0.007231743650909159,28.574,0.2800677129690165,0.005748148148148148,0.0003272323230706965,168.106,0.6694040121353664,7084.314,4.808403508088021,0.0002164525993883792,4.8419337437318e-06
1.2,1.0,2.0,0.0,0,oracle_filtered,500,0.5918238633004088,0.005484252723060418,0.7038666666666666,0.007167329822823408,56.876,0.9119564557336652,0.09756296296296298,0.0016672400277203516,200.0,0.0,7084.314,4.808403508088021,0.0002164525993883792,4.8419337437318e-06
1.2,1.0,2.0,0.0,0,matched_random,500,0.015818886565790592,0.003024425828118087,0.023666666666666666,0.004299492754099229,0.984,0.1787046689861092,0.009696296296296297,0.0003854310401857056,200.0,0.0,7084.314,4.808403508088021,0.0002164525993883792,4.8419337437318e-06
1.2,1.0,2.0,0.0,0,mixture_half,500,0.055899479044876556,0.006095048921578124,0.0684,0.007240699929629861,3.256,0.35212058419186915,0.016585185185185182,0.0006200478561594345,200.0,0.0,7084.314,4.808403508088021,0.0002164525993883792,4.8419337437318e-06
1.2,1.0,2.0,0.0,0,partial_filtered,500,0.140696064129392,0.009333668615802204,0.16393333333333335,0.010641343939847857,8.808,0.5925237892960614,0.019325925925925927,0.0007701159021110919,168.106,0.6694040121353664,7084.314,4.808403508088021,0.0002164525993883792,4.8419337437318e-06
1.2,1.0,2.0,0.0,0,partial_random,500,0.007849106347513627,0.0023406687132854903,0.010733333333333334,0.0031094901461572785,0.496,0.14899788165432068,0.005851851851851852,0.00028887385367966145,168.106,0.6694040121353664,7084.314,4.808403508088021,0.0002164525993883792,4.8419337437318e-06
1.2,1.0,2.0,0.5,0,oracle_filtered,500,0.5926645305921654,0.005517811981005482,0.7106,0.007023337374003294,57.354,0.8823459847892704,0.09965185185185185,0.0016179378227033298,200.0,0.0,7084.314,4.808403508088021,0.0002164525993883792,4.8419337437318e-06
1.2,1.0,2.0,0.5,0,matched_random,500,0.02064702552349611,0.003782231744441207,0.026933333333333333,0.0047204496915634175,1.21,0.21274944100819299,0.009733333333333333,0.00040373764716275284,200.0,0.0,7084.314,4.808403508088021,0.0002164525993883792,4.8419337437318e-06
1.2,1.0,2.0,0.5,0,mixture_half,500,0.06667143937162916,0.006441472492791479,0.08733333333333333,0.008094245573280992,4.082,0.3893040808091656,0.017037037037037038,0.0006546077785017562,200.0,0.0,7084.314,4.808403508088021,0.0002164525993883792,4.8419337437318e-06
1.2,1.0,2.0,0.5,0,partial_filtered,500,0.13785427940896336,0.009027744657126592,0.17360000000000003,0.01102786252853839,9.008,0.5933363025602527,0.01965185185185185,0.000799708211052162,168.106,0.6694040121353664,7084.314,4.808403508088021,0.0002164525993883792,4.8419337437318e-06
1.2,1.0,2.0,0.5,0,partial_random,500,0.011833210174758161,0.002827209765981155,0.017866666666666666,0.0040747589689014265,0.794,0.18241073255349147,0.006377777777777778,0.0003462301346906293,168.106,0.6694040121353664,7084.314,4.808403508088021,0.0002164525993883792,4.8419337437318e-06
1.2,4.0,0.0,0.0,0,oracle_filtered,500,0.07593533670904393,0.0031516526130914153,0.9078666666666668,0.005223208404256028,29.786,0.2307094747153807,0.009407407407407408,0.0003986253459990513,198.972,0.19570137981148786,7021.316,12.970329339471249,0.00034404781762579925,6.9113123850530045e-06
1.2,4.0,0.0,0.0,0,matched_random,500,0.07647623278671006,0.0032553698060323187,0.9044666666666668,0.005235926626017964,29.734,0.2425120867595034,0.009748148148148148,0.0004205120314046224,198.972,0.19570137981148786,7021.316,12.970329339471249,0.00034404781762579925,6.9113123850530045e-06
1.2,4.0,0.0,0.0,0,mixture_half,500,0.07662825709264172,0.003271618029909034,0.8959333333333334,0.006295463193821455,29.476,0.26638462706972815,0.009718518518518519,0.00042031743853441567,198.972,0.19570137981148786,7021.316,12.970329339471249,0.00034404781762579925,6.9113123850530045e-06
1.2,4.0,0.0,0.0,0,partial_filtered,500,0.060889529521413514,0.0033425923077240703,0.7974666666666667,0.014150495623337917,26.008,0.48771672845457004,0.006955555555555556,0.00040351629941578343,134.784,0.8492709876245871,7021.316,12.970329339471249,0.00034404781762579925,6.9113123850530045e-06
1.2,4.0,0.0,0.0,0,partial_random,500,0.05992684285053187,0.0031941309307184813,0.7996666666666667,0.01405288703201359,26.016,0.48077205778111337,0.006814814814814815,0.0003833687308207449,134.784,0.8492709876245871,7021.316,12.970329339471249,0.00034404781762579925,6.9113123850530045e-06
1.2,4.0,0.0,0.5,0,oracle_filtered,500,0.08004971928151294,0.00333679327190932,0.9205333333333334,0.004046199467020935,30.344,0.21007520363518567,0.01,0.0004364681726329728,198.972,0.19570137981148786,7021.316,12.970329339471249,0.00034404781762579925,6.9113123850530045e-06
1.2,4.0,0.0,0.5,0,matched_random,500,0.07453616478672677,0.0031009768619017137,0.9158666666666667,0.004708710311165663,29.98,0.2159919095939013,0.009414814814814815,0.00040869872207107804,198.972,0.19570137981148786,7021.316,12.970329339471249,0.00034404781762579925,6.9113123850530045e-06
1.2,4.0,0.0,0.5,0,mixture_half,500,0.07591413332941359,0.0030462855018303673,0.9160000000000001,0.004859550438149792,30.02,0.21732385814410088,0.009266666666666668,0.0003801859723299121,198.972,0.19570137981148786,7021.316,12.970329339471249,0.00034404781762579925,6.9113123850530045e-06
1.2,4.0,0.0,0.5,0,partial_filtered,500,0.06510152819997964,0.0034729841765136923,0.8407333333333333,0.012483319175057721,27.476,0.4387663156619011,0.007488888888888889,0.0004487506324425337,134.784,0.8492709876245871,7021.316,12.970329339471249,0.00034404781762579925,6.9113123850530045e-06
1.2,4.0,0.0,0.5,0,partial_random,500,0.06593090648981109,0.0034107653164962577,0.8389333333333334,0.012333935965345325,27.428,0.43291623315586086,0.0072370370370370375,0.00039902112674329376,134.784,0.8492709876245871,7021.316,12.970329339471249,0.00034404781762579925,6.9113123850530045e-06
1.2,4.0,2.0,0.0,0,oracle_filtered,500,0.7512259742707985,0.002138559672926572,0.9786000000000001,0.0013160503110774366,121.806,0.9264628404796272,0.20710370370370368,0.002799208632915496,198.972,0.19570137981148786,7021.316,12.970329339471249,0.00034404781762579925,6.9113123850530045e-06
1.2,4.0,2.0,0.0,0,matched_random,500,0.06090046345871902,0.0036421704353332336,0.2884,0.012989461497605407,9.91,0.45280223025007166,0.008859259259259261,0.0003440645428598039,198.972,0.19570137981148786,7021.316,12.970329339471249,0.00034404781762579925,6.9113123850530045e-06
1.2,4.0,2.0,0.0,0,mixture_half,500,0.11928613374497471,0.005868829819092674,0.4162666666666667,0.01469029007809207,16.048,0.623523017945461,0.01803703703703704,0.0007042347802841122,198.972,0.19570137981148786,7021.316,12.970329339471249,0.00034404781762579925,6.9113123850530045e-06
1.2,4.0,2.0,0.0,0,partial_filtered,500,0.3731247575564247,0.007918798589755565,0.7641333333333333,0.010900883790947245,41.938,0.8960994925794804,0.046,0.0015096738580279163,134.784,0.8492709876245871,7021.316,12.970329339471249,0.00034404781762579925,6.9113123850530045e-06
1.2,4.0,2.0,0.0,0,partial_random,500,0.03647474555426901,0.003732294526991223,0.13379999999999997,0.01231243639405675,5.008,0.4656710976024651,0.0071111111111111115,0.00037419534577068977,134.784,0.8492709876245871,7021.316,12.970329339471249,0.00034404781762579925,6.9113123850530045e-06
1.2,4.0,2.0,0.5,0,oracle_filtered,500,0.7527811021030488,0.0022545566160211247,0.9792666666666666,0.00127940018789771,123.01,0.977471585982327,0.21008888888888888,0.002819681090090368,198.972,0.19570137981148786,7021.316,12.970329339471249,0.00034404781762579925,6.9113123850530045e-06
1.2,4.0,2.0,0.5,0,matched_random,500,0.06694166123649592,0.0039903821212259665,0.3356,0.013283086350250026,11.554,0.46966300117141296,0.009925925925925927,0.0004110248768971887,198.972,0.19570137981148786,7021.316,12.970329339471249,0.00034404781762579925,6.9113123850530045e-06
1.2,4.0,2.0,0.5,0,mixture_half,500,0.11995913797642782,0.005662565175928385,0.4508,0.014329940410277426,17.05,0.5981191294265482,0.017577777777777776,0.0006543029125874338,198.972,0.19570137981148786,7021.316,12.970329339471249,0.00034404781762579925,6.9113123850530045e-06
1.2,4.0,2.0,0.5,0,partial_filtered,500,0.36997978004677096,0.007970838378660798,0.7708666666666668,0.010556347941053956,41.944,0.8740673403296005,0.046407407407407404,0.0015061143323677334,134.784,0.8492709876245871,7021.316,12.970329339471249,0.00034404781762579925,6.9113123850530045e-06
1.2,4.0,2.0,0.5,0,partial_random,500,0.03826389885720134,0.003808556002322884,0.14686666666666667,0.012778813391663306,5.458,0.48061466155935323,0.007377777777777778,0.0004104337574011467,134.784,0.8492709876245871,7021.316,12.970329339471249,0.00034404781762579925,6.9113123850530045e-06
1.2,1.0,2.0,0.5,1,oracle_filtered,500,0.0,0.0,0.0,0.0,0.0,0.0,0.010133333333333333,0.0003956566687295076,200.0,0.0,7082.808,5.711973700842663,0.00022349457881567974,5.2260887356606714e-06
1.2,1.0,2.0,0.5,1,matched_random,500,0.004,0.002825591608118863,0.0,0.0,0.062,0.04381954249657586,0.0111,0.0004270183712426873,200.0,0.0,7082.808,5.711973700842663,0.00022349457881567974,5.2260887356606714e-06
1.2,1.0,2.0,0.5,1,mixture_half,500,0.0,0.0,0.0,0.0,0.0,0.0,0.010166666666666666,0.0003924101798836652,200.0,0.0,7082.808,5.711973700842663,0.00022349457881567974,5.2260887356606714e-06
1.2,1.0,2.0,0.5,1,partial_filtered,500,0.0,0.0,0.0,0.0,0.0,0.0,0.010286666666666664,0.0004163921340070804,199.856,0.05023519832050631,7082.808,5.711973700842663,0.00022349457881567974,5.2260887356606714e-06
1.2,1.0,2.0,0.5,1,partial_random,500,0.0,0.0,0.0,0.0,0.0,0.0,0.010153333333333332,0.00040338922637836834,199.856,0.05023519832050631,7082.808,5.711973700842663,0.00022349457881567974,5.2260887356606714e-06
