dataset,detector,strategy,seeds,n_calib_mean,n_calib_sd,m_test_mean,m_test_sd,n_null_mean,n_null_sd,gamma_t_lo_mean,gamma_t_lo_sd,t_lo_mean,t_lo_sd,fdp_mean,fdp_sd,power_mean,power_sd,n_discoveries_mean,n_discoveries_sd,delta_test_minus_calib_mean,delta_test_minus_calib_sd
amazon,dominant_pygod,clean,5,221.6,4.774934554525329,2821.0,0.0,2000.0,0.0,13.145474334564408,0.28436240130822743,0.04494,0.0009509206065702867,0.7853685889409249,0.012965689119556938,0.40438489646772224,0.04863726043386457,1542.4,96.87001600082453,1.2467103362733696,0.019317620656490547
amazon,dominant_pygod,weighted,5,221.6,4.774934554525329,2821.0,0.0,2000.0,0.0,9.54565527698568,1.1575449956286634,0.04494,0.0009509206065702867,0.8439693698576937,0.013875445330449031,0.1958587088915956,0.0480109639561777,1019.8,155.4081722432897,1.2467103362733696,0.019317620656490547
amazon,dominant_pygod,random,5,221.6,4.774934554525329,2821.0,0.0,2000.0,0.0,0.9678266860515304,0.2693133448796684,0.04494,0.0009509206065702867,0.0,0.0,0.0,0.0,0.0,0.0,0.015175793310269298,0.03543640688546513
amazon,dominant_pygod,exposed_only,5,221.6,4.774934554525329,2821.0,0.0,2000.0,0.0,0.8839103954889295,0.22377821174835769,0.04494,0.0009509206065702867,0.0,0.0,0.0,0.0,0.0,0.0,-0.013711785893104459,0.04715620507486972
amazon,dominant_pygod,random_full,5,4000.0,0.0,2821.0,0.0,2000.0,0.0,1.3199999999999998,0.7293833011524187,0.0025,0.0,0.0,0.0,0.0,0.0,0.0,0.0,-0.0029631376458702056,0.021994670582912493
amazon,gae,clean,5,216.4,3.4351128074635335,2821.0,0.0,2000.0,0.0,0.7852476440877844,0.07563694319109796,0.046008,0.0007202568986132669,0.07510577971646674,0.10579411654786053,0.06017052375152254,0.08309228470971629,61.2,85.23320949019813,0.05067091594426361,0.034428849726792644
amazon,gae,weighted,5,216.4,3.4351128074635335,2821.0,0.0,2000.0,0.0,2.0627943016303085,0.26657498652792094,0.046008,0.0007202568986132669,0.18451748797556897,0.039309888588028745,0.1995127892813642,0.04428159829645542,202.0,50.70009861923347,0.05067091594426361,0.034428849726792644
amazon,gae,random,5,216.4,3.4351128074635335,2821.0,0.0,2000.0,0.0,0.8928167131276922,0.2156468330606088,0.046008,0.0007202568986132669,0.0,0.0,0.0,0.0,0.0,0.0,0.0009971022425377652,0.041887942531206285
amazon,gae,exposed_only,5,216.4,3.4351128074635335,2821.0,0.0,2000.0,0.0,0.8496075492623769,0.335646742451716,0.046008,0.0007202568986132669,0.0,0.0,0.0,0.0,0.0,0.0,-0.008729955575323975,0.11308091537835771
amazon,gae,random_full,5,4000.0,0.0,2821.0,0.0,2000.0,0.0,0.72,0.6418722614352486,0.0025,0.0,0.03688385055347885,0.032416735110626003,0.11327649208282582,0.005647757914431004,96.6,4.560701700396551,-0.019764156487371655,0.02849964811474747
reddit,dominant_pygod,clean,5,559.6,13.164345787011218,2366.0,0.0,2000.0,0.0,1.860216548308874,0.5337656329267576,0.017845999999999997,0.0004191419807177512,0.0,0.0,0.0,0.0,0.0,0.0,0.12565760209009535,0.024737123586758114
reddit,dominant_pygod,weighted,5,559.6,13.164345787011218,2366.0,0.0,2000.0,0.0,1.7756513691633047,0.5936054309366947,0.017845999999999997,0.0004191419807177512,0.0,0.0,0.0,0.0,0.0,0.0,0.12565760209009535,0.024737123586758114
reddit,dominant_pygod,random,5,559.6,13.164345787011218,2366.0,0.0,2000.0,0.0,0.7898110318241974,0.42631020514823104,0.017845999999999997,0.0004191419807177512,0.0,0.0,0.0,0.0,0.0,0.0,-0.018566353821883697,0.04434019262043265
reddit,dominant_pygod,exposed_only,5,559.6,13.164345787011218,2366.0,0.0,2000.0,0.0,0.08337719992444177,0.038170396008478547,0.017845999999999997,0.0004191419807177512,0.0,0.0,0.0,0.0,0.0,0.0,-1.4838903328931976,0.0459872062223022
reddit,dominant_pygod,random_full,5,4000.0,0.0,2366.0,0.0,2000.0,0.0,1.1199999999999999,0.6099180272790763,0.0025,0.0,0.0,0.0,0.0,0.0,0.0,0.0,0.013162445322650648,0.02265644132005721
reddit,gae,clean,5,578.2,12.96919426949878,2366.0,0.0,2000.0,0.0,0.850550109103386,0.22960634997137647,0.01727,0.00038542184681203564,0.0,0.0,0.0,0.0,0.0,0.0,0.049859031660888856,0.03888938531129973
reddit,gae,weighted,5,578.2,12.96919426949878,2366.0,0.0,2000.0,0.0,0.966469483054387,0.2713992417359822,0.01727,0.00038542184681203564,0.0,0.0,0.0,0.0,0.0,0.0,0.049859031660888856,0.03888938531129973
reddit,gae,random,5,578.2,12.96919426949878,2366.0,0.0,2000.0,0.0,0.7768734340041045,0.19889102994516225,0.01727,0.00038542184681203564,0.0,0.0,0.0,0.0,0.0,0.0,-0.03255821777535112,0.04455235184959383
reddit,gae,exposed_only,5,578.2,12.96919426949878,2366.0,0.0,2000.0,0.0,0.346444949416176,0.07411752585467365,0.01727,0.00038542184681203564,0.0,0.0,0.0,0.0,0.0,0.0,-0.4332183157523238,0.025646341093874953
reddit,gae,random_full,5,4000.0,0.0,2366.0,0.0,2000.0,0.0,1.44,0.6841052550594827,0.0025,0.0,0.12380952380952381,0.12302867316917916,0.008196721311475409,0.007482548599797351,3.8,3.492849839314596,0.004907913514118228,0.025447884582570517
tolokers,dominant_pygod,clean,5,638.0,7.842193570679061,4566.0,0.0,2000.0,0.0,15.15330565332641,0.8107208314097991,0.015653999999999998,0.00019191143790821816,0.38197790130759623,0.0077261698437379655,0.3715510522213562,0.016452570161396913,1543.2,80.0699694017676,0.9305657233228108,0.029544776166057485
tolokers,dominant_pygod,weighted,5,638.0,7.842193570679061,4566.0,0.0,2000.0,0.0,14.724327214647285,0.6352143550242049,0.015653999999999998,0.00019191143790821816,0.36564528492211024,0.008998042320139852,0.33296960249415436,0.009888236252095424,1347.4,54.898087398378465,0.9305657233228108,0.029544776166057485
tolokers,dominant_pygod,random,5,638.0,7.842193570679061,4566.0,0.0,2000.0,0.0,0.6622045021946927,0.35661583672542135,0.015653999999999998,0.00019191143790821816,0.015781103522164188,0.027382960963778877,0.05362431800467653,0.005501701166509993,140.2,18.539147768977948,-0.038453059082408814,0.037615660322684395
tolokers,dominant_pygod,exposed_only,5,638.0,7.842193570679061,4566.0,0.0,2000.0,0.0,0.9359355688707393,0.3421273337707602,0.015653999999999998,0.00019191143790821816,0.016230522277033903,0.01895388771241031,0.05245518316445831,0.005333499229032904,137.0,15.937377450509228,-0.10121453514875409,0.02871155402495995
tolokers,dominant_pygod,random_full,5,4000.0,0.0,4566.0,0.0,2000.0,0.0,0.76,0.5549774770204644,0.0025,0.0,0.0327497952672836,0.019994006422078197,0.06102883865939205,0.0010529427970464768,162.0,6.041522986797286,-0.025644574609071692,0.021176569269852043
tolokers,gae,clean,5,629.2,12.949903474543738,4566.0,0.0,2000.0,0.0,0.35149896702140493,0.12637848605923815,0.015874,0.00032822248551858825,0.0,0.0,0.0,0.0,0.0,0.0,-0.06487860157957745,0.025941404424696456
tolokers,gae,weighted,5,629.2,12.949903474543738,4566.0,0.0,2000.0,0.0,0.3445439406911715,0.14359429465282622,0.015874,0.00032822248551858825,0.0,0.0,0.0,0.0,0.0,0.0,-0.06487860157957745,0.025941404424696456
tolokers,gae,random,5,629.2,12.949903474543738,4566.0,0.0,2000.0,0.0,0.8800162375429459,0.48310600587367186,0.015874,0.00032822248551858825,0.0,0.0,0.0,0.0,0.0,0.0,-0.021432168419627955,0.047989331003349726
tolokers,gae,exposed_only,5,629.2,12.949903474543738,4566.0,0.0,2000.0,0.0,0.9626177433906713,0.21004248671931103,0.015874,0.00032822248551858825,0.0,0.0,0.0,0.0,0.0,0.0,0.007122509469695809,0.03409866674256214
tolokers,gae,random_full,5,4000.0,0.0,4566.0,0.0,2000.0,0.0,0.76,0.38470768123342686,0.0025,0.0,0.0,0.0,0.0,0.0,0.0,0.0,0.0012318911207146338,0.02981810059223142
weibo,dominant_pygod,clean,5,1750.4,19.0473095212946,2347.0,0.0,2000.0,0.0,1.4742569544629869,0.4989041310195678,0.00571,6.0000000000000266e-05,0.15128205128205127,0.20956735119694925,0.016714697406340056,0.02291020969954097,9.4,12.992305415129373,0.08197866744643412,0.016830415763023708
weibo,dominant_pygod,weighted,5,1750.4,19.0473095212946,2347.0,0.0,2000.0,0.0,1.439165346897975,0.47912688802083053,0.00571,6.0000000000000266e-05,0.15128205128205127,0.20956735119694925,0.035734870317002884,0.005617748901907184,16.0,7.0710678118654755,0.08197866744643412,0.016830415763023708
weibo,dominant_pygod,random,5,1750.4,19.0473095212946,2347.0,0.0,2000.0,0.0,0.7891189909794301,0.2938465475926074,0.00571,6.0000000000000266e-05,0.0,0.0,0.0,0.0,0.0,0.0,-0.00033085028729923084,0.02707787881917886
weibo,dominant_pygod,exposed_only,5,1750.4,19.0473095212946,2347.0,0.0,2000.0,0.0,0.1753011307767945,0.18714426037441495,0.00571,6.0000000000000266e-05,0.0,0.0,0.0,0.0,0.0,0.0,-0.15427307463533757,0.009150021445294644
weibo,dominant_pygod,random_full,5,4000.0,0.0,2347.0,0.0,2000.0,0.0,0.72,0.4604345773288535,0.0025,0.0,0.0641025641025641,0.0652147113762045,0.03170028818443804,0.0,11.8,0.8366600265340756,-0.005074804753626125,0.007165819635380258
weibo,gae,clean,5,1752.6,27.53724750224684,2347.0,0.0,2000.0,0.0,2.837060934272448,0.35353190051435524,0.0057020000000000005,8.871302046486764e-05,0.2786324491111725,0.1605768578302479,0.06685878962536022,0.03578596328824296,36.0,26.086394921491163,0.10206960480755112,0.016680648907009172
weibo,gae,weighted,5,1752.6,27.53724750224684,2347.0,0.0,2000.0,0.0,2.8895680906184507,0.3765486271401258,0.0057020000000000005,8.871302046486764e-05,0.2786324491111725,0.1605768578302479,0.06685878962536022,0.03578596328824296,36.0,26.086394921491163,0.10206960480755112,0.016680648907009172
weibo,gae,random,5,1752.6,27.53724750224684,2347.0,0.0,2000.0,0.0,1.1377236945368059,0.337561447229814,0.0057020000000000005,8.871302046486764e-05,0.08444444444444445,0.1158969316480471,0.014985590778097985,0.020620799792505265,6.6,9.09945053286186,0.01021108757678704,0.04302856317994863
weibo,gae,exposed_only,5,1752.6,27.53724750224684,2347.0,0.0,2000.0,0.0,0.4559110351745492,0.3311156887922018,0.0057020000000000005,8.871302046486764e-05,0.0,0.0,0.0,0.0,0.0,0.0,-0.1272338039632263,0.03804377098929474
weibo,gae,random_full,5,4000.0,0.0,2347.0,0.0,2000.0,0.0,1.3599999999999999,0.8763560920082657,0.0025,0.0,0.16468286099865045,0.08141169792569855,0.03515850144092219,0.0031569023487329454,14.8,2.6832815729997477,0.0030055792519870198,0.029296249934743425
