seed,trim,method,repetitions,n_calib,pool_size,fdp_mean,fdp_mcse,power_mean,power_mcse,discoveries_mean,discoveries_mcse,tail001_mean,tail001_mcse,tail005_mean,tail005_mcse,tail001_exact,tail001_error,tail001_zerror,tail005_exact,tail005_error,tail005_zerror
0,0.0,clean,200,1783,4275,0.026679755623031935,0.008780210064618996,0.002780979827089337,0.0010568605135531618,2.215,0.7947970728020286,0.022314999999999995,0.0001530391449907424,0.0692775,0.00025878284633605234,0.022500341498116163,-0.00018534149811616843,-1.2110724882014994,0.06949119710403732,-0.00021369710403731923,-0.8257777015089118
0,0.0,random,200,1783,6058,0.0,0.0,0.0,0.0,0.0,0.0,0.009545,8.890667570505952e-05,0.04937250000000001,0.0002545070488998261,0.00964245159506212,-9.74515950621195e-05,-1.096111110772008,0.0490838125190329,0.00028868748096710917,1.1343005320089836
0,0.0,exposed_only,200,1783,1783,0.0,0.0,0.0,0.0,0.0,0.0,0.003500000000000001,6.148564340033441e-20,0.015000000000000005,3.689138604020064e-19,0.0035,8.673617379884035e-19,8.673617379884035e-07,0.015,5.204170427930421e-18,5.204170427930421e-06
0,0.0,random_full,200,4000,6058,0.0,0.0,0.0,0.0,0.0,0.0,0.010037499999999998,5.1110470069778936e-05,0.05012500000000001,9.666226236139989e-05,0.009931369505032425,0.00010613049496757329,2.0764922494877833,0.05000125344575127,0.00012374655424873815,1.2801950960559538
0,0.01,clean,200,1707,4270,0.3623983160647151,0.005152545009469517,0.07557636887608067,0.0018551420642388269,43.02,1.2850113895825142,0.022234999999999994,0.00012174970205199167,0.06133750000000001,0.00019816803881564807,0.0223921382059465,-0.00015713820594650402,-1.290666041050352,0.061457995414418806,-0.00012049541441879613,-0.608046661504738
0,0.01,random,200,1707,5977,0.10521473260356774,0.007314861062627506,0.02059077809798271,0.001406686016243113,8.985,0.6221407966483724,0.01233,0.00012903974690538973,0.049325,0.00022023143377390646,0.012251752590215308,7.824740978469233e-05,0.6063822323060065,0.04925857975874283,6.642024125717155e-05,0.3015929203156338
0,0.01,exposed_only,200,1707,1707,0.0,0.0,0.0,0.0,0.0,0.0,0.0055,0.0,0.02550000000000001,7.378277208040128e-19,0.0055,0.0,0.0,0.0255,1.0408340855860843e-17,1.0408340855860843e-05
0,0.01,random_full,200,4000,5977,0.14517027863777088,0.00403883874842443,0.035187319884726224,0.00029291727163900276,14.43,0.1770089285997181,0.0120225,5.494372406444936e-05,0.04928,0.0001017830977862969,0.012006423129424328,1.60768705756726e-05,0.2926061319908771,0.04924540157245231,3.459842754768849e-05,0.3399231139568096
0,0.05,clean,200,1592,4063,0.13246005810157563,0.003277256525531291,0.23634005763688762,0.0006927731048112761,94.94,0.5883133202759141,0.0135525,0.0001968788336150642,0.061335,0.00021679222621379598,0.013502695736998145,4.9804263001855184e-05,0.2529691083970563,0.06146907316959493,-0.00013407316959492682,-0.6184408543445956
0,0.05,random,200,1592,5655,0.08802175525906863,0.003712257821239995,0.22951008645533144,0.0003064600348144383,87.67,0.4377942657179025,0.010727500000000001,0.00018307114455819968,0.060230000000000006,0.00025366261769935763,0.010364605995146922,0.00036289400485307877,1.982256710793175,0.059738866865439486,0.0004911331345605202,1.936166783324037
0,0.05,exposed_only,200,1592,1592,0.024691358024691357,0.0,0.2276657060518731,5.902621766432102e-18,81.0,0.0,0.0065000000000000014,1.2297128680066881e-19,0.0535,0.0,0.0065,1.734723475976807e-18,1.734723475976807e-06,0.0535,0.0,0.0
0,0.05,random_full,200,4000,5655,0.09938311900825574,0.0028503550666580794,0.22845821325648408,0.00012415886565575343,88.205,0.2931630911113296,0.01142,8.502438314179773e-05,0.060665,7.627558471831338e-05,0.01137816677082551,4.183322917448995e-05,0.492014497826152,0.06059018288728153,7.481711271846436e-05,0.9808789141999347
1,0.0,clean,200,1821,4237,0.005972972972972973,0.004212948008456576,0.0003890489913544669,0.00027611278518115367,0.335,0.2375838915575679,0.018344999999999997,9.506609708024384e-05,0.06404750000000001,0.00029162509275372397,0.018299673362000377,4.5326637999620195e-05,0.4767907739113416,0.06377557848006393,0.0002719215199360747,0.9324352625777342
1,0.0,random,200,1821,6058,0.0,0.0,0.0,0.0,0.0,0.0,0.007885000000000001,0.0001418962569580095,0.04090499999999999,0.0003020114727096326,0.007573187905511017,0.0003118120944889842,2.1974652550648806,0.040911164536849835,-6.1645368498453035e-06,-0.020411598256640292
1,0.0,exposed_only,200,1821,1821,0.0,0.0,0.0,0.0,0.0,0.0,0.004499999999999999,6.148564340033441e-20,0.014000000000000004,2.4594257360133763e-19,0.0045,-8.673617379884035e-19,-8.673617379884035e-07,0.014,3.469446951953614e-18,3.469446951953614e-06
1,0.0,random_full,200,4000,6058,0.0,0.0,0.0,0.0,0.0,0.0,0.007282500000000001,9.421571927653031e-05,0.04137249999999999,0.0001538859094120637,0.007320179655077627,-3.7679655077626356e-05,-0.3999296016308457,0.04129686600211621,7.563399788378111e-05,0.4914939787063563
1,0.01,clean,200,1755,4222,0.3393191902480497,0.0049787015628003015,0.05399135446685878,0.0010649444767817649,29.245,0.7527002479849352,0.021272499999999996,0.0002645940642649058,0.0643,0.00029863592731857827,0.02103938821355417,0.00023311178644582625,0.8810166890684283,0.06386299638803813,0.00043700361196186144,1.463332345460483
1,0.01,random,200,1755,5977,0.2035808816548948,0.008725014160294413,0.03097982708933717,0.0012773752029581857,14.885,0.6471498199391205,0.0117425,0.00015831150118369533,0.05411250000000001,0.00018943308374220276,0.011930867254109355,-0.00018836725410935513,-1.189851986121873,0.05400845368328002,0.00010404631671998704,0.5492510318925201
1,0.01,exposed_only,200,1755,1755,0.0,0.0,0.0,0.0,0.0,0.0,0.007500000000000002,1.844569302010032e-19,0.03100000000000001,7.378277208040128e-19,0.0075,2.6020852139652106e-18,2.6020852139652106e-06,0.031,1.0408340855860843e-17,1.0408340855860843e-05
1,0.01,random_full,200,4000,5977,0.2584087586390218,0.0027424171692126847,0.04155619596541786,0.00010082834273915623,19.52,0.11094840124442293,0.0125625,9.841313160529854e-05,0.054387500000000005,6.344759044808832e-05,0.012508954617040902,5.354538295909879e-05,0.5440877867178441,0.054375616443775,1.1883556225007752e-05,0.18729720295257965
1,0.05,clean,200,1585,4070,0.09378674529748102,0.003170152860245907,0.2295533141210374,0.0004341299533036674,88.2,0.4547349993105764,0.011059999999999999,0.00010451851799090474,0.04189499999999999,0.0002823223415222625,0.011226263312359212,-0.00016626331235921298,-1.5907545911977177,0.04221151473775296,-0.0003165147377529737,-1.1211111952612327
1,0.05,random,200,1585,5655,0.09187959823299371,0.0029670850197186004,0.2286023054755043,0.0003411908997162836,87.59,0.3871159954972788,0.01004,0.00011831947213978426,0.042402499999999996,0.00028959548767619296,0.009943066878506365,9.693312149363503e-05,0.819249103639652,0.04201162751031876,0.0003908724896812335,1.3497188537629494
1,0.05,exposed_only,200,1585,1585,0.08139534883720932,9.837702944053505e-19,0.2276657060518731,5.902621766432102e-18,86.0,0.0,0.008000000000000002,1.2297128680066881e-19,0.0435,0.0,0.008,1.734723475976807e-18,1.734723475976807e-06,0.0435,0.0,0.0
1,0.05,random_full,200,4000,5655,0.1056632344858221,0.0010761928526515732,0.22785302593659934,0.00010824882849301928,88.435,0.1273182022458516,0.010579999999999999,8.255042619103558e-05,0.0430575,0.0001227397407926594,0.010557196632025072,2.280336797492663e-05,0.27623561775630084,0.043029107533318484,2.839246668151496e-05,0.23132252437682355
2,0.0,clean,200,1795,4263,0.023785653389201907,0.008282090620233768,0.0018443804034582135,0.0007179339629864312,1.52,0.5659500839185707,0.0213875,9.901763078376569e-05,0.0692025,0.0003252385575953958,0.02126236039700582,0.0001251396029941787,1.2638113233334987,0.06843578314953498,0.0007667168504650185,2.357398385153435
2,0.0,random,200,1795,6058,0.0,0.0,0.0,0.0,0.0,0.0,0.008600000000000002,0.00010345780583377796,0.045235,0.00039974725054915395,0.00857560320699797,2.439679300203154e-05,0.23581394178443157,0.0449370542196521,0.00029794578034789826,0.7453354086578315
2,0.0,exposed_only,200,1795,1795,0.0,0.0,0.0,0.0,0.0,0.0,0.003500000000000001,6.148564340033441e-20,0.016500000000000004,2.4594257360133763e-19,0.0035,8.673617379884035e-19,8.673617379884035e-07,0.0165,3.469446951953614e-18,3.469446951953614e-06
2,0.0,random_full,200,4000,6058,0.0,0.0,0.0,0.0,0.0,0.0,0.0089325,5.75545950123461e-05,0.04466749999999999,0.0001591938508887954,0.00893121223782031,1.2877621796900107e-06,0.022374619774733387,0.044834697578884385,-0.00016719757888439268,-1.0502766152769825
2,0.01,clean,200,1770,4207,0.24736935730555032,0.010910009209487785,0.0504178674351585,0.002367896861973098,26.955,1.3902622127140272,0.018409999999999996,0.0001410548914857627,0.05886750000000001,0.0002481458250757255,0.018665272211169707,-0.000255272211169711,-1.8097366810953648,0.05875793145388277,0.0001095685461172391,0.44154902095895665
2,0.01,random,200,1770,5977,0.03713620010436649,0.005715909552083741,0.009438040345821326,0.0012860344381988734,4.035,0.560884867125914,0.011555,0.00013439750162190907,0.047155,0.00030841200499351606,0.01169720895040183,-0.00014220895040183146,-1.0581219790967378,0.046953486208627195,0.00020151379137280795,0.6533915285724513
2,0.01,exposed_only,200,1770,1770,0.0,0.0,0.0,0.0,0.0,0.0,0.004499999999999999,6.148564340033441e-20,0.023499999999999997,2.4594257360133763e-19,0.0045,-8.673617379884035e-19,-8.673617379884035e-07,0.0235,-3.469446951953614e-18,-3.469446951953614e-06
2,0.01,random_full,200,4000,5977,0.052302631578947364,0.003935191717112671,0.03328530259365994,0.00025082605488515556,12.295,0.1479843635635079,0.012317499999999999,3.384443794627852e-05,0.04715,0.0001734587550355775,0.012291702639191505,2.5797360808493472e-05,0.7622333941382562,0.0473557076665609,-0.0002057076665609031,-1.1859168856522184
2,0.05,clean,200,1638,4017,0.033796533141899586,0.0019112215822605183,0.22688760806916428,0.0002244479339000572,81.575,0.23600927287804202,0.008035,0.00012453481279541857,0.04528499999999999,0.00017173040400083928,0.00801535881603414,1.9641183965860703e-05,0.15771641298507072,0.04538215799685331,-9.715799685331566e-05,-0.5657588556819608
2,0.05,random,200,1638,5655,0.02221508979217857,0.0013837076727165655,0.22554755043227664,0.00018326571491464883,80.09,0.17133674855977385,0.0058375,0.00015433181882394678,0.04416499999999999,0.00019629450492389386,0.005959164725484346,-0.00012166472548434584,-0.7883320912788194,0.044150777684364186,1.422231563580345e-05,0.07245396727390634
2,0.05,exposed_only,200,1638,1638,0.012658227848101269,2.4594257360133763e-19,0.22478386167146971,1.967540588810701e-18,79.0,0.0,0.003,0.0,0.03949999999999999,4.918851472026753e-19,0.003,0.0,0.0,0.0395,-6.938893903907228e-18,-6.938893903907228e-06
2,0.05,random_full,200,4000,5655,0.021336311906041506,0.000971937640458678,0.22685878962536016,9.172532324142876e-05,80.455,0.09944506829421056,0.006462500000000001,9.316715809089417e-05,0.04453249999999999,4.194958388279554e-05,0.006444391815897292,1.810818410270896e-05,0.19436231042963184,0.04451341034525629,1.908965474369667e-05,0.4550618379679748
3,0.0,clean,200,1793,4265,0.056257636481445925,0.012324961473430127,0.006844380403458212,0.0015820742151941617,5.72,1.297604286530416,0.025165000000000003,0.00011643306356639974,0.0752775,0.0003262913559918113,0.025006034337354967,0.00015896566264503656,1.365296572776179,0.07514735015176777,0.00013014984823223053,0.39887617567011735
3,0.0,random,200,1793,6058,0.0,0.0,0.0,0.0,0.0,0.0,0.010975000000000002,0.00014630069881023058,0.050875000000000004,0.0003171352215439316,0.011041068891333059,-6.60688913330567e-05,-0.4515965533340064,0.05077706210597198,9.793789402802455e-05,0.3088206145984878
3,0.0,exposed_only,200,1793,1793,0.0,0.0,0.0,0.0,0.0,0.0,0.0055,0.0,0.020999999999999998,2.4594257360133763e-19,0.0055,0.0,0.0,0.021,-3.469446951953614e-18,-3.469446951953614e-06
3,0.0,random_full,200,4000,6058,0.0,0.0,0.0,0.0,0.0,0.0,0.011814999999999999,5.041411423969348e-05,0.05173,9.731573232933078e-05,0.011770801892830196,4.419810716980305e-05,0.8767010555747051,0.05162024989092549,0.00010975010907450511,1.1277735515887048
3,0.01,clean,200,1753,4224,0.0991717831024413,0.009393739478496331,0.03471181556195965,0.002533367041246459,15.98,1.3190898339194903,0.01748,0.00016027771125024868,0.0590125,0.0002977182384360882,0.017486144373820196,-6.144373820196614e-06,-0.03833579711281958,0.0589595536160357,5.2946383964302957e-05,0.1778405792081464
3,0.01,random,200,1753,5977,0.009187499999999998,0.0016149042948394145,0.005749279538904899,0.0010106600883030223,2.135,0.3752839795763112,0.007685000000000001,0.00012542941317108286,0.040279999999999996,0.00022605531408291564,0.007784910319483412,-9.991031948341101e-05,-0.7965461765107329,0.04043788317464981,-0.000157883174649813,-0.69842717606675
3,0.01,exposed_only,200,1753,1753,0.0,0.0,0.0,0.0,0.0,0.0,0.0020000000000000005,3.0742821700167204e-20,0.018999999999999996,2.4594257360133763e-19,0.002,4.336808689942018e-19,4.336808689942018e-07,0.019,-3.469446951953614e-18,-3.469446951953614e-06
3,0.01,random_full,200,4000,5977,0.07975,0.0002525638409408702,0.033328530259365996,0.0001183772279634025,12.565,0.04107689810330065,0.0078425,9.826238461973014e-05,0.040894999999999994,9.606517364757998e-05,0.00780871893458008,3.378106541992044e-05,0.3437843031252625,0.04072683406475228,0.0001681659352477105,1.7505400642342652
3,0.05,clean,200,1593,4062,0.06557247579428868,0.0014184217226561272,0.2352593659942363,0.000714477783201079,87.475,0.3953204602998158,0.007790000000000002,0.00016443752154682433,0.04455,0.00031461470413873143,0.007534427874688194,0.0002555721253118077,1.554220246739929,0.04464672538114606,-9.672538114605805e-05,-0.30744075173106455
3,0.05,random,200,1593,5655,0.04491507490922684,0.0007763726546178405,0.2235446685878963,0.00029990085261568213,81.24,0.16106429940465877,0.0045449999999999996,0.00010551322287279934,0.041672499999999994,0.0002959865010333577,0.004499581353932198,4.541864606780188e-05,0.4304545423899712,0.041846876850332594,-0.00017437685033259986,-0.5891378482593285
3,0.05,exposed_only,200,1593,1593,0.01298701298701299,1.2297128680066881e-19,0.21902017291066278,3.935081177621402e-18,77.0,0.0,0.0020000000000000005,3.0742821700167204e-20,0.03699999999999999,4.918851472026753e-19,0.002,4.336808689942018e-19,4.336808689942018e-07,0.037,-6.938893903907228e-18,-6.938893903907228e-06
3,0.05,random_full,200,4000,5655,0.04806814035460616,0.0003404474981964291,0.22293948126801155,0.00012764355508179052,81.27,0.06600974497875903,0.004634999999999999,3.626916405579997e-05,0.04146249999999999,0.00014159613723686813,0.0045941570378245575,4.084296217544189e-05,1.126107073011254,0.04150482430363893,-4.2324303638936744e-05,-0.298908603475071
4,0.0,clean,200,1769,4289,0.09058785877658566,0.015309354149179763,0.010144092219020174,0.0019259501090273757,8.645,1.5958787610907361,0.029550000000000007,0.00012267946550373215,0.0788125,0.00028743444740982077,0.029525171416958575,2.482858304143215e-05,0.2023858103675616,0.0785836334284399,0.00022886657156009904,0.7962391899179143
4,0.0,random,200,1769,6058,0.0,0.0,0.0,0.0,0.0,0.0,0.011025,0.00013160919382587785,0.056749999999999995,0.00039411499992493196,0.0106402885353376,0.00038471146466239996,2.923135181356574,0.056344293655962614,0.00040570634403738065,1.0294110706637822
4,0.0,exposed_only,200,1769,1769,0.0,0.0,0.0,0.0,0.0,0.0,0.0065000000000000014,1.2297128680066881e-19,0.023,0.0,0.0065,1.734723475976807e-18,1.734723475976807e-06,0.023,0.0,0.0
4,0.0,random_full,200,4000,6058,0.0,0.0,0.0,0.0,0.0,0.0,0.01093,7.02686874945808e-05,0.0567825,0.000180645739406799,0.010898337069805244,3.16629301947563e-05,0.45059800209301165,0.05661026189388391,0.0001722381061160863,0.9534578932316836
4,0.01,clean,200,1778,4199,0.1943068966964062,0.00398941276108112,0.04930835734870316,0.001030349619053526,21.85,0.6501159540949939,0.0163925,0.00013758859639990693,0.05660000000000001,0.00028235371095569514,0.016545007056583873,-0.00015250705658387265,-1.108428028007529,0.056698646732324956,-9.864673232494459e-05,-0.34937289115503606
4,0.01,random,200,1778,5977,0.09468627450980392,0.006418192872999589,0.0207492795389049,0.001409146693262903,8.775,0.5945496796803781,0.007975,0.00013462912017836258,0.0437725,0.0002983159917009522,0.00805994862635362,-8.494862635362137e-05,-0.6309825559364697,0.04357074980019121,0.0002017501998087881,0.6762969650350935
4,0.01,exposed_only,200,1778,1778,0.0,0.0,0.0,0.0,0.0,0.0,0.0020000000000000005,3.0742821700167204e-20,0.018499999999999996,2.4594257360133763e-19,0.002,4.336808689942018e-19,4.336808689942018e-07,0.0185,-3.469446951953614e-18,-3.469446951953614e-06
4,0.01,random_full,200,4000,5977,0.11274509803921567,0.0065675574841485215,0.035244956772334295,0.0002776445744302578,14.03,0.187003614293398,0.008665,7.894642289833156e-05,0.04467749999999999,0.00012123202866350682,0.008625471189775089,3.952881022491195e-05,0.5007042595941018,0.044685626300208066,-8.126300208077808e-06,-0.0670309677868484
4,0.05,clean,200,1578,4077,0.0922536470637561,0.00431343931386663,0.2368155619596542,0.0007623103958702569,91.23,0.7529075967515741,0.012705000000000001,0.00012421562950396109,0.049015,0.00025252269911403845,0.01274895593716063,-4.395593716062865e-05,-0.35386800627393633,0.049400608397418624,-0.0003856083974186214,-1.527024694300776
4,0.05,random,200,1578,5655,0.055085815528111225,0.002934874307528211,0.23074927953890487,0.0004321607884912429,85.01,0.45456865632881344,0.010369999999999999,0.00017058280236387124,0.0474525,0.0002706682011718926,0.010392452757450732,-2.2452757450733274e-05,-0.13162380462503576,0.04739317972175995,5.932027824005065e-05,0.21916234704784646
4,0.05,exposed_only,200,1578,1578,0.024691358024691357,0.0,0.2276657060518731,5.902621766432102e-18,81.0,0.0,0.0055,0.0,0.04249999999999999,9.837702944053505e-19,0.0055,0.0,0.0,0.0425,-1.3877787807814457e-17,-1.3877787807814457e-05
4,0.05,random_full,200,4000,5655,0.05288302403307829,0.0010588335766972506,0.23020172910662823,6.638591508717382e-05,84.365,0.11257102727125003,0.0110025,8.850357713578104e-05,0.047240000000000004,0.00010508192544522767,0.010907200276157504,9.529972384249644e-05,1.0767895143524973,0.04719955417205097,4.0445827949035784e-05,0.3848980476677461
