dataset,condition,method,variant,classifier,method_key,seed,alpha,n_calib,n_train,n_test,n_test_null,n_test_alt,p_floor,bh_min_rank,in_matched_frame,frame_exact_match_frozen,jitter_scale,frac_unique_test_scores,max_tied_block,n_discoveries,realized_fdr,power,score_auroc,clf_partition_auc
synthetic,contaminated,ours_matched,none,none,ours_matched_none_contaminated,0,0.1,2794,2000,10206,9456,750,0.00035778175313059033,37,True,False,0.0,0.9986282578875172,2,826,0.09200968523002422,1.0,0.9999937958262831,
synthetic,contaminated,adadetect,score1d,logreg,adadetect_score1d_contaminated,0,0.1,2794,2000,10206,9456,750,0.00035778175313059033,37,True,False,0.0,0.9949049578679209,2,826,0.09200968523002422,1.0,0.9999937958262831,0.5379151234567902
synthetic,contaminated,adadetect,embed,logreg,adadetect_embed_contaminated,0,0.1,2794,2000,10206,9456,750,0.00035778175313059033,37,True,False,0.0,0.9924554183813443,3,821,0.08647990255785627,1.0,1.0,0.5818349010386047
synthetic,contaminated,adadetect,feat,logreg,adadetect_feat_contaminated,0,0.1,2794,2000,10206,9456,750,0.00035778175313059033,37,True,False,0.0,0.9959827552420145,2,646,0.07430340557275542,0.7973333333333333,0.9923068245910885,0.5572445375269449
synthetic,contaminated,adadetect,embed_score,logreg,adadetect_embed_score_contaminated,0,0.1,2794,2000,10206,9456,750,0.00035778175313059033,37,True,False,0.0,0.9928473446991966,2,837,0.1039426523297491,1.0,1.0,0.5819077503429355
synthetic,contaminated,ours_matched,none,none,ours_matched_none_contaminated,1,0.1,2839,2000,10161,9411,750,0.00035211267605633805,36,True,False,0.0,0.9978348587737428,2,840,0.10714285714285714,1.0,0.9999975914709737,
synthetic,contaminated,adadetect,score1d,logreg,adadetect_score1d_contaminated,1,0.1,2839,2000,10161,9411,750,0.00035211267605633805,36,True,False,0.0,0.9956697175474855,2,840,0.10714285714285714,1.0,0.9999975914709737,0.5418220155496506
synthetic,contaminated,adadetect,embed,logreg,adadetect_embed_contaminated,1,0.1,2839,2000,10161,9411,750,0.00035211267605633805,36,True,False,0.0,0.9901584489715579,3,853,0.12075029308323564,1.0,1.0,0.5782856264147229
synthetic,contaminated,adadetect,feat,logreg,adadetect_feat_contaminated,1,0.1,2839,2000,10161,9411,750,0.00035211267605633805,36,True,False,0.0,0.995571302037201,3,743,0.11709286675639301,0.8746666666666667,0.9922154925087663,0.5443481448676312
synthetic,contaminated,adadetect,embed_score,logreg,adadetect_embed_score_contaminated,1,0.1,2839,2000,10161,9411,750,0.00035211267605633805,36,True,False,0.0,0.9928156677492372,3,850,0.11764705882352941,1.0,1.0,0.5796325410884755
synthetic,contaminated,ours_matched,none,none,ours_matched_none_contaminated,2,0.1,2910,2000,10090,9340,750,0.00034352456200618345,35,True,False,0.0,0.9987115956392468,2,836,0.10287081339712918,1.0,0.999993147751606,
synthetic,contaminated,adadetect,score1d,logreg,adadetect_score1d_contaminated,2,0.1,2910,2000,10090,9340,750,0.00034352456200618345,35,True,False,0.0,0.9961347869177404,2,836,0.10287081339712918,1.0,0.999993147751606,0.5427640733399406
synthetic,contaminated,adadetect,embed,logreg,adadetect_embed_contaminated,2,0.1,2910,2000,10090,9340,750,0.00034352456200618345,35,True,False,0.0,0.9915758176412289,2,822,0.08759124087591241,1.0,1.0,0.574627403369673
synthetic,contaminated,adadetect,feat,logreg,adadetect_feat_contaminated,2,0.1,2910,2000,10090,9340,750,0.00034352456200618345,35,True,False,0.0,0.9970267591674926,2,735,0.09523809523809523,0.8866666666666667,0.9947270521056388,0.5535713577799802
synthetic,contaminated,adadetect,embed_score,logreg,adadetect_embed_score_contaminated,2,0.1,2910,2000,10090,9340,750,0.00034352456200618345,35,True,False,0.0,0.9933597621407334,2,838,0.10501193317422435,1.0,1.0,0.5749318632309217
synthetic,contaminated,ours_matched,none,none,ours_matched_none_contaminated,3,0.1,2900,2000,10100,9350,750,0.0003447087211306446,35,True,False,0.0,0.9988118811881188,2,828,0.09420289855072464,1.0,0.999996862745098,
synthetic,contaminated,adadetect,score1d,logreg,adadetect_score1d_contaminated,3,0.1,2900,2000,10100,9350,750,0.0003447087211306446,35,True,False,0.0,0.9966336633663366,2,828,0.09420289855072464,1.0,0.999996862745098,0.5388173514851485
synthetic,contaminated,adadetect,embed,logreg,adadetect_embed_contaminated,3,0.1,2900,2000,10100,9350,750,0.0003447087211306446,35,True,False,0.0,0.9932673267326733,3,843,0.1103202846975089,1.0,1.0,0.5754991336633664
synthetic,contaminated,adadetect,feat,logreg,adadetect_feat_contaminated,3,0.1,2900,2000,10100,9350,750,0.0003447087211306446,35,True,False,0.0,0.9959405940594059,2,683,0.08638360175695461,0.832,0.9940985383244206,0.5499115346534653
synthetic,contaminated,adadetect,embed_score,logreg,adadetect_embed_score_contaminated,3,0.1,2900,2000,10100,9350,750,0.0003447087211306446,35,True,False,0.0,0.9924752475247525,2,846,0.11347517730496454,1.0,1.0,0.5761202722772277
synthetic,contaminated,ours_matched,none,none,ours_matched_none_contaminated,4,0.1,2860,2000,10140,9390,750,0.0003495281370150297,36,True,False,0.0,0.9990138067061144,3,840,0.10714285714285714,1.0,0.9999971600993965,
synthetic,contaminated,adadetect,score1d,logreg,adadetect_score1d_contaminated,4,0.1,2860,2000,10140,9390,750,0.0003495281370150297,36,True,False,0.0,0.9964497041420118,3,840,0.10714285714285714,1.0,0.9999971600993965,0.5375825443786982
synthetic,contaminated,adadetect,embed,logreg,adadetect_embed_contaminated,4,0.1,2860,2000,10140,9390,750,0.0003495281370150297,36,True,False,0.0,0.991715976331361,4,804,0.06716417910447761,1.0,1.0,0.5812737672583826
synthetic,contaminated,adadetect,feat,logreg,adadetect_feat_contaminated,4,0.1,2860,2000,10140,9390,750,0.0003495281370150297,36,True,False,0.0,0.9962524654832348,2,625,0.1024,0.748,0.9865422790202343,0.546216050295858
synthetic,contaminated,adadetect,embed_score,logreg,adadetect_embed_score_contaminated,4,0.1,2860,2000,10140,9390,750,0.0003495281370150297,36,True,False,0.0,0.9912228796844181,3,821,0.08647990255785627,1.0,1.0,0.5811103550295857
synthetic,contaminated,ours_matched,none,none,ours_matched_none_contaminated,5,0.1,2813,2000,10187,9437,750,0.00035536602700781805,37,True,False,0.0,0.998723863747914,2,807,0.07063197026022305,1.0,0.9999953375013245,
synthetic,contaminated,adadetect,score1d,logreg,adadetect_score1d_contaminated,5,0.1,2813,2000,10187,9437,750,0.00035536602700781805,37,True,False,0.0,0.9951899479729066,3,807,0.07063197026022305,1.0,0.9999953375013245,0.5267007705899676
synthetic,contaminated,adadetect,embed,logreg,adadetect_embed_contaminated,5,0.1,2813,2000,10187,9437,750,0.00035536602700781805,37,True,False,0.0,0.99361931873957,2,824,0.08980582524271845,1.0,1.0,0.5832546628055365
synthetic,contaminated,adadetect,feat,logreg,adadetect_feat_contaminated,5,0.1,2813,2000,10187,9437,750,0.00035536602700781805,37,True,False,0.0,0.996171591243742,3,699,0.07010014306151645,0.8666666666666667,0.9962849775705556,0.548128104446844
synthetic,contaminated,adadetect,embed_score,logreg,adadetect_embed_score_contaminated,5,0.1,2813,2000,10187,9437,750,0.00035536602700781805,37,True,False,0.0,0.9937174830666535,2,845,0.11242603550295859,1.0,1.0,0.5855976244232846
synthetic,contaminated,ours_matched,none,none,ours_matched_none_contaminated,6,0.1,2886,2000,10114,9364,750,0.00034638032559750607,36,True,False,0.0,0.9980225430096895,2,821,0.08647990255785627,1.0,0.9999888936351986,
synthetic,contaminated,adadetect,score1d,logreg,adadetect_score1d_contaminated,6,0.1,2886,2000,10114,9364,750,0.00034638032559750607,36,True,False,0.0,0.9948586118251928,2,821,0.08647990255785627,1.0,0.9999888936351986,0.5303782380858216
synthetic,contaminated,adadetect,embed,logreg,adadetect_embed_contaminated,6,0.1,2886,2000,10114,9364,750,0.00034638032559750607,36,True,False,0.0,0.9941665018785841,2,885,0.15254237288135594,1.0,1.0,0.5765858710698042
synthetic,contaminated,adadetect,feat,logreg,adadetect_feat_contaminated,6,0.1,2886,2000,10114,9364,750,0.00034638032559750607,36,True,False,0.0,0.9964405774174412,2,661,0.0680786686838124,0.8213333333333334,0.9925454933788979,0.5531636592841606
synthetic,contaminated,adadetect,embed_score,logreg,adadetect_embed_score_contaminated,6,0.1,2886,2000,10114,9364,750,0.00034638032559750607,36,True,False,0.0,0.9927822819853668,3,866,0.13394919168591224,1.0,1.0,0.5765265967965196
synthetic,contaminated,ours_matched,none,none,ours_matched_none_contaminated,7,0.1,2908,2000,10092,9342,750,0.00034376074252320387,35,True,False,0.0,0.9989100277447484,2,828,0.09420289855072464,1.0,0.9999995718261614,
synthetic,contaminated,adadetect,score1d,logreg,adadetect_score1d_contaminated,7,0.1,2908,2000,10092,9342,750,0.00034376074252320387,35,True,False,0.0,0.9965319064605628,2,828,0.09420289855072464,1.0,0.9999995718261614,0.5449918252080856
synthetic,contaminated,adadetect,embed,logreg,adadetect_embed_contaminated,7,0.1,2908,2000,10092,9342,750,0.00034376074252320387,35,True,False,0.0,0.9909829567974633,3,816,0.08088235294117647,1.0,1.0,0.5722091508125248
synthetic,contaminated,adadetect,feat,logreg,adadetect_feat_contaminated,7,0.1,2908,2000,10092,9342,750,0.00034376074252320387,35,True,False,0.0,0.9969282600079271,2,729,0.09190672153635117,0.8826666666666667,0.9959728109612502,0.5441750644074514
synthetic,contaminated,adadetect,embed_score,logreg,adadetect_embed_score_contaminated,7,0.1,2908,2000,10092,9342,750,0.00034376074252320387,35,True,False,0.0,0.9898929845422116,3,813,0.07749077490774908,1.0,1.0,0.5754897691240587
synthetic,contaminated,ours_matched,none,none,ours_matched_none_contaminated,8,0.1,2867,2000,10133,9383,750,0.0003486750348675035,36,True,False,0.0,0.9986183756044607,2,855,0.12280701754385964,1.0,0.9999988631922981,
synthetic,contaminated,adadetect,score1d,logreg,adadetect_score1d_contaminated,8,0.1,2867,2000,10133,9383,750,0.0003486750348675035,36,True,False,0.0,0.9948682522451396,2,855,0.12280701754385964,1.0,0.9999988631922981,0.5277201717161749
synthetic,contaminated,adadetect,embed,logreg,adadetect_embed_contaminated,8,0.1,2867,2000,10133,9383,750,0.0003486750348675035,36,True,False,0.0,0.9947695647883154,2,838,0.10501193317422435,1.0,1.0,0.5781279729596368
synthetic,contaminated,adadetect,feat,logreg,adadetect_feat_contaminated,8,0.1,2867,2000,10133,9383,750,0.0003486750348675035,36,True,False,0.0,0.9966446264679759,2,656,0.11128048780487805,0.7773333333333333,0.9890558101531138,0.5584663475772229
synthetic,contaminated,adadetect,embed_score,logreg,adadetect_embed_score_contaminated,8,0.1,2867,2000,10133,9383,750,0.0003486750348675035,36,True,False,0.0,0.9942761275041943,2,829,0.09529553679131483,1.0,1.0,0.5790809977301885
synthetic,contaminated,ours_matched,none,none,ours_matched_none_contaminated,9,0.1,2848,2000,10152,9402,750,0.000351000351000351,36,True,False,0.0,0.9984239558707644,2,791,0.051833122629582805,1.0,0.9999916329858896,
synthetic,contaminated,adadetect,score1d,logreg,adadetect_score1d_contaminated,9,0.1,2848,2000,10152,9402,750,0.000351000351000351,36,True,False,0.0,0.9963553979511426,3,791,0.051833122629582805,1.0,0.9999916329858896,0.5470675236406619
synthetic,contaminated,adadetect,embed,logreg,adadetect_embed_contaminated,9,0.1,2848,2000,10152,9402,750,0.000351000351000351,36,True,False,0.0,0.986899133175729,4,827,0.09310761789600967,1.0,1.0,0.5894551319936958
synthetic,contaminated,adadetect,feat,logreg,adadetect_feat_contaminated,9,0.1,2848,2000,10152,9402,750,0.000351000351000351,36,True,False,0.0,0.9954688731284476,2,767,0.16297262059973924,0.856,0.9900692051336595,0.5519954688731284
synthetic,contaminated,adadetect,embed_score,logreg,adadetect_embed_score_contaminated,9,0.1,2848,2000,10152,9402,750,0.000351000351000351,36,True,False,0.0,0.9870961386918834,4,827,0.09310761789600967,1.0,1.0,0.590558707643814
synthetic,contaminated,ours_matched,none,none,ours_matched_none_contaminated,10,0.1,2910,2000,10090,9340,750,0.00034352456200618345,35,True,False,0.0,0.9990089197224975,2,844,0.11137440758293839,1.0,0.9999984296930764,
synthetic,contaminated,adadetect,score1d,logreg,adadetect_score1d_contaminated,10,0.1,2910,2000,10090,9340,750,0.00034352456200618345,35,True,False,0.0,0.9965312190287413,2,844,0.11137440758293839,1.0,0.9999984296930764,0.5450831764122894
synthetic,contaminated,adadetect,embed,logreg,adadetect_embed_contaminated,10,0.1,2910,2000,10090,9340,750,0.00034352456200618345,35,True,False,0.0,0.9904856293359762,3,839,0.10607866507747318,1.0,1.0,0.5814954162537166
synthetic,contaminated,adadetect,feat,logreg,adadetect_feat_contaminated,10,0.1,2910,2000,10090,9340,750,0.00034352456200618345,35,True,False,0.0,0.9968285431119921,2,669,0.10911808669656203,0.7946666666666666,0.9909641684511064,0.5489411050545094
synthetic,contaminated,adadetect,embed_score,logreg,adadetect_embed_score_contaminated,10,0.1,2910,2000,10090,9340,750,0.00034352456200618345,35,True,False,0.0,0.9906838453914767,4,820,0.08536585365853659,1.0,1.0,0.5820012884043607
synthetic,contaminated,ours_matched,none,none,ours_matched_none_contaminated,11,0.1,2972,2000,10028,9278,750,0.0003363605785401951,34,True,False,0.0,0.9984044674910252,2,816,0.08088235294117647,1.0,0.999997988072142,
synthetic,contaminated,adadetect,score1d,logreg,adadetect_score1d_contaminated,11,0.1,2972,2000,10028,9278,750,0.0003363605785401951,34,True,False,0.0,0.9956122856003191,2,816,0.08088235294117647,1.0,0.999997988072142,0.5331064768647786
synthetic,contaminated,adadetect,embed,logreg,adadetect_embed_contaminated,11,0.1,2972,2000,10028,9278,750,0.0003363605785401951,34,True,False,0.0,0.9934184284004787,3,832,0.0985576923076923,1.0,1.0,0.5836066513761468
synthetic,contaminated,adadetect,feat,logreg,adadetect_feat_contaminated,11,0.1,2972,2000,10028,9278,750,0.0003363605785401951,34,True,False,0.0,0.9964100518548066,2,711,0.0970464135021097,0.856,0.9932852626284401,0.5584858396489828
synthetic,contaminated,adadetect,embed_score,logreg,adadetect_embed_score_contaminated,11,0.1,2972,2000,10028,9278,750,0.0003363605785401951,34,True,False,0.0,0.992820103709613,3,825,0.09090909090909091,1.0,1.0,0.5842002143996808
synthetic,contaminated,ours_matched,none,none,ours_matched_none_contaminated,12,0.1,2858,2000,10142,9392,750,0.0003497726477789437,36,True,False,0.0,0.9988168014198383,2,791,0.051833122629582805,1.0,0.9999995741056218,
synthetic,contaminated,adadetect,score1d,logreg,adadetect_score1d_contaminated,12,0.1,2858,2000,10142,9392,750,0.0003497726477789437,36,True,False,0.0,0.9957602050877539,2,791,0.051833122629582805,1.0,0.9999995741056218,0.5242732695720765
synthetic,contaminated,adadetect,embed,logreg,adadetect_embed_contaminated,12,0.1,2858,2000,10142,9392,750,0.0003497726477789437,36,True,False,0.0,0.9922106093472688,3,792,0.05303030303030303,1.0,1.0,0.5804184085979097
synthetic,contaminated,adadetect,feat,logreg,adadetect_feat_contaminated,12,0.1,2858,2000,10142,9392,750,0.0003497726477789437,36,True,False,0.0,0.9953658055610334,2,645,0.08837209302325581,0.784,0.9923819562748438,0.5439648984421219
synthetic,contaminated,adadetect,embed_score,logreg,adadetect_embed_score_contaminated,12,0.1,2858,2000,10142,9392,750,0.0003497726477789437,36,True,False,0.0,0.9934924078091106,2,797,0.05897114178168131,1.0,1.0,0.5826462236245317
synthetic,contaminated,ours_matched,none,none,ours_matched_none_contaminated,13,0.1,2817,2000,10183,9433,750,0.00035486160397445,37,True,False,0.0,0.998330550918197,2,844,0.11137440758293839,1.0,0.9999966076539807,
synthetic,contaminated,adadetect,score1d,logreg,adadetect_score1d_contaminated,13,0.1,2817,2000,10183,9433,750,0.00035486160397445,37,True,False,0.0,0.9951880585289208,2,844,0.11137440758293839,1.0,0.9999966076539807,0.5336342433467544
synthetic,contaminated,adadetect,embed,logreg,adadetect_embed_contaminated,13,0.1,2817,2000,10183,9433,750,0.00035486160397445,37,True,False,0.0,0.9903761170578415,3,856,0.12383177570093458,1.0,1.0,0.5767437150152215
synthetic,contaminated,adadetect,feat,logreg,adadetect_feat_contaminated,13,0.1,2817,2000,10183,9433,750,0.00035486160397445,37,True,False,0.0,0.996661101836394,2,689,0.07982583454281568,0.8453333333333334,0.9929344499805647,0.5558632524796229
synthetic,contaminated,adadetect,embed_score,logreg,adadetect_embed_score_contaminated,13,0.1,2817,2000,10183,9433,750,0.00035486160397445,37,True,False,0.0,0.9908671314936659,3,853,0.12075029308323564,1.0,1.0,0.577054085240106
synthetic,contaminated,ours_matched,none,none,ours_matched_none_contaminated,14,0.1,2800,2000,10200,9450,750,0.0003570153516601214,37,True,False,0.0,0.9987254901960785,2,822,0.08759124087591241,1.0,0.9999935097001764,
synthetic,contaminated,adadetect,score1d,logreg,adadetect_score1d_contaminated,14,0.1,2800,2000,10200,9450,750,0.0003570153516601214,37,True,False,0.0,0.9955882352941177,2,822,0.08759124087591241,1.0,0.9999935097001764,0.5378064705882353
synthetic,contaminated,adadetect,embed,logreg,adadetect_embed_contaminated,14,0.1,2800,2000,10200,9450,750,0.0003570153516601214,37,True,False,0.0,0.9932352941176471,3,840,0.10714285714285714,1.0,1.0,0.5837853431372549
synthetic,contaminated,adadetect,feat,logreg,adadetect_feat_contaminated,14,0.1,2800,2000,10200,9450,750,0.0003570153516601214,37,True,False,0.0,0.9955882352941177,2,659,0.0637329286798179,0.8226666666666667,0.9942232804232805,0.5428328921568627
synthetic,contaminated,adadetect,embed_score,logreg,adadetect_embed_score_contaminated,14,0.1,2800,2000,10200,9450,750,0.0003570153516601214,37,True,False,0.0,0.9932352941176471,3,842,0.10926365795724466,1.0,1.0,0.5837714705882353
synthetic,contaminated,ours_matched,none,none,ours_matched_none_contaminated,15,0.1,2911,2000,10089,9339,750,0.00034340659340659343,35,True,False,0.0,0.9983149965308752,2,821,0.08647990255785627,1.0,0.9999978584430881,
synthetic,contaminated,adadetect,score1d,logreg,adadetect_score1d_contaminated,15,0.1,2911,2000,10089,9339,750,0.00034340659340659343,35,True,False,0.0,0.9951432252948756,3,821,0.08647990255785627,1.0,0.9999978584430881,0.5341486767766875
synthetic,contaminated,adadetect,embed,logreg,adadetect_embed_contaminated,15,0.1,2911,2000,10089,9339,750,0.00034340659340659343,35,True,False,0.0,0.9931608682723758,3,814,0.07862407862407862,1.0,1.0,0.5782389731390624
synthetic,contaminated,adadetect,feat,logreg,adadetect_feat_contaminated,15,0.1,2911,2000,10089,9339,750,0.00034340659340659343,35,True,False,0.0,0.9953414609971256,2,593,0.09949409780775717,0.712,0.9856374344148195,0.5402516602240064
synthetic,contaminated,adadetect,embed_score,logreg,adadetect_embed_score_contaminated,15,0.1,2911,2000,10089,9339,750,0.00034340659340659343,35,True,False,0.0,0.9937555753791257,2,820,0.08536585365853659,1.0,1.0,0.5786896620081277
synthetic,contaminated,ours_matched,none,none,ours_matched_none_contaminated,16,0.1,2981,2000,10019,9269,750,0.00033534540576794097,34,True,False,0.0,0.9986026549555844,2,841,0.10820451843043995,1.0,0.9999981299672744,
synthetic,contaminated,adadetect,score1d,logreg,adadetect_score1d_contaminated,16,0.1,2981,2000,10019,9269,750,0.00033534540576794097,34,True,False,0.0,0.9954087234254916,2,841,0.10820451843043995,1.0,0.9999981299672744,0.5313682752769737
synthetic,contaminated,adadetect,embed,logreg,adadetect_embed_contaminated,16,0.1,2981,2000,10019,9269,750,0.00033534540576794097,34,True,False,0.0,0.9932128954985527,3,820,0.08536585365853659,1.0,1.0,0.5840033685996606
synthetic,contaminated,adadetect,feat,logreg,adadetect_feat_contaminated,16,0.1,2981,2000,10019,9269,750,0.00033534540576794097,34,True,False,0.0,0.995508533785807,2,725,0.11586206896551725,0.8546666666666667,0.9912173913043478,0.547254117177363
synthetic,contaminated,adadetect,embed_score,logreg,adadetect_embed_score_contaminated,16,0.1,2981,2000,10019,9269,750,0.00033534540576794097,34,True,False,0.0,0.9933127058588681,3,812,0.07635467980295567,1.0,1.0,0.5844263898592674
synthetic,contaminated,ours_matched,none,none,ours_matched_none_contaminated,17,0.1,2858,2000,10142,9392,750,0.0003497726477789437,36,True,False,0.0,0.9987182015381582,2,832,0.0985576923076923,1.0,0.9999981544576945,
synthetic,contaminated,adadetect,score1d,logreg,adadetect_score1d_contaminated,17,0.1,2858,2000,10142,9392,750,0.0003497726477789437,36,True,False,0.0,0.9957602050877539,2,832,0.0985576923076923,1.0,0.9999981544576945,0.5354793186748176
synthetic,contaminated,adadetect,embed,logreg,adadetect_embed_contaminated,17,0.1,2858,2000,10142,9392,750,0.0003497726477789437,36,True,False,0.0,0.9928022086373496,3,862,0.12993039443155452,1.0,1.0,0.5808539735752317
synthetic,contaminated,adadetect,feat,logreg,adadetect_feat_contaminated,17,0.1,2858,2000,10142,9392,750,0.0003497726477789437,36,True,False,0.0,0.9962532044961546,2,751,0.12516644474034622,0.876,0.992965644520159,0.5539803786235457
synthetic,contaminated,adadetect,embed_score,logreg,adadetect_embed_score_contaminated,17,0.1,2858,2000,10142,9392,750,0.0003497726477789437,36,True,False,0.0,0.9919148097022283,2,827,0.09310761789600967,1.0,1.0,0.5836470124235851
synthetic,contaminated,ours_matched,none,none,ours_matched_none_contaminated,18,0.1,2894,2000,10106,9356,750,0.0003454231433506045,35,True,False,0.0,0.9985157332277855,2,823,0.08869987849331713,1.0,0.9999984323785094,
synthetic,contaminated,adadetect,score1d,logreg,adadetect_score1d_contaminated,18,0.1,2894,2000,10106,9356,750,0.0003454231433506045,35,True,False,0.0,0.9960419552740946,2,823,0.08869987849331713,1.0,0.9999984323785094,0.5363936275479912
synthetic,contaminated,adadetect,embed,logreg,adadetect_embed_contaminated,18,0.1,2894,2000,10106,9356,750,0.0003454231433506045,35,True,False,0.0,0.9903027904215318,3,830,0.0963855421686747,1.0,1.0,0.5818888036809816
synthetic,contaminated,adadetect,feat,logreg,adadetect_feat_contaminated,18,0.1,2894,2000,10106,9356,750,0.0003454231433506045,35,True,False,0.0,0.9972293686918662,2,608,0.08388157894736842,0.7426666666666667,0.9909107880860767,0.5646159459726895
synthetic,contaminated,adadetect,embed_score,logreg,adadetect_embed_score_contaminated,18,0.1,2894,2000,10106,9356,750,0.0003454231433506045,35,True,False,0.0,0.9922818127844845,3,841,0.10820451843043995,1.0,1.0,0.5828638679992084
synthetic,contaminated,ours_matched,none,none,ours_matched_none_contaminated,19,0.1,2903,2000,10097,9347,750,0.0003443526170798898,35,True,False,0.0,0.9986134495394672,2,837,0.1039426523297491,1.0,0.9999984308690846,
synthetic,contaminated,adadetect,score1d,logreg,adadetect_score1d_contaminated,19,0.1,2903,2000,10097,9347,750,0.0003443526170798898,35,True,False,0.0,0.9943547588392592,2,837,0.1039426523297491,1.0,0.9999984308690846,0.5286852035257997
synthetic,contaminated,adadetect,embed,logreg,adadetect_embed_contaminated,19,0.1,2903,2000,10097,9347,750,0.0003443526170798898,35,True,False,0.0,0.9904922254134891,3,833,0.09963985594237695,1.0,1.0,0.5842028077646826
synthetic,contaminated,adadetect,feat,logreg,adadetect_feat_contaminated,19,0.1,2903,2000,10097,9347,750,0.0003443526170798898,35,True,False,0.0,0.995543230662573,3,637,0.10204081632653061,0.7626666666666667,0.9880973574408901,0.5451190205011389
synthetic,contaminated,adadetect,embed_score,logreg,adadetect_embed_score_contaminated,19,0.1,2903,2000,10097,9347,750,0.0003443526170798898,35,True,False,0.0,0.9907893433693176,3,844,0.11137440758293839,1.0,1.0,0.5844430771516292
synthetic,adversarial,ours_matched,none,none,ours_matched_none_adversarial,0,0.1,2794,2000,10206,9456,750,0.00035778175313059033,37,True,False,0.0,0.9985302763080541,2,807,0.07063197026022305,1.0,0.9999964749012973,
synthetic,adversarial,adadetect,score1d,logreg,adadetect_score1d_adversarial,0,0.1,2794,2000,10206,9456,750,0.00035778175313059033,37,True,False,0.0,0.9950029394473839,3,807,0.07063197026022305,1.0,0.9999964749012973,0.5334218596903783
synthetic,adversarial,adadetect,embed,logreg,adadetect_embed_adversarial,0,0.1,2794,2000,10206,9456,750,0.00035778175313059033,37,True,False,0.0,0.9880462473055066,4,754,0.005305039787798408,1.0,1.0,0.5811282088967274
synthetic,adversarial,adadetect,feat,logreg,adadetect_feat_adversarial,0,0.1,2794,2000,10206,9456,750,0.00035778175313059033,37,True,False,0.0,0.9947089947089947,2,719,0.09735744089012517,0.8653333333333333,0.9940501269035533,0.5440261855771115
synthetic,adversarial,adadetect,embed_score,logreg,adadetect_embed_score_adversarial,0,0.1,2794,2000,10206,9456,750,0.00035778175313059033,37,True,False,0.0,0.9880462473055066,3,754,0.005305039787798408,1.0,1.0,0.5812013521457966
synthetic,adversarial,ours_matched,none,none,ours_matched_none_adversarial,1,0.1,2839,2000,10161,9411,750,0.00035211267605633805,36,True,False,0.0,0.9975396122428895,2,794,0.055415617128463476,1.0,0.9999980165055078,
synthetic,adversarial,adadetect,score1d,logreg,adadetect_score1d_adversarial,1,0.1,2839,2000,10161,9411,750,0.00035211267605633805,36,True,False,0.0,0.9945871469343569,2,794,0.055415617128463476,1.0,0.9999980165055078,0.5352577010136798
synthetic,adversarial,adadetect,embed,logreg,adadetect_embed_adversarial,1,0.1,2839,2000,10161,9411,750,0.00035211267605633805,36,True,False,0.0,0.9888790473378605,3,756,0.007936507936507936,1.0,1.0,0.5769518010038382
synthetic,adversarial,adadetect,feat,logreg,adadetect_feat_adversarial,1,0.1,2839,2000,10161,9411,750,0.00035211267605633805,36,True,False,0.0,0.9961617950989076,2,691,0.07525325615050651,0.852,0.9951461056210817,0.5452539858281665
synthetic,adversarial,adadetect,embed_score,logreg,adadetect_embed_score_adversarial,1,0.1,2839,2000,10161,9411,750,0.00035211267605633805,36,True,False,0.0,0.9896663714201358,3,756,0.007936507936507936,1.0,1.0,0.5769367434307647
synthetic,adversarial,ours_matched,none,none,ours_matched_none_adversarial,2,0.1,2910,2000,10090,9340,750,0.00034352456200618345,35,True,False,0.0,0.9983151635282458,2,821,0.08647990255785627,1.0,0.9999941470378301,
synthetic,adversarial,adadetect,score1d,logreg,adadetect_score1d_adversarial,2,0.1,2910,2000,10090,9340,750,0.00034352456200618345,35,True,False,0.0,0.9937561942517343,2,821,0.08647990255785627,1.0,0.9999941470378301,0.5273070366699703
synthetic,adversarial,adadetect,embed,logreg,adadetect_embed_adversarial,2,0.1,2910,2000,10090,9340,750,0.00034352456200618345,35,True,False,0.0,0.9940535183349851,3,791,0.051833122629582805,1.0,1.0,0.5916444995044599
synthetic,adversarial,adadetect,feat,logreg,adadetect_feat_adversarial,2,0.1,2910,2000,10090,9340,750,0.00034352456200618345,35,True,False,0.0,0.9958374628344896,2,602,0.044850498338870434,0.7666666666666667,0.9919696645253391,0.5482621407333994
synthetic,adversarial,adadetect,embed_score,logreg,adadetect_embed_score_adversarial,2,0.1,2910,2000,10090,9340,750,0.00034352456200618345,35,True,False,0.0,0.9938553022794846,3,782,0.04092071611253197,1.0,1.0,0.5941226709613479
synthetic,adversarial,ours_matched,none,none,ours_matched_none_adversarial,3,0.1,2900,2000,10100,9350,750,0.0003447087211306446,35,True,False,0.0,0.9991089108910891,2,891,0.15824915824915825,1.0,0.9999954367201426,
synthetic,adversarial,adadetect,score1d,logreg,adadetect_score1d_adversarial,3,0.1,2900,2000,10100,9350,750,0.0003447087211306446,35,True,False,0.0,0.9963366336633663,2,891,0.15824915824915825,1.0,0.9999954367201426,0.5410363613861386
synthetic,adversarial,adadetect,embed,logreg,adadetect_embed_adversarial,3,0.1,2900,2000,10100,9350,750,0.0003447087211306446,35,True,False,0.0,0.9887128712871287,3,756,0.007936507936507936,1.0,1.0,0.5800833663366337
synthetic,adversarial,adadetect,feat,logreg,adadetect_feat_adversarial,3,0.1,2900,2000,10100,9350,750,0.0003447087211306446,35,True,False,0.0,0.996039603960396,2,666,0.11711711711711711,0.784,0.9903982887700534,0.5453336138613861
synthetic,adversarial,adadetect,embed_score,logreg,adadetect_embed_score_adversarial,3,0.1,2900,2000,10100,9350,750,0.0003447087211306446,35,True,False,0.0,0.9857425742574257,3,755,0.006622516556291391,1.0,1.0,0.5801370792079208
synthetic,adversarial,ours_matched,none,none,ours_matched_none_adversarial,4,0.1,2860,2000,10140,9390,750,0.0003495281370150297,36,True,False,0.0,0.9983234714003945,2,828,0.09420289855072464,1.0,0.9999971600993965,
synthetic,adversarial,adadetect,score1d,logreg,adadetect_score1d_adversarial,4,0.1,2860,2000,10140,9390,750,0.0003495281370150297,36,True,False,0.0,0.995956607495069,2,828,0.09420289855072464,1.0,0.9999971600993965,0.5477700936883629
synthetic,adversarial,adadetect,embed,logreg,adadetect_embed_adversarial,4,0.1,2860,2000,10140,9390,750,0.0003495281370150297,36,True,False,0.0,0.9884615384615385,3,759,0.011857707509881422,1.0,1.0,0.5764845660749507
synthetic,adversarial,adadetect,feat,logreg,adadetect_feat_adversarial,4,0.1,2860,2000,10140,9390,750,0.0003495281370150297,36,True,False,0.0,0.9964497041420118,2,681,0.11600587371512482,0.8026666666666666,0.988753496627618,0.5524165927021696
synthetic,adversarial,adadetect,embed_score,logreg,adadetect_embed_score_adversarial,4,0.1,2860,2000,10140,9390,750,0.0003495281370150297,36,True,False,0.0,0.9901380670611439,3,762,0.015748031496062992,1.0,1.0,0.5787072978303748
synthetic,adversarial,ours_matched,none,none,ours_matched_none_adversarial,5,0.1,2813,2000,10187,9437,750,0.00035536602700781805,37,True,False,0.0,0.9988220280749975,3,821,0.08647990255785627,1.0,0.9999884143972307,
synthetic,adversarial,adadetect,score1d,logreg,adadetect_score1d_adversarial,5,0.1,2813,2000,10187,9437,750,0.00035536602700781805,37,True,False,0.0,0.9969569058604103,3,821,0.08647990255785627,1.0,0.9999884143972307,0.540505668989889
synthetic,adversarial,adadetect,embed,logreg,adadetect_embed_adversarial,5,0.1,2813,2000,10187,9437,750,0.00035536602700781805,37,True,False,0.0,0.9942083047020712,3,767,0.02216427640156454,1.0,1.0,0.5886043486796898
synthetic,adversarial,adadetect,feat,logreg,adadetect_feat_adversarial,5,0.1,2813,2000,10187,9437,750,0.00035536602700781805,37,True,False,0.0,0.9941101403749877,3,749,0.09479305740987984,0.904,0.9964654021405107,0.5455328114263277
synthetic,adversarial,adadetect,embed_score,logreg,adadetect_embed_score_adversarial,5,0.1,2813,2000,10187,9437,750,0.00035536602700781805,37,True,False,0.0,0.9933248257583194,3,768,0.0234375,1.0,1.0,0.5884649307941494
synthetic,adversarial,ours_matched,none,none,ours_matched_none_adversarial,6,0.1,2886,2000,10114,9364,750,0.00034638032559750607,36,True,False,0.0,0.9989123986553292,2,825,0.09090909090909091,1.0,0.9999876121315677,
synthetic,adversarial,adadetect,score1d,logreg,adadetect_score1d_adversarial,6,0.1,2886,2000,10114,9364,750,0.00034638032559750607,36,True,False,0.0,0.9962428317184101,2,825,0.09090909090909091,1.0,0.9999876121315677,0.5352873245006922
synthetic,adversarial,adadetect,embed,logreg,adadetect_embed_adversarial,6,0.1,2886,2000,10114,9364,750,0.00034638032559750607,36,True,False,0.0,0.9904093335969942,3,756,0.007936507936507936,1.0,1.0,0.5813536187462923
synthetic,adversarial,adadetect,feat,logreg,adadetect_feat_adversarial,6,0.1,2886,2000,10114,9364,750,0.00034638032559750607,36,True,False,0.0,0.9969349416650188,2,609,0.06568144499178982,0.7586666666666667,0.9897439128577531,0.5566446015424165
synthetic,adversarial,adadetect,embed_score,logreg,adadetect_embed_score_adversarial,6,0.1,2886,2000,10114,9364,750,0.00034638032559750607,36,True,False,0.0,0.9919912991892427,3,756,0.007936507936507936,1.0,1.0,0.5815554182321534
synthetic,adversarial,ours_matched,none,none,ours_matched_none_adversarial,7,0.1,2908,2000,10092,9342,750,0.00034376074252320387,35,True,False,0.0,0.998315497423702,2,817,0.08200734394124846,1.0,0.9999995718261614,
synthetic,adversarial,adadetect,score1d,logreg,adadetect_score1d_adversarial,7,0.1,2908,2000,10092,9342,750,0.00034376074252320387,35,True,False,0.0,0.9965319064605628,2,817,0.08200734394124846,1.0,0.9999995718261614,0.5393246878715815
synthetic,adversarial,adadetect,embed,logreg,adadetect_embed_adversarial,7,0.1,2908,2000,10092,9342,750,0.00034376074252320387,35,True,False,0.0,0.990487514863258,3,769,0.0247074122236671,1.0,1.0,0.581583531510107
synthetic,adversarial,adadetect,feat,logreg,adadetect_feat_adversarial,7,0.1,2908,2000,10092,9342,750,0.00034376074252320387,35,True,False,0.0,0.9956401109789933,2,662,0.0755287009063444,0.816,0.9937587954042675,0.5493436880697582
synthetic,adversarial,adadetect,embed_score,logreg,adadetect_embed_score_adversarial,7,0.1,2908,2000,10092,9342,750,0.00034376074252320387,35,True,False,0.0,0.992072929052715,3,760,0.013157894736842105,1.0,1.0,0.5819906361474435
synthetic,adversarial,ours_matched,none,none,ours_matched_none_adversarial,8,0.1,2867,2000,10133,9383,750,0.0003486750348675035,36,True,False,0.0,0.9988157505181091,2,854,0.12177985948477751,1.0,0.9999988631922981,
synthetic,adversarial,adadetect,score1d,logreg,adadetect_score1d_adversarial,8,0.1,2867,2000,10133,9383,750,0.0003486750348675035,36,True,False,0.0,0.9955590644429093,2,854,0.12177985948477751,1.0,0.9999988631922981,0.5378652422777065
synthetic,adversarial,adadetect,embed,logreg,adadetect_embed_adversarial,8,0.1,2867,2000,10133,9383,750,0.0003486750348675035,36,True,False,0.0,0.9895391295766308,3,759,0.011857707509881422,1.0,1.0,0.5759573176749235
synthetic,adversarial,adadetect,feat,logreg,adadetect_feat_adversarial,8,0.1,2867,2000,10133,9383,750,0.0003486750348675035,36,True,False,0.0,0.9948682522451396,2,617,0.06807131280388978,0.7666666666666667,0.991415538740275,0.5428893466890359
synthetic,adversarial,adadetect,embed_score,logreg,adadetect_embed_score_adversarial,8,0.1,2867,2000,10133,9383,750,0.0003486750348675035,36,True,False,0.0,0.9911181288858186,3,760,0.013157894736842105,1.0,1.0,0.57584649166091
synthetic,adversarial,ours_matched,none,none,ours_matched_none_adversarial,9,0.1,2848,2000,10152,9402,750,0.000351000351000351,36,True,False,0.0,0.9983254531126872,2,812,0.07635467980295567,1.0,0.999992342054882,
synthetic,adversarial,adadetect,score1d,logreg,adadetect_score1d_adversarial,9,0.1,2848,2000,10152,9402,750,0.000351000351000351,36,True,False,0.0,0.9945823483057525,2,812,0.07635467980295567,1.0,0.999992342054882,0.5288123522458629
synthetic,adversarial,adadetect,embed,logreg,adadetect_embed_adversarial,9,0.1,2848,2000,10152,9402,750,0.000351000351000351,36,True,False,0.0,0.9872931442080378,3,763,0.01703800786369594,1.0,1.0,0.5908518764775413
synthetic,adversarial,adadetect,feat,logreg,adadetect_feat_adversarial,9,0.1,2848,2000,10152,9402,750,0.000351000351000351,36,True,False,0.0,0.9967494089834515,2,698,0.1017191977077364,0.836,0.9926303623342552,0.5453944789204098
synthetic,adversarial,adadetect,embed_score,logreg,adadetect_embed_score_adversarial,9,0.1,2848,2000,10152,9402,750,0.000351000351000351,36,True,False,0.0,0.9885736800630418,3,773,0.029754204398447608,1.0,1.0,0.5920965327029157
synthetic,adversarial,ours_matched,none,none,ours_matched_none_adversarial,10,0.1,2910,2000,10090,9340,750,0.00034352456200618345,35,True,False,0.0,0.9994053518334985,2,800,0.0625,1.0,0.9999981441827266,
synthetic,adversarial,adadetect,score1d,logreg,adadetect_score1d_adversarial,10,0.1,2910,2000,10090,9340,750,0.00034352456200618345,35,True,False,0.0,0.9962338949454906,2,800,0.0625,1.0,0.9999981441827266,0.5202499752229931
synthetic,adversarial,adadetect,embed,logreg,adadetect_embed_adversarial,10,0.1,2910,2000,10090,9340,750,0.00034352456200618345,35,True,False,0.0,0.989990089197225,3,759,0.011857707509881422,1.0,1.0,0.5818083746283449
synthetic,adversarial,adadetect,feat,logreg,adadetect_feat_adversarial,10,0.1,2910,2000,10090,9340,750,0.00034352456200618345,35,True,False,0.0,0.9965312190287413,2,702,0.08831908831908832,0.8533333333333334,0.9936214132762312,0.5461857532210109
synthetic,adversarial,adadetect,embed_score,logreg,adadetect_embed_score_adversarial,10,0.1,2910,2000,10090,9340,750,0.00034352456200618345,35,True,False,0.0,0.9932606541129831,3,756,0.007936507936507936,1.0,1.0,0.5855193508424182
synthetic,adversarial,ours_matched,none,none,ours_matched_none_adversarial,11,0.1,2972,2000,10028,9278,750,0.0003363605785401951,34,True,False,0.0,0.9980055843637814,2,794,0.055415617128463476,1.0,0.9999880721419846,
synthetic,adversarial,adadetect,score1d,logreg,adadetect_score1d_adversarial,11,0.1,2972,2000,10028,9278,750,0.0003363605785401951,34,True,False,0.0,0.9955125648185081,2,794,0.055415617128463476,1.0,0.9999880721419846,0.5311146041084962
synthetic,adversarial,adadetect,embed,logreg,adadetect_embed_adversarial,11,0.1,2972,2000,10028,9278,750,0.0003363605785401951,34,True,False,0.0,0.9936178699641005,3,770,0.025974025974025976,1.0,1.0,0.5856275678101316
synthetic,adversarial,adadetect,feat,logreg,adadetect_feat_adversarial,11,0.1,2972,2000,10028,9278,750,0.0003363605785401951,34,True,False,0.0,0.9964100518548066,2,653,0.06125574272588055,0.8173333333333334,0.9929402888553568,0.5610994714798564
synthetic,adversarial,adadetect,embed_score,logreg,adadetect_embed_score_adversarial,11,0.1,2972,2000,10028,9278,750,0.0003363605785401951,34,True,False,0.0,0.992919824491424,3,771,0.027237354085603113,1.0,1.0,0.5864189519345832
synthetic,adversarial,ours_matched,none,none,ours_matched_none_adversarial,12,0.1,2858,2000,10142,9392,750,0.0003497726477789437,36,True,False,0.0,0.9982252021297574,2,809,0.07292954264524104,1.0,0.9999994321408291,
synthetic,adversarial,adadetect,score1d,logreg,adadetect_score1d_adversarial,12,0.1,2858,2000,10142,9392,750,0.0003497726477789437,36,True,False,0.0,0.9951686057976731,2,809,0.07292954264524104,1.0,0.9999994321408291,0.5321254436994676
synthetic,adversarial,adadetect,embed,logreg,adadetect_embed_adversarial,12,0.1,2858,2000,10142,9392,750,0.0003497726477789437,36,True,False,0.0,0.9900414119503057,4,763,0.01703800786369594,1.0,1.0,0.5855550433839479
synthetic,adversarial,adadetect,feat,logreg,adadetect_feat_adversarial,12,0.1,2858,2000,10142,9392,750,0.0003497726477789437,36,True,False,0.0,0.9953658055610334,2,698,0.05873925501432665,0.876,0.9963834469051676,0.5432068379017945
synthetic,adversarial,adadetect,embed_score,logreg,adadetect_embed_score_adversarial,12,0.1,2858,2000,10142,9392,750,0.0003497726477789437,36,True,False,0.0,0.9910274107671071,3,762,0.015748031496062992,1.0,1.0,0.5862559406428712
synthetic,adversarial,ours_matched,none,none,ours_matched_none_adversarial,13,0.1,2817,2000,10183,9433,750,0.00035486160397445,37,True,False,0.0,0.9987233624668566,2,823,0.08869987849331713,1.0,0.9999963249584791,
synthetic,adversarial,adadetect,score1d,logreg,adadetect_score1d_adversarial,13,0.1,2817,2000,10183,9433,750,0.00035486160397445,37,True,False,0.0,0.9953844643032506,2,823,0.08869987849331713,1.0,0.9999963249584791,0.5207145242070117
synthetic,adversarial,adadetect,embed,logreg,adadetect_embed_adversarial,13,0.1,2817,2000,10183,9433,750,0.00035486160397445,37,True,False,0.0,0.989983305509182,3,757,0.009247027741083224,1.0,1.0,0.5748050672689777
synthetic,adversarial,adadetect,feat,logreg,adadetect_feat_adversarial,13,0.1,2817,2000,10183,9433,750,0.00035486160397445,37,True,False,0.0,0.9963664931748993,2,693,0.09090909090909091,0.84,0.9936900950563624,0.5558927869979378
synthetic,adversarial,adadetect,embed_score,logreg,adadetect_embed_score_adversarial,13,0.1,2817,2000,10183,9433,750,0.00035486160397445,37,True,False,0.0,0.9864480015712462,4,762,0.015748031496062992,1.0,1.0,0.5822885446332122
synthetic,adversarial,ours_matched,none,none,ours_matched_none_adversarial,14,0.1,2800,2000,10200,9450,750,0.0003570153516601214,37,True,False,0.0,0.9980392156862745,2,829,0.09529553679131483,1.0,0.9999929453262787,
synthetic,adversarial,adadetect,score1d,logreg,adadetect_score1d_adversarial,14,0.1,2800,2000,10200,9450,750,0.0003570153516601214,37,True,False,0.0,0.9948039215686274,3,829,0.09529553679131483,1.0,0.9999929453262787,0.532448431372549
synthetic,adversarial,adadetect,embed,logreg,adadetect_embed_adversarial,14,0.1,2800,2000,10200,9450,750,0.0003570153516601214,37,True,False,0.0,0.9911764705882353,4,765,0.0196078431372549,1.0,1.0,0.5837739215686274
synthetic,adversarial,adadetect,feat,logreg,adadetect_feat_adversarial,14,0.1,2800,2000,10200,9450,750,0.0003570153516601214,37,True,False,0.0,0.9965686274509804,2,774,0.1343669250645995,0.8933333333333333,0.9937214814814814,0.547238774509804
synthetic,adversarial,adadetect,embed_score,logreg,adadetect_embed_score_adversarial,14,0.1,2800,2000,10200,9450,750,0.0003570153516601214,37,True,False,0.0,0.9901960784313726,3,767,0.02216427640156454,1.0,1.0,0.587529387254902
synthetic,adversarial,ours_matched,none,none,ours_matched_none_adversarial,15,0.1,2911,2000,10089,9339,750,0.00034340659340659343,35,True,False,0.0,0.9984141143820002,2,846,0.11347517730496454,1.0,0.9999970018203234,
synthetic,adversarial,adadetect,score1d,logreg,adadetect_score1d_adversarial,15,0.1,2911,2000,10089,9339,750,0.00034340659340659343,35,True,False,0.0,0.9956388145505005,2,846,0.11347517730496454,1.0,0.9999970018203234,0.5287382297551789
synthetic,adversarial,adadetect,embed,logreg,adadetect_embed_adversarial,15,0.1,2911,2000,10089,9339,750,0.00034340659340659343,35,True,False,0.0,0.9906829219942511,3,765,0.0196078431372549,1.0,1.0,0.5814618396273169
synthetic,adversarial,adadetect,feat,logreg,adadetect_feat_adversarial,15,0.1,2911,2000,10089,9339,750,0.00034340659340659343,35,True,False,0.0,0.9965308752106254,2,665,0.09473684210526316,0.8026666666666666,0.9905228968126495,0.5538623748637129
synthetic,adversarial,adadetect,embed_score,logreg,adadetect_embed_score_adversarial,15,0.1,2911,2000,10089,9339,750,0.00034340659340659343,35,True,False,0.0,0.9887996828228764,4,755,0.006622516556291391,1.0,1.0,0.58371783625731
synthetic,adversarial,ours_matched,none,none,ours_matched_none_adversarial,16,0.1,2981,2000,10019,9269,750,0.00033534540576794097,34,True,False,0.0,0.9989020860365306,2,830,0.0963855421686747,1.0,0.9999982738159456,
synthetic,adversarial,adadetect,score1d,logreg,adadetect_score1d_adversarial,16,0.1,2981,2000,10019,9269,750,0.00033534540576794097,34,True,False,0.0,0.995508533785807,2,830,0.0963855421686747,1.0,0.9999982738159456,0.5392837608543767
synthetic,adversarial,adadetect,embed,logreg,adadetect_embed_adversarial,16,0.1,2981,2000,10019,9269,750,0.00033534540576794097,34,True,False,0.0,0.9888212396446752,4,760,0.013157894736842105,1.0,1.0,0.5845990867352031
synthetic,adversarial,adadetect,feat,logreg,adadetect_feat_adversarial,16,0.1,2981,2000,10019,9269,750,0.00033534540576794097,34,True,False,0.0,0.9953089130651762,3,729,0.11248285322359397,0.8626666666666667,0.994356169309886,0.551576255115281
synthetic,adversarial,adadetect,embed_score,logreg,adadetect_embed_score_adversarial,16,0.1,2981,2000,10019,9269,750,0.00033534540576794097,34,True,False,0.0,0.9901187743287754,3,753,0.00398406374501992,1.0,1.0,0.5855782014173071
synthetic,adversarial,ours_matched,none,none,ours_matched_none_adversarial,17,0.1,2858,2000,10142,9392,750,0.0003497726477789437,36,True,False,0.0,0.9988168014198383,2,799,0.06132665832290363,1.0,0.9999981544576945,
synthetic,adversarial,adadetect,score1d,logreg,adadetect_score1d_adversarial,17,0.1,2858,2000,10142,9392,750,0.0003497726477789437,36,True,False,0.0,0.9957602050877539,2,799,0.06132665832290363,1.0,0.9999981544576945,0.5423901843817788
synthetic,adversarial,adadetect,embed,logreg,adadetect_embed_adversarial,17,0.1,2858,2000,10142,9392,750,0.0003497726477789437,36,True,False,0.0,0.9906330112403865,3,767,0.02216427640156454,1.0,1.0,0.5777275685269178
synthetic,adversarial,adadetect,feat,logreg,adadetect_feat_adversarial,17,0.1,2858,2000,10142,9392,750,0.0003497726477789437,36,True,False,0.0,0.9961546046144745,2,698,0.07020057306590258,0.8653333333333333,0.9952669647927314,0.5482367629658844
synthetic,adversarial,adadetect,embed_score,logreg,adadetect_embed_score_adversarial,17,0.1,2858,2000,10142,9392,750,0.0003497726477789437,36,True,False,0.0,0.9901400118319859,2,764,0.01832460732984293,1.0,1.0,0.577725177479787
synthetic,adversarial,ours_matched,none,none,ours_matched_none_adversarial,18,0.1,2894,2000,10106,9356,750,0.0003454231433506045,35,True,False,0.0,0.998911537700376,2,808,0.07178217821782178,1.0,0.9999998574889554,
synthetic,adversarial,adadetect,score1d,logreg,adadetect_score1d_adversarial,18,0.1,2894,2000,10106,9356,750,0.0003454231433506045,35,True,False,0.0,0.9959430041559469,2,808,0.07178217821782178,1.0,0.9999998574889554,0.5344292499505244
synthetic,adversarial,adadetect,embed,logreg,adadetect_embed_adversarial,18,0.1,2894,2000,10106,9356,750,0.0003454231433506045,35,True,False,0.0,0.9919849594300416,2,759,0.011857707509881422,1.0,1.0,0.5738410102909163
synthetic,adversarial,adadetect,feat,logreg,adadetect_feat_adversarial,18,0.1,2894,2000,10106,9356,750,0.0003454231433506045,35,True,False,0.0,0.9952503463289135,2,713,0.10378681626928471,0.852,0.9928262790366253,0.5461951810805462
synthetic,adversarial,adadetect,embed_score,logreg,adadetect_embed_score_adversarial,18,0.1,2894,2000,10106,9356,750,0.0003454231433506045,35,True,False,0.0,0.9933702750841085,3,763,0.01703800786369594,1.0,1.0,0.5757303087274886
synthetic,adversarial,ours_matched,none,none,ours_matched_none_adversarial,19,0.1,2903,2000,10097,9347,750,0.0003443526170798898,35,True,False,0.0,0.9985144102208576,2,868,0.1359447004608295,1.0,0.9999982882208195,
synthetic,adversarial,adadetect,score1d,logreg,adadetect_score1d_adversarial,19,0.1,2903,2000,10097,9347,750,0.0003443526170798898,35,True,False,0.0,0.9948499554323066,2,868,0.1359447004608295,1.0,0.9999982882208195,0.5326228087550757
synthetic,adversarial,adadetect,embed,logreg,adadetect_embed_adversarial,19,0.1,2903,2000,10097,9347,750,0.0003443526170798898,35,True,False,0.0,0.9906903040507081,3,766,0.020887728459530026,1.0,1.0,0.5750119342378924
synthetic,adversarial,adadetect,feat,logreg,adadetect_feat_adversarial,19,0.1,2903,2000,10097,9347,750,0.0003443526170798898,35,True,False,0.0,0.9953451520253541,3,642,0.07476635514018691,0.792,0.9927232267037552,0.5446335050014856
synthetic,adversarial,adadetect,embed_score,logreg,adadetect_embed_score_adversarial,19,0.1,2903,2000,10097,9347,750,0.0003443526170798898,35,True,False,0.0,0.9905912647320987,4,766,0.020887728459530026,1.0,1.0,0.5765213182133307
