n_calib,m_test,calib_mean_exposure,calib_mean,calib_std,calib_max,p_floor,bh_min_rank,clearance_anomalies,clearance_normals,n_discoveries,realized_fdr,power,calib_q50,calib_q75,calib_q90,calib_q95,calib_q99,dataset,detector,seed,condition
266,5821,0.0,-0.024708562453550503,0.0027891079336396225,-0.016788575798273087,0.003745318352059925,219,0.0876979293544458,0.0704,424,0.8301886792452831,0.0876979293544458,-0.024237291887402534,-0.023463579826056957,-0.02267257496714592,-0.020840438082814217,-0.017936590313911423,amazon,ocgnn,0,clean
4000,5821,0.030591512215613733,-0.02528895032405853,0.006035547338990835,-0.007065221667289734,0.00024993751562109475,15,0.048721071863580996,0.0004,43,0.046511627906976744,0.049939098660170524,-0.02504066377878189,-0.022715775296092033,-0.018130456283688545,-0.015445019677281386,-0.008190612792968757,amazon,ocgnn,0,contaminated
4000,5821,0.0564361599332481,-0.028387018472887576,0.007415935561686541,-0.007049784064292908,0.00024993751562109475,15,0.048721071863580996,0.0,40,0.0,0.048721071863580996,-0.028257904574275017,-0.02530280314385891,-0.021497556567192082,-0.010818447172641793,-0.007490520849823958,amazon,ocgnn,0,adversarial
266,5821,0.0,-0.025742038363184696,0.0020317609841686976,-0.01119006797671318,0.003745318352059925,219,0.08891595615103533,0.0202,0,0.0,0.0,-0.025863368064165115,-0.025263973511755466,-0.023487936705350876,-0.022168214432895184,-0.01997015196830034,amazon,ocgnn,1,clean
4000,5821,0.030347234203165065,-0.027570514884311705,0.0038948513000032197,-0.0040108151733875275,0.00024993751562109475,15,0.04506699147381242,0.0008,46,0.17391304347826086,0.04628501827040195,-0.027927493676543236,-0.02690610382705927,-0.025828192383050917,-0.023599499091506007,-0.004490013569593432,amazon,ocgnn,1,contaminated
4000,5821,0.0562909604162804,-0.027770146596711127,0.006113473668326109,-0.0039780400693416595,0.00024993751562109475,15,0.04506699147381242,0.0,37,0.0,0.04506699147381242,-0.02851163037121296,-0.02731158956885338,-0.025843189656734468,-0.007862622663378725,-0.004126340001821519,amazon,ocgnn,1,adversarial
266,5821,0.0,-0.02879938973407996,0.0026107632505782616,-0.011481713503599167,0.003745318352059925,219,0.0828258221680877,0.0182,0,0.0,0.0,-0.028826093301177025,-0.028070759028196335,-0.026728365570306778,-0.02491649705916643,-0.020162441581487653,amazon,ocgnn,2,clean
4000,5821,0.030339944437045678,-0.028368069862015545,0.00619087490390416,-0.00646904855966568,0.00024993751562109475,15,0.03532277710109622,0.0,32,0.0625,0.03654080389768575,-0.029000602662563324,-0.025056926533579826,-0.020275958627462388,-0.018665995448827747,-0.007454897649586219,amazon,ocgnn,2,contaminated
4000,5821,0.05634922301972023,-0.03140597782842815,0.007729723694592934,-0.00646904855966568,0.00024993751562109475,15,0.03532277710109622,0.0,29,0.0,0.03532277710109622,-0.03202921524643898,-0.029478978365659714,-0.02309386692941189,-0.009593592956662206,-0.006766714788973334,amazon,ocgnn,2,adversarial
9785,1094,0.0,-1.8528615771719066,0.14679649027932848,-1.1332709789276123,0.00010218679746576743,2,0.00273224043715847,0.0,0,0.0,0.0,-1.8982163667678833,-1.7786955833435059,-1.654596710205078,-1.5645955085754395,-1.3416382169723517,reddit,ocgnn,0,clean
4000,5366,0.005438089527257892,-1.8555369548201561,0.14670918580395018,-1.1332709789276123,0.00024993751562109475,14,0.00273224043715847,0.0,0,0.0,0.0,-1.9002276062965393,-1.7815336287021637,-1.6627041697502136,-1.571934747695923,-1.3434660923481,reddit,ocgnn,0,contaminated
4000,5366,0.01385143831559746,-1.8562852200567723,0.15332864131261714,-1.1332709789276123,0.00024993751562109475,14,0.00273224043715847,0.0,0,0.0,0.0,-1.9109179377555847,-1.787988305091858,-1.6534201860427857,-1.5507960796356202,-1.3120317459106448,reddit,ocgnn,0,adversarial
9791,1087,0.0,-1.574971203893627,0.11183222935763767,-0.9514970779418945,0.00010212418300653595,2,0.0,0.0,0,0.0,0.0,-1.610672950744629,-1.5329294204711914,-1.4308557510375977,-1.3455960154533386,-1.1711452603340142,reddit,ocgnn,1,clean
4000,5366,0.005528356125342914,-1.5736535900831223,0.11527443209340675,-0.9514970779418945,0.00024993751562109475,14,0.0,0.0,0,0.0,0.0,-1.6108976602554321,-1.5328655242919922,-1.4268186807632446,-1.3305692970752716,-1.155134966373447,reddit,ocgnn,1,contaminated
4000,5366,0.013762725755102418,-1.5704976986199617,0.11926481186678482,-0.9514970779418945,0.00024993751562109475,14,0.0,0.0,0,0.0,0.0,-1.6134753227233887,-1.5288667678833008,-1.4133242964744568,-1.3214553833007812,-1.1312539601325993,reddit,ocgnn,1,adversarial
9784,1093,0.0,-1.5114808201862961,0.13111156672075275,-0.8516916036605835,0.00010219724067450178,2,0.01092896174863388,0.001375515818431912,13,0.5384615384615384,0.01639344262295082,-1.5519055724143982,-1.4620072543621063,-1.3442648172378537,-1.2371813833713532,-1.0314044320583338,reddit,ocgnn,2,clean
4000,5366,0.005681141569770518,-1.509932549610734,0.13970320342779358,-0.8518191576004028,0.00024993751562109475,14,0.01092896174863388,0.0004,0,0.0,0.0,-1.5544245839118958,-1.459364801645279,-1.3330949902534486,-1.2146063029766088,-0.9805433750152593,reddit,ocgnn,2,contaminated
4000,5366,0.013871417014334796,-1.5049160069227219,0.1446117644649064,-0.8512589931488037,0.00024993751562109475,14,0.01092896174863388,0.0,0,0.0,0.0,-1.5535601377487183,-1.458288550376892,-1.3120184063911438,-1.198249101638794,-0.9645298719406128,reddit,ocgnn,2,adversarial
5617,2707,0.0,-0.1253996183699468,0.08024474958366694,0.08428412675857544,0.000177999288002848,5,0.0,0.0,0,0.0,0.0,-0.1578589677810669,-0.04460969567298889,-0.03643966317176819,0.06729285717010496,0.08424953699111938,weibo,ocgnn,0,clean
4000,4324,0.03508855329190725,-0.13219209598749876,0.07491014470081021,0.08427965641021729,0.00024993751562109475,11,0.0,0.0010057832537088258,0,0.0,0.0,-0.16041326522827148,-0.0666586272418499,-0.03658246994018555,-0.013694846630097377,0.08424074411392211,weibo,ocgnn,0,contaminated
4000,4324,0.06559050304180716,-0.13586653263494372,0.07086502668593758,0.08428025245666504,0.00024993751562109475,11,0.0,0.0007543374402816193,0,0.0,0.0,-0.16062475740909576,-0.08135882392525673,-0.03658246994018555,-0.0362313985824585,0.08423355638980866,weibo,ocgnn,0,adversarial
5579,2745,0.0,-0.18737667842265163,0.04838335412753533,0.0013564527034759521,0.00017921146953405018,5,0.0,0.0,0,0.0,0.0,-0.2046128213405609,-0.18694483488798141,-0.15317955315113074,-0.033031462132930865,0.001350369453430176,weibo,ocgnn,1,clean
4000,4324,0.033327335168917185,-0.18308913646265865,0.048245989118202715,0.0013564229011535645,0.00024993751562109475,11,0.0,0.00025144581342720644,0,0.0,0.0,-0.20209451764822006,-0.17984773218631744,-0.10993753671646118,-0.07851468771696091,0.0013442143797874448,weibo,ocgnn,1,contaminated
4000,4324,0.06564907703690855,-0.1785821395739913,0.04948821170476725,0.0013561844825744629,0.00024993751562109475,11,0.0,0.0005028916268544129,0,0.0,0.0,-0.1994546428322792,-0.1711200289428234,-0.08614434748888017,-0.07851500809192657,0.0013220623135566704,weibo,ocgnn,1,adversarial
5597,2727,0.0,-0.18389645218316714,0.05534518777017566,-0.043013960123062134,0.0001786352268667381,5,0.02881844380403458,0.0,10,0.0,0.02881844380403458,-0.2100025713443756,-0.12426745891571045,-0.11928730010986328,-0.06638748049736036,-0.04302038788795471,weibo,ocgnn,2,clean
4000,4324,0.03161106327567894,-0.1864207003302872,0.052343932108378524,-0.043013960123062134,0.00024993751562109475,11,0.02881844380403458,0.0,0,0.0,0.0,-0.20931074023246765,-0.13889885321259499,-0.11930294334888458,-0.09419995322823527,-0.04302644342184067,weibo,ocgnn,2,contaminated
4000,4324,0.06424287187282804,-0.18995750283822418,0.04934682944242902,-0.04301413893699646,0.00024993751562109475,11,0.02881844380403458,0.00025144581342720644,11,0.09090909090909091,0.02881844380403458,-0.2107415646314621,-0.14643527194857597,-0.11938881278038024,-0.10499111562967303,-0.04304348319768906,weibo,ocgnn,2,adversarial
792,7566,0.0,-0.12094107376543259,0.008673959904790163,-0.0726815015077591,0.0012610340479192938,96,0.012470771628994544,0.0002,0,0.0,0.0,-0.1238776259124279,-0.12209547683596611,-0.11289803162217141,-0.09587457552552231,-0.08628241732716559,tolokers,ocgnn,0,clean
4000,7566,0.3216092943670719,-0.12088918893039227,0.007278795278080656,-0.07247549295425415,0.00024993751562109475,19,0.012081060015588464,0.0004,33,0.06060606060606061,0.012081060015588464,-0.12290948629379272,-0.12158697098493576,-0.1145815782248974,-0.10576624721288681,-0.08680432364344597,tolokers,ocgnn,0,contaminated
4000,7566,0.5389135935586059,-0.12133784091472626,0.005198815688694589,-0.07389257848262787,0.00024993751562109475,19,0.013639906469212782,0.0024,47,0.2553191489361702,0.013639906469212782,-0.12270563095808029,-0.12190801277756691,-0.11763470843434334,-0.11303562857210636,-0.09431432090699673,tolokers,ocgnn,0,adversarial
791,7566,0.0,-0.16250266392824772,0.009938892161325158,-0.10594966262578964,0.0012626262626262627,96,0.011301636788776305,0.0002,0,0.0,0.0,-0.16507524251937866,-0.16235356032848358,-0.1566031128168106,-0.1423320472240448,-0.11207535341382027,tolokers,ocgnn,1,clean
4000,7566,0.3156854571915141,-0.16141101725958287,0.008392003212013242,-0.10589561611413956,0.00024993751562109475,19,0.011301636788776305,0.0002,30,0.03333333333333333,0.011301636788776305,-0.16343693435192108,-0.16121335700154305,-0.15350821763277053,-0.14381405040621761,-0.12284611769020558,tolokers,ocgnn,1,contaminated
4000,7566,0.5401502173565714,-0.1621538380049169,0.0058913361700009504,-0.10581928491592407,0.00024993751562109475,19,0.011301636788776305,0.0,29,0.0,0.011301636788776305,-0.16322917491197586,-0.16163241118192673,-0.15895689874887467,-0.1538437388837338,-0.13576814055442823,tolokers,ocgnn,1,adversarial
801,7566,0.0,-0.161730863628316,0.010813460066012777,-0.10699537396430969,0.0012468827930174563,95,0.018706157443491817,0.0018,0,0.0,0.0,-0.16426506638526917,-0.15983489155769348,-0.14963501691818237,-0.13822250068187714,-0.11974234879016876,tolokers,ocgnn,2,clean
4000,7566,0.32537670983234374,-0.15805110943317413,0.01044112511068423,-0.10417480766773224,0.00024993751562109475,19,0.014419329696024942,0.0,37,0.0,0.014419329696024942,-0.15956616401672363,-0.15686949715018272,-0.14551135003566742,-0.13631823733448983,-0.11564692921936517,tolokers,ocgnn,2,contaminated
4000,7566,0.5402324386006565,-0.15659458938799797,0.00795249414202091,-0.10451266169548035,0.00024993751562109475,19,0.014809041309431021,0.0004,58,0.1724137931034483,0.018706157443491817,-0.15875882655382156,-0.15620507299900055,-0.1480085864663124,-0.14011666774749756,-0.1231719890236856,tolokers,ocgnn,2,adversarial
