condition,seed,r,n1_r,n0_r,n_r,c_r,bh_threshold_at_r,dagger_satisfied
clean,0,1,732,0,732,0.976,43.67084078711986,True
clean,0,2,749,6,755,0.9986666666666667,87.34168157423971,True
clean,0,3,749,6,755,0.9986666666666667,131.01252236135957,True
clean,0,4,749,10,759,0.9986666666666667,174.68336314847943,True
clean,0,5,750,12,762,1.0,218.3542039355993,True
clean,0,7,750,42,792,1.0,305.695885509839,True
clean,0,10,750,46,796,1.0,436.7084078711986,True
clean,0,14,750,60,810,1.0,611.391771019678,True
clean,0,20,750,92,842,1.0,873.4168157423971,False
clean,0,27,750,129,879,1.0,1179.112701252236,False
clean,0,38,750,153,903,1.0,1659.4919499105545,False
clean,0,53,750,230,980,1.0,2314.5545617173525,False
clean,0,74,750,317,1067,1.0,3231.642218246869,False
clean,0,102,750,450,1200,1.0,4454.425760286225,False
clean,0,143,750,713,1463,1.0,6244.930232558139,False
clean,0,198,750,1033,1783,1.0,8646.826475849732,False
clean,0,276,750,1445,2195,1.0,12053.15205724508,False
clean,0,384,750,1971,2721,1.0,16769.602862254025,False
clean,0,535,750,2626,3376,1.0,23363.899821109124,False
clean,0,745,750,3659,4409,1.0,32534.776386404297,False
clean,0,1037,750,4955,5705,1.0,45286.66189624329,False
clean,0,1443,750,6498,7248,1.0,63017.023255813954,False
clean,0,2008,750,8698,9448,1.0,87691.04830053667,False
clean,0,2795,750,11456,12206,1.0,122060.0,False
clean,1,1,749,18,767,0.9986666666666667,42.82042253521127,True
clean,1,2,750,31,781,1.0,85.64084507042254,True
clean,1,3,750,34,784,1.0,128.4612676056338,True
clean,1,4,750,46,796,1.0,171.2816901408451,True
clean,1,5,750,55,805,1.0,214.10211267605635,True
clean,1,7,750,68,818,1.0,299.7429577464789,True
clean,1,10,750,83,833,1.0,428.2042253521127,True
clean,1,14,750,83,833,1.0,599.4859154929578,True
clean,1,20,750,117,867,1.0,856.4084507042254,True
clean,1,27,750,169,919,1.0,1156.1514084507041,False
clean,1,38,750,225,975,1.0,1627.176056338028,False
clean,1,53,750,342,1092,1.0,2269.4823943661972,False
clean,1,74,750,444,1194,1.0,3168.711267605634,False
clean,1,103,750,577,1327,1.0,4410.5035211267605,False
clean,1,144,750,762,1512,1.0,6166.140845070423,False
clean,1,201,750,994,1744,1.0,8606.904929577466,False
clean,1,279,750,1369,2119,1.0,11946.897887323943,False
clean,1,389,750,1863,2613,1.0,16657.144366197186,False
clean,1,542,750,2515,3265,1.0,23208.669014084506,False
clean,1,755,750,3448,4198,1.0,32329.419014084506,False
clean,1,1051,750,4880,5630,1.0,45004.26408450704,False
clean,1,1464,750,6495,7245,1.0,62689.09859154929,False
clean,1,2039,750,8714,9464,1.0,87310.84154929577,False
clean,1,2840,750,11411,12161,1.0,121610.0,False
clean,2,1,744,3,747,0.992,41.53211954654758,True
clean,2,2,750,14,764,1.0,83.06423909309515,True
clean,2,3,750,26,776,1.0,124.59635863964273,True
clean,2,4,750,26,776,1.0,166.1284781861903,True
clean,2,5,750,26,776,1.0,207.6605977327379,True
clean,2,7,750,37,787,1.0,290.72483682583305,True
clean,2,10,750,47,797,1.0,415.3211954654758,True
clean,2,14,750,68,818,1.0,581.4496736516661,True
clean,2,20,750,121,871,1.0,830.6423909309516,True
clean,2,28,750,163,913,1.0,1162.8993473033322,False
clean,2,39,750,224,974,1.0,1619.7526623153556,False
clean,2,54,750,283,1033,1.0,2242.734455513569,False
clean,2,75,750,344,1094,1.0,3114.9089659910683,False
clean,2,105,750,502,1252,1.0,4360.872552387496,False
clean,2,146,750,660,1410,1.0,6063.689453795946,False
clean,2,204,750,918,1668,1.0,8472.552387495705,False
clean,2,284,750,1315,2065,1.0,11795.121951219513,False
clean,2,396,750,1804,2554,1.0,16446.719340432843,False
clean,2,553,750,2452,3202,1.0,22967.262109240808,False
clean,2,770,750,3340,4090,1.0,31979.732050841638,False
clean,2,1074,750,4597,5347,1.0,44605.4963929921,False
clean,2,1498,750,6379,7129,1.0,62215.11508072827,False
clean,2,2088,750,8602,9352,1.0,86719.06561319134,False
clean,2,2911,750,11340,12090,1.0,120900.0,False
clean,3,1,739,1,740,0.9853333333333333,41.709755256807995,True
clean,3,2,750,13,763,1.0,83.41951051361599,True
clean,3,3,750,14,764,1.0,125.129265770424,True
clean,3,4,750,28,778,1.0,166.83902102723198,True
clean,3,5,750,31,781,1.0,208.54877628403997,True
clean,3,7,750,34,784,1.0,291.968286797656,True
clean,3,10,750,50,800,1.0,417.09755256807995,True
clean,3,14,750,63,813,1.0,583.936573595312,True
clean,3,20,750,95,845,1.0,834.1951051361599,True
clean,3,28,750,115,865,1.0,1167.873147190624,False
clean,3,39,750,139,889,1.0,1626.680455015512,False
clean,3,54,750,194,944,1.0,2252.326783867632,False
clean,3,75,750,332,1082,1.0,3128.2316442605998,False
clean,3,105,750,489,1239,1.0,4379.52430196484,False
clean,3,146,750,733,1483,1.0,6089.624267493968,False
clean,3,203,750,1029,1779,1.0,8467.080317132024,False
clean,3,284,750,1366,2116,1.0,11845.570492933472,False
clean,3,395,750,1859,2609,1.0,16475.35332643916,False
clean,3,551,750,2616,3366,1.0,22982.075146501207,False
clean,3,768,750,3566,4316,1.0,32033.092037228544,False
clean,3,1071,750,4728,5478,1.0,44671.14788004136,False
clean,3,1493,750,6300,7050,1.0,62272.66459841434,False
clean,3,2081,750,8615,9365,1.0,86798.00068941744,False
clean,3,2901,750,11350,12100,1.0,121000.0,False
clean,4,1,750,8,758,1.0,42.432715833624606,True
clean,4,2,750,15,765,1.0,84.86543166724921,True
clean,4,3,750,15,765,1.0,127.29814750087382,True
clean,4,4,750,38,788,1.0,169.73086333449842,True
clean,4,5,750,38,788,1.0,212.16357916812302,True
clean,4,7,750,50,800,1.0,297.0290108353722,True
clean,4,10,750,52,802,1.0,424.32715833624604,True
clean,4,14,750,61,811,1.0,594.0580216707444,True
clean,4,20,750,87,837,1.0,848.6543166724921,False
clean,4,28,750,129,879,1.0,1188.1160433414889,False
clean,4,38,750,186,936,1.0,1612.443201677735,False
clean,4,53,750,221,971,1.0,2248.933939182104,False
clean,4,75,750,354,1104,1.0,3182.4536875218455,False
clean,4,104,750,509,1259,1.0,4413.002446696959,False
clean,4,145,750,660,1410,1.0,6152.743795875567,False
clean,4,202,750,936,1686,1.0,8571.40859839217,False
clean,4,281,750,1296,2046,1.0,11923.593149248514,False
clean,4,391,750,1832,2582,1.0,16591.191890947222,False
clean,4,545,750,2519,3269,1.0,23125.83012932541,False
clean,4,759,750,3315,4065,1.0,32206.43131772108,False
clean,4,1058,750,4529,5279,1.0,44893.81335197484,False
clean,4,1474,750,6202,6952,1.0,62545.82313876267,False
clean,4,2054,750,8661,9411,1.0,87156.79832226493,False
clean,4,2861,750,11390,12140,1.0,121400.0,False
clean,5,1,750,11,761,1.0,43.308457711442784,True
clean,5,2,750,17,767,1.0,86.61691542288557,True
clean,5,3,750,23,773,1.0,129.92537313432837,True
clean,5,4,750,26,776,1.0,173.23383084577114,True
clean,5,5,750,27,777,1.0,216.54228855721394,True
clean,5,7,750,30,780,1.0,303.1592039800995,True
clean,5,10,750,49,799,1.0,433.0845771144279,True
clean,5,14,750,89,839,1.0,606.318407960199,True
clean,5,20,750,124,874,1.0,866.1691542288557,True
clean,5,27,750,183,933,1.0,1169.3283582089553,False
clean,5,38,750,245,995,1.0,1645.721393034826,False
clean,5,53,750,331,1081,1.0,2295.3482587064677,False
clean,5,74,750,491,1241,1.0,3204.8258706467664,False
clean,5,103,750,603,1353,1.0,4460.771144278608,False
clean,5,143,750,799,1549,1.0,6193.109452736318,False
clean,5,199,750,994,1744,1.0,8618.383084577115,False
clean,5,278,750,1381,2131,1.0,12039.751243781095,False
clean,5,386,750,1870,2620,1.0,16717.064676616916,False
clean,5,538,750,2480,3230,1.0,23299.95024875622,False
clean,5,749,750,3369,4119,1.0,32438.034825870647,False
clean,5,1043,750,4705,5455,1.0,45170.72139303482,False
clean,5,1452,750,6334,7084,1.0,62883.880597014926,False
clean,5,2021,750,8424,9174,1.0,87526.39303482587,False
clean,5,2814,750,11437,12187,1.0,121870.0,False
clean,6,1,686,0,686,0.9146666666666666,41.96051264288189,True
clean,6,2,741,0,741,0.988,83.92102528576378,True
clean,6,3,748,6,754,0.9973333333333333,125.88153792864566,True
clean,6,4,750,7,757,1.0,167.84205057152755,True
clean,6,5,750,12,762,1.0,209.80256321440942,True
clean,6,7,750,29,779,1.0,293.72358850017315,True
clean,6,10,750,53,803,1.0,419.60512642881883,True
clean,6,14,750,91,841,1.0,587.4471770003463,True
clean,6,20,750,124,874,1.0,839.2102528576377,True
clean,6,28,750,158,908,1.0,1174.8943540006926,False
clean,6,39,750,211,961,1.0,1636.4599930723934,False
clean,6,54,750,259,1009,1.0,2265.867682715622,False
clean,6,75,750,352,1102,1.0,3147.038448216141,False
clean,6,104,750,480,1230,1.0,4363.893314859716,False
clean,6,145,750,691,1441,1.0,6084.274333217873,False
clean,6,203,750,923,1673,1.0,8517.984066505021,False
clean,6,283,750,1302,2052,1.0,11874.825077935573,False
clean,6,394,750,1832,2582,1.0,16532.441981295462,False
clean,6,549,750,2431,3181,1.0,23036.321440942153,False
clean,6,765,750,3349,4099,1.0,32099.792171804642,False
clean,6,1066,750,4576,5326,1.0,44729.90647731209,False
clean,6,1486,750,6185,6935,1.0,62353.32178732248,False
clean,6,2071,750,8539,9289,1.0,86900.22168340838,False
clean,6,2887,750,11364,12114,1.0,121140.0,False
clean,7,1,750,2,752,1.0,41.56754898590581,True
clean,7,2,750,6,756,1.0,83.13509797181162,True
clean,7,3,750,8,758,1.0,124.70264695771742,True
clean,7,4,750,22,772,1.0,166.27019594362324,True
clean,7,5,750,27,777,1.0,207.83774492952904,True
clean,7,7,750,29,779,1.0,290.97284290134064,True
clean,7,10,750,35,785,1.0,415.6754898590581,True
clean,7,14,750,45,795,1.0,581.9456858026813,True
clean,7,20,750,74,824,1.0,831.3509797181162,False
clean,7,28,750,120,870,1.0,1163.8913716053626,False
clean,7,39,750,174,924,1.0,1621.1344104503266,False
clean,7,54,750,232,982,1.0,2244.647645238914,False
clean,7,75,750,320,1070,1.0,3117.5661739429356,False
clean,7,105,750,485,1235,1.0,4364.59264352011,False
clean,7,146,750,651,1401,1.0,6068.862151942249,False
clean,7,204,750,916,1666,1.0,8479.779993124786,False
clean,7,284,750,1220,1970,1.0,11805.18391199725,False
clean,7,396,750,1753,2503,1.0,16460.7493984187,False
clean,7,552,750,2391,3141,1.0,22945.28704022001,False
clean,7,770,750,3152,3902,1.0,32007.01271914747,False
clean,7,1073,750,4515,5265,1.0,44601.98006187693,False
clean,7,1497,750,6167,6917,1.0,62226.620831901,False
clean,7,2087,750,8518,9268,1.0,86751.47473358542,False
clean,7,2909,750,11342,12092,1.0,120920.0,False
clean,8,1,750,29,779,1.0,42.3047419804742,True
clean,8,2,750,30,780,1.0,84.6094839609484,True
clean,8,3,750,38,788,1.0,126.91422594142259,True
clean,8,4,750,45,795,1.0,169.2189679218968,True
clean,8,5,750,53,803,1.0,211.523709902371,True
clean,8,7,750,60,810,1.0,296.1331938633194,True
clean,8,10,750,94,844,1.0,423.047419804742,True
clean,8,14,750,107,857,1.0,592.2663877266388,True
clean,8,20,750,140,890,1.0,846.094839609484,True
clean,8,28,750,180,930,1.0,1184.5327754532775,False
clean,8,38,750,228,978,1.0,1607.5801952580196,False
clean,8,54,750,280,1030,1.0,2284.456066945607,False
clean,8,75,750,341,1091,1.0,3172.855648535565,False
clean,8,104,750,480,1230,1.0,4399.693165969316,False
clean,8,145,750,696,1446,1.0,6134.187587168759,False
clean,8,202,750,1024,1774,1.0,8545.557880055789,False
clean,8,281,750,1419,2169,1.0,11887.63249651325,False
clean,8,392,750,1904,2654,1.0,16583.458856345886,False
clean,8,546,750,2573,3323,1.0,23098.38912133891,False
clean,8,761,750,3473,4223,1.0,32193.908647140863,False
clean,8,1060,750,4790,5540,1.0,44843.02649930265,False
clean,8,1477,750,6489,7239,1.0,62484.103905160395,False
clean,8,2058,750,8755,9505,1.0,87063.1589958159,False
clean,8,2868,750,11383,12133,1.0,121330.0,False
clean,9,1,749,5,754,0.9986666666666667,42.65356265356265,True
clean,9,2,749,7,756,0.9986666666666667,85.3071253071253,True
clean,9,3,749,10,759,0.9986666666666667,127.96068796068796,True
clean,9,4,750,19,769,1.0,170.6142506142506,True
clean,9,5,750,25,775,1.0,213.26781326781327,True
clean,9,7,750,48,798,1.0,298.5749385749386,True
clean,9,10,750,69,819,1.0,426.53562653562653,True
clean,9,14,750,73,823,1.0,597.1498771498772,True
clean,9,20,750,122,872,1.0,853.0712530712531,True
clean,9,28,750,168,918,1.0,1194.2997542997543,False
clean,9,38,750,220,970,1.0,1620.8353808353809,False
clean,9,53,750,294,1044,1.0,2260.6388206388206,False
clean,9,74,750,405,1155,1.0,3156.3636363636365,False
clean,9,104,750,514,1264,1.0,4435.970515970516,False
clean,9,144,750,725,1475,1.0,6142.1130221130215,False
clean,9,201,750,1008,1758,1.0,8573.366093366094,False
clean,9,280,750,1414,2164,1.0,11942.997542997542,False
clean,9,390,750,1972,2722,1.0,16634.889434889432,False
clean,9,543,750,2721,3471,1.0,23160.884520884523,False
clean,9,757,750,3675,4425,1.0,32288.74692874693,False
clean,9,1054,750,4868,5618,1.0,44956.85503685504,False
clean,9,1468,750,6575,7325,1.0,62615.42997542997,False
clean,9,2045,750,8750,9500,1.0,87226.53562653562,False
clean,9,2849,750,11402,12152,1.0,121520.0,False
clean,10,1,747,1,748,0.996,41.53211954654758,True
clean,10,2,749,6,755,0.9986666666666667,83.06423909309515,True
clean,10,3,750,21,771,1.0,124.59635863964273,True
clean,10,4,750,43,793,1.0,166.1284781861903,True
clean,10,5,750,49,799,1.0,207.6605977327379,True
clean,10,7,750,116,866,1.0,290.72483682583305,True
clean,10,10,750,133,883,1.0,415.3211954654758,True
clean,10,14,750,164,914,1.0,581.4496736516661,True
clean,10,20,750,195,945,1.0,830.6423909309516,True
clean,10,28,750,222,972,1.0,1162.8993473033322,False
clean,10,39,750,288,1038,1.0,1619.7526623153556,False
clean,10,54,750,385,1135,1.0,2242.734455513569,False
clean,10,75,750,481,1231,1.0,3114.9089659910683,False
clean,10,105,750,588,1338,1.0,4360.872552387496,False
clean,10,146,750,815,1565,1.0,6063.689453795946,False
clean,10,204,750,1084,1834,1.0,8472.552387495705,False
clean,10,284,750,1368,2118,1.0,11795.121951219513,False
clean,10,396,750,1887,2637,1.0,16446.719340432843,False
clean,10,553,750,2594,3344,1.0,22967.262109240808,False
clean,10,770,750,3533,4283,1.0,31979.732050841638,False
clean,10,1074,750,4741,5491,1.0,44605.4963929921,False
clean,10,1498,750,6501,7251,1.0,62215.11508072827,False
clean,10,2088,750,8718,9468,1.0,86719.06561319134,False
clean,10,2911,750,11340,12090,1.0,120900.0,False
clean,11,1,750,10,760,1.0,40.45745038681466,True
clean,11,2,750,18,768,1.0,80.91490077362933,True
clean,11,3,750,19,769,1.0,121.372351160444,True
clean,11,4,750,20,770,1.0,161.82980154725865,True
clean,11,5,750,22,772,1.0,202.28725193407334,True
clean,11,7,750,43,793,1.0,283.2021527077026,True
clean,11,10,750,75,825,1.0,404.5745038681467,True
clean,11,14,750,103,853,1.0,566.4043054154052,True
clean,11,20,750,105,855,1.0,809.1490077362934,True
clean,11,28,750,145,895,1.0,1132.8086108308105,False
clean,11,39,750,190,940,1.0,1577.840565085772,False
clean,11,55,750,291,1041,1.0,2225.1597712748066,False
clean,11,76,750,379,1129,1.0,3074.7662293979147,False
clean,11,106,750,496,1246,1.0,4288.489741002354,False
clean,11,148,750,669,1419,1.0,5987.70265724857,False
clean,11,207,750,924,1674,1.0,8374.692230070636,False
clean,11,289,750,1403,2153,1.0,11692.203161789437,False
clean,11,403,750,1872,2622,1.0,16304.352505886312,False
clean,11,562,750,2616,3366,1.0,22737.08711738984,False
clean,11,784,750,3519,4269,1.0,31718.6411032627,False
clean,11,1094,750,4750,5500,1.0,44260.45072317524,False
clean,11,1527,750,6386,7136,1.0,61778.526740666,False
clean,11,2130,750,8544,9294,1.0,86174.36932391523,False
clean,11,2973,750,11278,12028,1.0,120280.0,False
clean,12,1,749,2,751,0.9986666666666667,42.46939489331935,True
clean,12,2,749,3,752,0.9986666666666667,84.9387897866387,True
clean,12,3,749,3,752,0.9986666666666667,127.40818467995803,True
clean,12,4,750,4,754,1.0,169.8775795732774,True
clean,12,5,750,4,754,1.0,212.34697446659672,True
clean,12,7,750,11,761,1.0,297.2857642532354,True
clean,12,10,750,29,779,1.0,424.69394893319344,True
clean,12,14,750,46,796,1.0,594.5715285064708,True
clean,12,20,750,83,833,1.0,849.3878978663869,False
clean,12,28,750,126,876,1.0,1189.1430570129417,False
clean,12,38,750,169,919,1.0,1613.837005946135,False
clean,12,53,750,242,992,1.0,2250.877929345925,False
clean,12,74,750,399,1149,1.0,3142.7352221056312,False
clean,12,104,750,553,1303,1.0,4416.817068905211,False
clean,12,145,750,733,1483,1.0,6158.062259531304,False
clean,12,201,750,999,1749,1.0,8536.348373557186,False
clean,12,281,750,1345,2095,1.0,11933.899965022736,False
clean,12,391,750,1893,2643,1.0,16605.533403287864,False
clean,12,545,750,2660,3410,1.0,23145.82021685904,False
clean,12,759,750,3593,4343,1.0,32234.270724029382,False
clean,12,1057,750,4746,5496,1.0,44890.15040223855,False
clean,12,1473,750,6522,7272,1.0,62557.418677859394,False
clean,12,2052,750,8717,9467,1.0,87147.19832109129,False
clean,12,2859,750,11392,12142,1.0,121420.0,False
clean,13,1,750,40,790,1.0,43.232789212207244,True
clean,13,2,750,58,808,1.0,86.46557842441449,True
clean,13,3,750,62,812,1.0,129.69836763662173,True
clean,13,4,750,76,826,1.0,172.93115684882898,True
clean,13,5,750,90,840,1.0,216.16394606103617,True
clean,13,7,750,108,858,1.0,302.6295244854507,True
clean,13,10,750,128,878,1.0,432.32789212207234,True
clean,13,14,750,169,919,1.0,605.2590489709014,True
clean,13,20,750,217,967,1.0,864.6557842441447,True
clean,13,27,750,250,1000,1.0,1167.2853087295955,False
clean,13,38,750,305,1055,1.0,1642.8459900638752,False
clean,13,53,750,350,1100,1.0,2291.3378282469835,False
clean,13,74,750,461,1211,1.0,3199.226401703336,False
clean,13,103,750,610,1360,1.0,4452.977288857345,False
clean,13,143,750,857,1607,1.0,6182.288857345636,False
clean,13,200,750,1082,1832,1.0,8646.557842441447,False
clean,13,278,750,1506,2256,1.0,12018.715400993613,False
clean,13,387,750,2025,2775,1.0,16731.0894251242,False
clean,13,539,750,2759,3509,1.0,23302.4733853797,False
clean,13,750,750,3548,4298,1.0,32424.591909155428,False
clean,13,1044,750,4747,5497,1.0,45135.03193754436,False
clean,13,1454,750,6487,7237,1.0,62860.47551454933,False
clean,13,2024,750,8746,9496,1.0,87503.16536550745,False
clean,13,2818,750,11433,12183,1.0,121830.0,False
clean,14,1,746,2,748,0.9946666666666667,43.55587290253481,True
clean,14,2,750,11,761,1.0,87.11174580506962,True
clean,14,3,750,12,762,1.0,130.66761870760445,True
clean,14,4,750,13,763,1.0,174.22349161013923,True
clean,14,5,750,17,767,1.0,217.77936451267405,True
clean,14,7,750,30,780,1.0,304.89111031774365,True
clean,14,10,750,44,794,1.0,435.5587290253481,True
clean,14,14,750,50,800,1.0,609.7822206354873,True
clean,14,20,750,68,818,1.0,871.1174580506962,False
clean,14,27,750,95,845,1.0,1176.0085683684397,False
clean,14,38,750,169,919,1.0,1655.1231702963228,False
clean,14,53,750,245,995,1.0,2308.461263834345,False
clean,14,74,750,366,1116,1.0,3223.1345947875757,False
clean,14,103,750,484,1234,1.0,4486.254908961085,False
clean,14,143,750,690,1440,1.0,6228.489825062477,False
clean,14,199,750,955,1705,1.0,8667.618707604428,False
clean,14,277,750,1442,2192,1.0,12064.976794002143,False
clean,14,385,750,1937,2687,1.0,16769.0110674759,False
clean,14,536,750,2578,3328,1.0,23345.94787575866,False
clean,14,746,750,3600,4350,1.0,32492.68118529097,False
clean,14,1038,750,4821,5571,1.0,45210.996072831134,False
clean,14,1446,750,6385,7135,1.0,62981.79221706533,False
clean,14,2012,750,8707,9457,1.0,87634.41627990003,False
clean,14,2801,750,11450,12200,1.0,122000.0,False
clean,15,1,748,3,751,0.9973333333333333,41.51442307692308,True
clean,15,2,748,9,757,0.9973333333333333,83.02884615384616,True
clean,15,3,750,16,766,1.0,124.54326923076924,True
clean,15,4,750,30,780,1.0,166.05769230769232,True
clean,15,5,750,33,783,1.0,207.5721153846154,True
clean,15,7,750,50,800,1.0,290.60096153846155,True
clean,15,10,750,72,822,1.0,415.1442307692308,True
clean,15,14,750,87,837,1.0,581.2019230769231,True
clean,15,20,750,102,852,1.0,830.2884615384615,True
clean,15,28,750,127,877,1.0,1162.4038461538462,False
clean,15,39,750,211,961,1.0,1619.0625,False
clean,15,54,750,342,1092,1.0,2241.778846153846,False
clean,15,75,750,431,1181,1.0,3113.5817307692305,False
clean,15,105,750,582,1332,1.0,4359.014423076923,False
clean,15,146,750,788,1538,1.0,6061.1057692307695,False
clean,15,204,750,1079,1829,1.0,8468.942307692309,False
clean,15,284,750,1393,2143,1.0,11790.096153846154,False
clean,15,396,750,1890,2640,1.0,16439.711538461535,False
clean,15,553,750,2687,3437,1.0,22957.47596153846,False
clean,15,771,750,3522,4272,1.0,32007.62019230769,False
clean,15,1074,750,4819,5569,1.0,44586.49038461539,False
clean,15,1498,750,6524,7274,1.0,62188.605769230766,False
clean,15,2089,750,8653,9403,1.0,86723.62980769231,False
clean,15,2912,750,11339,12089,1.0,120890.0,False
clean,16,1,749,8,757,0.9986666666666667,40.305164319248824,True
clean,16,2,750,19,769,1.0,80.61032863849765,True
clean,16,3,750,19,769,1.0,120.9154929577465,True
clean,16,4,750,19,769,1.0,161.2206572769953,True
clean,16,5,750,21,771,1.0,201.52582159624413,True
clean,16,7,750,24,774,1.0,282.13615023474176,True
clean,16,10,750,51,801,1.0,403.05164319248826,True
clean,16,14,750,64,814,1.0,564.2723004694835,True
clean,16,20,750,102,852,1.0,806.1032863849765,True
clean,16,28,750,155,905,1.0,1128.544600938967,False
clean,16,39,750,234,984,1.0,1571.9014084507044,False
clean,16,55,750,305,1055,1.0,2216.7840375586857,False
clean,16,76,750,409,1159,1.0,3063.192488262911,False
clean,16,106,750,555,1305,1.0,4272.347417840376,False
clean,16,148,750,742,1492,1.0,5965.164319248825,False
clean,16,207,750,1034,1784,1.0,8343.169014084506,False
clean,16,289,750,1374,2124,1.0,11648.19248826291,False
clean,16,404,750,1807,2557,1.0,16283.286384976527,False
clean,16,563,750,2447,3197,1.0,22691.80751173709,False
clean,16,786,750,3406,4156,1.0,31679.859154929578,False
clean,16,1097,750,4596,5346,1.0,44214.765258215964,False
clean,16,1531,750,6226,6976,1.0,61707.20657276996,False
clean,16,2137,750,8488,9238,1.0,86132.13615023474,False
clean,16,2982,750,11269,12019,1.0,120190.0,False
clean,17,1,750,14,764,1.0,42.46939489331935,True
clean,17,2,750,15,765,1.0,84.9387897866387,True
clean,17,3,750,16,766,1.0,127.40818467995803,True
clean,17,4,750,22,772,1.0,169.8775795732774,True
clean,17,5,750,40,790,1.0,212.34697446659672,True
clean,17,7,750,62,812,1.0,297.2857642532354,True
clean,17,10,750,87,837,1.0,424.69394893319344,True
clean,17,14,750,101,851,1.0,594.5715285064708,True
clean,17,20,750,133,883,1.0,849.3878978663869,True
clean,17,28,750,184,934,1.0,1189.1430570129417,False
clean,17,38,750,206,956,1.0,1613.837005946135,False
clean,17,53,750,345,1095,1.0,2250.877929345925,False
clean,17,74,750,433,1183,1.0,3142.7352221056312,False
clean,17,104,750,592,1342,1.0,4416.817068905211,False
clean,17,145,750,784,1534,1.0,6158.062259531304,False
clean,17,201,750,1026,1776,1.0,8536.348373557186,False
clean,17,281,750,1413,2163,1.0,11933.899965022736,False
clean,17,391,750,1842,2592,1.0,16605.533403287864,False
clean,17,545,750,2524,3274,1.0,23145.82021685904,False
clean,17,759,750,3478,4228,1.0,32234.270724029382,False
clean,17,1057,750,4748,5498,1.0,44890.15040223855,False
clean,17,1473,750,6349,7099,1.0,62557.418677859394,False
clean,17,2052,750,8676,9426,1.0,87147.19832109129,False
clean,17,2859,750,11392,12142,1.0,121420.0,False
clean,18,1,750,9,759,1.0,41.816925734024174,True
clean,18,2,750,12,762,1.0,83.63385146804835,True
clean,18,3,750,14,764,1.0,125.45077720207253,True
clean,18,4,750,15,765,1.0,167.2677029360967,True
clean,18,5,750,27,777,1.0,209.08462867012088,True
clean,18,7,750,43,793,1.0,292.71848013816924,True
clean,18,10,750,50,800,1.0,418.16925734024176,True
clean,18,14,750,67,817,1.0,585.4369602763385,True
clean,18,20,750,76,826,1.0,836.3385146804835,False
clean,18,28,750,126,876,1.0,1170.873920552677,False
clean,18,39,750,189,939,1.0,1630.860103626943,False
clean,18,54,750,301,1051,1.0,2258.1139896373056,False
clean,18,75,750,441,1191,1.0,3136.2694300518133,False
clean,18,105,750,543,1293,1.0,4390.777202072539,False
clean,18,146,750,717,1467,1.0,6105.271157167531,False
clean,18,203,750,991,1741,1.0,8488.83592400691,False
clean,18,283,750,1399,2149,1.0,11834.189982728843,False
clean,18,395,750,1886,2636,1.0,16517.685664939552,False
clean,18,550,750,2560,3310,1.0,22999.309153713297,False
clean,18,767,750,3365,4115,1.0,32073.582037996548,False
clean,18,1069,750,4666,5416,1.0,44702.29360967185,False
clean,18,1490,750,6431,7181,1.0,62307.21934369603,False
clean,18,2077,750,8740,9490,1.0,86853.75474956822,False
clean,18,2895,750,11356,12106,1.0,121060.0,False
clean,19,1,748,0,748,0.9973333333333333,41.65633608815427,True
clean,19,2,750,34,784,1.0,83.31267217630854,True
clean,19,3,750,56,806,1.0,124.96900826446281,True
clean,19,4,750,56,806,1.0,166.62534435261708,True
clean,19,5,750,64,814,1.0,208.28168044077137,True
clean,19,7,750,72,822,1.0,291.5943526170799,True
clean,19,10,750,80,830,1.0,416.56336088154274,True
clean,19,14,750,91,841,1.0,583.1887052341598,True
clean,19,20,750,118,868,1.0,833.1267217630855,True
clean,19,28,750,130,880,1.0,1166.3774104683196,False
clean,19,39,750,178,928,1.0,1624.5971074380166,False
clean,19,54,750,225,975,1.0,2249.442148760331,False
clean,19,75,750,332,1082,1.0,3124.2252066115702,False
clean,19,105,750,490,1240,1.0,4373.915289256198,False
clean,19,146,750,689,1439,1.0,6081.825068870524,False
clean,19,204,750,908,1658,1.0,8497.892561983472,False
clean,19,284,750,1266,2016,1.0,11830.399449035813,False
clean,19,396,750,1684,2434,1.0,16495.90909090909,False
clean,19,551,750,2512,3262,1.0,22952.641184573,False
clean,19,769,750,3354,4104,1.0,32033.722451790632,False
clean,19,1072,750,4635,5385,1.0,44655.59228650138,False
clean,19,1494,750,6328,7078,1.0,62234.56611570248,False
clean,19,2083,750,8609,9359,1.0,86770.14807162534,False
clean,19,2904,750,11347,12097,1.0,120970.0,False
contaminated,0,1,749,11,760,0.9986666666666667,43.67084078711986,True
contaminated,0,2,750,16,766,1.0,87.34168157423971,True
contaminated,0,3,750,18,768,1.0,131.01252236135957,True
contaminated,0,4,750,18,768,1.0,174.68336314847943,True
contaminated,0,5,750,19,769,1.0,218.3542039355993,True
contaminated,0,7,750,25,775,1.0,305.695885509839,True
contaminated,0,10,750,37,787,1.0,436.7084078711986,True
contaminated,0,14,750,62,812,1.0,611.391771019678,True
contaminated,0,20,750,91,841,1.0,873.4168157423971,False
contaminated,0,27,750,117,867,1.0,1179.112701252236,False
contaminated,0,38,750,162,912,1.0,1659.4919499105545,False
contaminated,0,53,750,214,964,1.0,2314.5545617173525,False
contaminated,0,74,750,301,1051,1.0,3231.642218246869,False
contaminated,0,102,750,440,1190,1.0,4454.425760286225,False
contaminated,0,143,750,644,1394,1.0,6244.930232558139,False
contaminated,0,198,750,868,1618,1.0,8646.826475849732,False
contaminated,0,276,750,1280,2030,1.0,12053.15205724508,False
contaminated,0,384,750,1694,2444,1.0,16769.602862254025,False
contaminated,0,535,750,2246,2996,1.0,23363.899821109124,False
contaminated,0,745,750,2946,3696,1.0,32534.776386404297,False
contaminated,0,1037,750,4197,4947,1.0,45286.66189624329,False
contaminated,0,1443,750,5861,6611,1.0,63017.023255813954,False
contaminated,0,2008,750,8221,8971,1.0,87691.04830053667,False
contaminated,0,2795,750,11456,12206,1.0,122060.0,False
contaminated,1,1,732,0,732,0.976,42.82042253521127,True
contaminated,1,2,748,1,749,0.9973333333333333,85.64084507042254,True
contaminated,1,3,749,9,758,0.9986666666666667,128.4612676056338,True
contaminated,1,4,749,10,759,0.9986666666666667,171.2816901408451,True
contaminated,1,5,749,19,768,0.9986666666666667,214.10211267605635,True
contaminated,1,7,750,24,774,1.0,299.7429577464789,True
contaminated,1,10,750,47,797,1.0,428.2042253521127,True
contaminated,1,14,750,89,839,1.0,599.4859154929578,True
contaminated,1,20,750,97,847,1.0,856.4084507042254,False
contaminated,1,27,750,125,875,1.0,1156.1514084507041,False
contaminated,1,38,750,195,945,1.0,1627.176056338028,False
contaminated,1,53,750,248,998,1.0,2269.4823943661972,False
contaminated,1,74,750,347,1097,1.0,3168.711267605634,False
contaminated,1,103,750,446,1196,1.0,4410.5035211267605,False
contaminated,1,144,750,574,1324,1.0,6166.140845070423,False
contaminated,1,201,750,790,1540,1.0,8606.904929577466,False
contaminated,1,279,750,1108,1858,1.0,11946.897887323943,False
contaminated,1,389,750,1442,2192,1.0,16657.144366197186,False
contaminated,1,542,750,2063,2813,1.0,23208.669014084506,False
contaminated,1,755,750,3004,3754,1.0,32329.419014084506,False
contaminated,1,1051,750,4220,4970,1.0,45004.26408450704,False
contaminated,1,1464,750,5941,6691,1.0,62689.09859154929,False
contaminated,1,2039,750,8263,9013,1.0,87310.84154929577,False
contaminated,1,2840,750,11411,12161,1.0,121610.0,False
contaminated,2,1,750,21,771,1.0,41.53211954654758,True
contaminated,2,2,750,27,777,1.0,83.06423909309515,True
contaminated,2,3,750,30,780,1.0,124.59635863964273,True
contaminated,2,4,750,34,784,1.0,166.1284781861903,True
contaminated,2,5,750,34,784,1.0,207.6605977327379,True
contaminated,2,7,750,36,786,1.0,290.72483682583305,True
contaminated,2,10,750,61,811,1.0,415.3211954654758,True
contaminated,2,14,750,77,827,1.0,581.4496736516661,True
contaminated,2,20,750,85,835,1.0,830.6423909309516,True
contaminated,2,28,750,130,880,1.0,1162.8993473033322,False
contaminated,2,39,750,169,919,1.0,1619.7526623153556,False
contaminated,2,54,750,231,981,1.0,2242.734455513569,False
contaminated,2,75,750,314,1064,1.0,3114.9089659910683,False
contaminated,2,105,750,390,1140,1.0,4360.872552387496,False
contaminated,2,146,750,571,1321,1.0,6063.689453795946,False
contaminated,2,204,750,755,1505,1.0,8472.552387495705,False
contaminated,2,284,750,1034,1784,1.0,11795.121951219513,False
contaminated,2,396,750,1477,2227,1.0,16446.719340432843,False
contaminated,2,553,750,2031,2781,1.0,22967.262109240808,False
contaminated,2,770,750,2736,3486,1.0,31979.732050841638,False
contaminated,2,1074,750,4020,4770,1.0,44605.4963929921,False
contaminated,2,1498,750,5817,6567,1.0,62215.11508072827,False
contaminated,2,2088,750,8137,8887,1.0,86719.06561319134,False
contaminated,2,2911,750,11340,12090,1.0,120900.0,False
contaminated,3,1,739,1,740,0.9853333333333333,41.709755256807995,True
contaminated,3,2,747,4,751,0.996,83.41951051361599,True
contaminated,3,3,750,26,776,1.0,125.129265770424,True
contaminated,3,4,750,28,778,1.0,166.83902102723198,True
contaminated,3,5,750,28,778,1.0,208.54877628403997,True
contaminated,3,7,750,40,790,1.0,291.968286797656,True
contaminated,3,10,750,44,794,1.0,417.09755256807995,True
contaminated,3,14,750,68,818,1.0,583.936573595312,True
contaminated,3,20,750,81,831,1.0,834.1951051361599,False
contaminated,3,28,750,116,866,1.0,1167.873147190624,False
contaminated,3,39,750,163,913,1.0,1626.680455015512,False
contaminated,3,54,750,203,953,1.0,2252.326783867632,False
contaminated,3,75,750,290,1040,1.0,3128.2316442605998,False
contaminated,3,105,750,412,1162,1.0,4379.52430196484,False
contaminated,3,146,750,590,1340,1.0,6089.624267493968,False
contaminated,3,203,750,860,1610,1.0,8467.080317132024,False
contaminated,3,284,750,1193,1943,1.0,11845.570492933472,False
contaminated,3,395,750,1626,2376,1.0,16475.35332643916,False
contaminated,3,551,750,2243,2993,1.0,22982.075146501207,False
contaminated,3,768,750,3123,3873,1.0,32033.092037228544,False
contaminated,3,1071,750,4315,5065,1.0,44671.14788004136,False
contaminated,3,1493,750,5881,6631,1.0,62272.66459841434,False
contaminated,3,2081,750,8040,8790,1.0,86798.00068941744,False
contaminated,3,2901,750,11350,12100,1.0,121000.0,False
contaminated,4,1,749,4,753,0.9986666666666667,42.432715833624606,True
contaminated,4,2,750,7,757,1.0,84.86543166724921,True
contaminated,4,3,750,10,760,1.0,127.29814750087382,True
contaminated,4,4,750,12,762,1.0,169.73086333449842,True
contaminated,4,5,750,16,766,1.0,212.16357916812302,True
contaminated,4,7,750,25,775,1.0,297.0290108353722,True
contaminated,4,10,750,43,793,1.0,424.32715833624604,True
contaminated,4,14,750,79,829,1.0,594.0580216707444,True
contaminated,4,20,750,95,845,1.0,848.6543166724921,False
contaminated,4,28,750,122,872,1.0,1188.1160433414889,False
contaminated,4,38,750,176,926,1.0,1612.443201677735,False
contaminated,4,53,750,229,979,1.0,2248.933939182104,False
contaminated,4,75,750,333,1083,1.0,3182.4536875218455,False
contaminated,4,104,750,479,1229,1.0,4413.002446696959,False
contaminated,4,145,750,628,1378,1.0,6152.743795875567,False
contaminated,4,202,750,926,1676,1.0,8571.40859839217,False
contaminated,4,281,750,1252,2002,1.0,11923.593149248514,False
contaminated,4,391,750,1667,2417,1.0,16591.191890947222,False
contaminated,4,545,750,2278,3028,1.0,23125.83012932541,False
contaminated,4,759,750,3174,3924,1.0,32206.43131772108,False
contaminated,4,1058,750,4286,5036,1.0,44893.81335197484,False
contaminated,4,1474,750,6060,6810,1.0,62545.82313876267,False
contaminated,4,2054,750,8274,9024,1.0,87156.79832226493,False
contaminated,4,2861,750,11390,12140,1.0,121400.0,False
contaminated,5,1,750,4,754,1.0,43.308457711442784,True
contaminated,5,2,750,4,754,1.0,86.61691542288557,True
contaminated,5,3,750,12,762,1.0,129.92537313432837,True
contaminated,5,4,750,17,767,1.0,173.23383084577114,True
contaminated,5,5,750,17,767,1.0,216.54228855721394,True
contaminated,5,7,750,18,768,1.0,303.1592039800995,True
contaminated,5,10,750,22,772,1.0,433.0845771144279,True
contaminated,5,14,750,43,793,1.0,606.318407960199,True
contaminated,5,20,750,59,809,1.0,866.1691542288557,False
contaminated,5,27,750,96,846,1.0,1169.3283582089553,False
contaminated,5,38,750,118,868,1.0,1645.721393034826,False
contaminated,5,53,750,182,932,1.0,2295.3482587064677,False
contaminated,5,74,750,281,1031,1.0,3204.8258706467664,False
contaminated,5,103,750,402,1152,1.0,4460.771144278608,False
contaminated,5,143,750,572,1322,1.0,6193.109452736318,False
contaminated,5,199,750,874,1624,1.0,8618.383084577115,False
contaminated,5,278,750,1160,1910,1.0,12039.751243781095,False
contaminated,5,386,750,1544,2294,1.0,16717.064676616916,False
contaminated,5,538,750,2208,2958,1.0,23299.95024875622,False
contaminated,5,749,750,3117,3867,1.0,32438.034825870647,False
contaminated,5,1043,750,4285,5035,1.0,45170.72139303482,False
contaminated,5,1452,750,5984,6734,1.0,62883.880597014926,False
contaminated,5,2021,750,8259,9009,1.0,87526.39303482587,False
contaminated,5,2814,750,11437,12187,1.0,121870.0,False
contaminated,6,1,741,1,742,0.988,41.96051264288189,True
contaminated,6,2,745,2,747,0.9933333333333333,83.92102528576378,True
contaminated,6,3,748,6,754,0.9973333333333333,125.88153792864566,True
contaminated,6,4,750,6,756,1.0,167.84205057152755,True
contaminated,6,5,750,6,756,1.0,209.80256321440942,True
contaminated,6,7,750,14,764,1.0,293.72358850017315,True
contaminated,6,10,750,25,775,1.0,419.60512642881883,True
contaminated,6,14,750,53,803,1.0,587.4471770003463,True
contaminated,6,20,750,76,826,1.0,839.2102528576377,False
contaminated,6,28,750,104,854,1.0,1174.8943540006926,False
contaminated,6,39,750,157,907,1.0,1636.4599930723934,False
contaminated,6,54,750,254,1004,1.0,2265.867682715622,False
contaminated,6,75,750,361,1111,1.0,3147.038448216141,False
contaminated,6,104,750,441,1191,1.0,4363.893314859716,False
contaminated,6,145,750,624,1374,1.0,6084.274333217873,False
contaminated,6,203,750,835,1585,1.0,8517.984066505021,False
contaminated,6,283,750,1086,1836,1.0,11874.825077935573,False
contaminated,6,394,750,1553,2303,1.0,16532.441981295462,False
contaminated,6,549,750,2071,2821,1.0,23036.321440942153,False
contaminated,6,765,750,2913,3663,1.0,32099.792171804642,False
contaminated,6,1066,750,4183,4933,1.0,44729.90647731209,False
contaminated,6,1486,750,5854,6604,1.0,62353.32178732248,False
contaminated,6,2071,750,8170,8920,1.0,86900.22168340838,False
contaminated,6,2887,750,11364,12114,1.0,121140.0,False
contaminated,7,1,750,1,751,1.0,41.56754898590581,True
contaminated,7,2,750,2,752,1.0,83.13509797181162,True
contaminated,7,3,750,7,757,1.0,124.70264695771742,True
contaminated,7,4,750,13,763,1.0,166.27019594362324,True
contaminated,7,5,750,17,767,1.0,207.83774492952904,True
contaminated,7,7,750,26,776,1.0,290.97284290134064,True
contaminated,7,10,750,29,779,1.0,415.6754898590581,True
contaminated,7,14,750,58,808,1.0,581.9456858026813,True
contaminated,7,20,750,85,835,1.0,831.3509797181162,True
contaminated,7,28,750,109,859,1.0,1163.8913716053626,False
contaminated,7,39,750,126,876,1.0,1621.1344104503266,False
contaminated,7,54,750,185,935,1.0,2244.647645238914,False
contaminated,7,75,750,251,1001,1.0,3117.5661739429356,False
contaminated,7,105,750,366,1116,1.0,4364.59264352011,False
contaminated,7,146,750,544,1294,1.0,6068.862151942249,False
contaminated,7,204,750,753,1503,1.0,8479.779993124786,False
contaminated,7,284,750,1023,1773,1.0,11805.18391199725,False
contaminated,7,396,750,1483,2233,1.0,16460.7493984187,False
contaminated,7,552,750,2085,2835,1.0,22945.28704022001,False
contaminated,7,770,750,2882,3632,1.0,32007.01271914747,False
contaminated,7,1073,750,4021,4771,1.0,44601.98006187693,False
contaminated,7,1497,750,5603,6353,1.0,62226.620831901,False
contaminated,7,2087,750,7915,8665,1.0,86751.47473358542,False
contaminated,7,2909,750,11342,12092,1.0,120920.0,False
contaminated,8,1,750,13,763,1.0,42.3047419804742,True
contaminated,8,2,750,24,774,1.0,84.6094839609484,True
contaminated,8,3,750,27,777,1.0,126.91422594142259,True
contaminated,8,4,750,27,777,1.0,169.2189679218968,True
contaminated,8,5,750,28,778,1.0,211.523709902371,True
contaminated,8,7,750,42,792,1.0,296.1331938633194,True
contaminated,8,10,750,48,798,1.0,423.047419804742,True
contaminated,8,14,750,94,844,1.0,592.2663877266388,True
contaminated,8,20,750,110,860,1.0,846.094839609484,True
contaminated,8,28,750,139,889,1.0,1184.5327754532775,False
contaminated,8,38,750,199,949,1.0,1607.5801952580196,False
contaminated,8,54,750,252,1002,1.0,2284.456066945607,False
contaminated,8,75,750,314,1064,1.0,3172.855648535565,False
contaminated,8,104,750,450,1200,1.0,4399.693165969316,False
contaminated,8,145,750,632,1382,1.0,6134.187587168759,False
contaminated,8,202,750,819,1569,1.0,8545.557880055789,False
contaminated,8,281,750,1107,1857,1.0,11887.63249651325,False
contaminated,8,392,750,1615,2365,1.0,16583.458856345886,False
contaminated,8,546,750,2198,2948,1.0,23098.38912133891,False
contaminated,8,761,750,3029,3779,1.0,32193.908647140863,False
contaminated,8,1060,750,4234,4984,1.0,44843.02649930265,False
contaminated,8,1477,750,5915,6665,1.0,62484.103905160395,False
contaminated,8,2058,750,8272,9022,1.0,87063.1589958159,False
contaminated,8,2868,750,11383,12133,1.0,121330.0,False
contaminated,9,1,749,5,754,0.9986666666666667,42.65356265356265,True
contaminated,9,2,749,7,756,0.9986666666666667,85.3071253071253,True
contaminated,9,3,749,9,758,0.9986666666666667,127.96068796068796,True
contaminated,9,4,749,9,758,0.9986666666666667,170.6142506142506,True
contaminated,9,5,749,9,758,0.9986666666666667,213.26781326781327,True
contaminated,9,7,750,16,766,1.0,298.5749385749386,True
contaminated,9,10,750,28,778,1.0,426.53562653562653,True
contaminated,9,14,750,38,788,1.0,597.1498771498772,True
contaminated,9,20,750,42,792,1.0,853.0712530712531,False
contaminated,9,28,750,93,843,1.0,1194.2997542997543,False
contaminated,9,38,750,147,897,1.0,1620.8353808353809,False
contaminated,9,53,750,240,990,1.0,2260.6388206388206,False
contaminated,9,74,750,342,1092,1.0,3156.3636363636365,False
contaminated,9,104,750,505,1255,1.0,4435.970515970516,False
contaminated,9,144,750,692,1442,1.0,6142.1130221130215,False
contaminated,9,201,750,873,1623,1.0,8573.366093366094,False
contaminated,9,280,750,1204,1954,1.0,11942.997542997542,False
contaminated,9,390,750,1583,2333,1.0,16634.889434889432,False
contaminated,9,543,750,2133,2883,1.0,23160.884520884523,False
contaminated,9,757,750,2889,3639,1.0,32288.74692874693,False
contaminated,9,1054,750,4094,4844,1.0,44956.85503685504,False
contaminated,9,1468,750,5891,6641,1.0,62615.42997542997,False
contaminated,9,2045,750,8161,8911,1.0,87226.53562653562,False
contaminated,9,2849,750,11402,12152,1.0,121520.0,False
contaminated,10,1,747,1,748,0.996,41.53211954654758,True
contaminated,10,2,749,10,759,0.9986666666666667,83.06423909309515,True
contaminated,10,3,749,14,763,0.9986666666666667,124.59635863964273,True
contaminated,10,4,750,16,766,1.0,166.1284781861903,True
contaminated,10,5,750,24,774,1.0,207.6605977327379,True
contaminated,10,7,750,32,782,1.0,290.72483682583305,True
contaminated,10,10,750,68,818,1.0,415.3211954654758,True
contaminated,10,14,750,80,830,1.0,581.4496736516661,True
contaminated,10,20,750,112,862,1.0,830.6423909309516,True
contaminated,10,28,750,117,867,1.0,1162.8993473033322,False
contaminated,10,39,750,145,895,1.0,1619.7526623153556,False
contaminated,10,54,750,190,940,1.0,2242.734455513569,False
contaminated,10,75,750,272,1022,1.0,3114.9089659910683,False
contaminated,10,105,750,352,1102,1.0,4360.872552387496,False
contaminated,10,146,750,535,1285,1.0,6063.689453795946,False
contaminated,10,204,750,820,1570,1.0,8472.552387495705,False
contaminated,10,284,750,1140,1890,1.0,11795.121951219513,False
contaminated,10,396,750,1533,2283,1.0,16446.719340432843,False
contaminated,10,553,750,2104,2854,1.0,22967.262109240808,False
contaminated,10,770,750,2912,3662,1.0,31979.732050841638,False
contaminated,10,1074,750,4036,4786,1.0,44605.4963929921,False
contaminated,10,1498,750,5781,6531,1.0,62215.11508072827,False
contaminated,10,2088,750,8101,8851,1.0,86719.06561319134,False
contaminated,10,2911,750,11340,12090,1.0,120900.0,False
contaminated,11,1,674,0,674,0.8986666666666666,40.45745038681466,True
contaminated,11,2,748,2,750,0.9973333333333333,80.91490077362933,True
contaminated,11,3,749,4,753,0.9986666666666667,121.372351160444,True
contaminated,11,4,750,5,755,1.0,161.82980154725865,True
contaminated,11,5,750,9,759,1.0,202.28725193407334,True
contaminated,11,7,750,16,766,1.0,283.2021527077026,True
contaminated,11,10,750,17,767,1.0,404.5745038681467,True
contaminated,11,14,750,24,774,1.0,566.4043054154052,True
contaminated,11,20,750,36,786,1.0,809.1490077362934,False
contaminated,11,28,750,89,839,1.0,1132.8086108308105,False
contaminated,11,39,750,131,881,1.0,1577.840565085772,False
contaminated,11,55,750,201,951,1.0,2225.1597712748066,False
contaminated,11,76,750,277,1027,1.0,3074.7662293979147,False
contaminated,11,106,750,402,1152,1.0,4288.489741002354,False
contaminated,11,148,750,548,1298,1.0,5987.70265724857,False
contaminated,11,207,750,829,1579,1.0,8374.692230070636,False
contaminated,11,289,750,1135,1885,1.0,11692.203161789437,False
contaminated,11,403,750,1498,2248,1.0,16304.352505886312,False
contaminated,11,562,750,2070,2820,1.0,22737.08711738984,False
contaminated,11,784,750,2803,3553,1.0,31718.6411032627,False
contaminated,11,1094,750,3971,4721,1.0,44260.45072317524,False
contaminated,11,1527,750,5673,6423,1.0,61778.526740666,False
contaminated,11,2130,750,8197,8947,1.0,86174.36932391523,False
contaminated,11,2973,750,11278,12028,1.0,120280.0,False
contaminated,12,1,749,1,750,0.9986666666666667,42.46939489331935,True
contaminated,12,2,749,5,754,0.9986666666666667,84.9387897866387,True
contaminated,12,3,750,9,759,1.0,127.40818467995803,True
contaminated,12,4,750,12,762,1.0,169.8775795732774,True
contaminated,12,5,750,12,762,1.0,212.34697446659672,True
contaminated,12,7,750,14,764,1.0,297.2857642532354,True
contaminated,12,10,750,19,769,1.0,424.69394893319344,True
contaminated,12,14,750,33,783,1.0,594.5715285064708,True
contaminated,12,20,750,47,797,1.0,849.3878978663869,False
contaminated,12,28,750,76,826,1.0,1189.1430570129417,False
contaminated,12,38,750,96,846,1.0,1613.837005946135,False
contaminated,12,53,750,159,909,1.0,2250.877929345925,False
contaminated,12,74,750,232,982,1.0,3142.7352221056312,False
contaminated,12,104,750,350,1100,1.0,4416.817068905211,False
contaminated,12,145,750,472,1222,1.0,6158.062259531304,False
contaminated,12,201,750,696,1446,1.0,8536.348373557186,False
contaminated,12,281,750,965,1715,1.0,11933.899965022736,False
contaminated,12,391,750,1454,2204,1.0,16605.533403287864,False
contaminated,12,545,750,2057,2807,1.0,23145.82021685904,False
contaminated,12,759,750,2879,3629,1.0,32234.270724029382,False
contaminated,12,1057,750,4042,4792,1.0,44890.15040223855,False
contaminated,12,1473,750,5837,6587,1.0,62557.418677859394,False
contaminated,12,2052,750,8193,8943,1.0,87147.19832109129,False
contaminated,12,2859,750,11392,12142,1.0,121420.0,False
contaminated,13,1,748,3,751,0.9973333333333333,43.232789212207244,True
contaminated,13,2,750,13,763,1.0,86.46557842441449,True
contaminated,13,3,750,33,783,1.0,129.69836763662173,True
contaminated,13,4,750,37,787,1.0,172.93115684882898,True
contaminated,13,5,750,41,791,1.0,216.16394606103617,True
contaminated,13,7,750,54,804,1.0,302.6295244854507,True
contaminated,13,10,750,64,814,1.0,432.32789212207234,True
contaminated,13,14,750,75,825,1.0,605.2590489709014,True
contaminated,13,20,750,98,848,1.0,864.6557842441447,False
contaminated,13,27,750,129,879,1.0,1167.2853087295955,False
contaminated,13,38,750,178,928,1.0,1642.8459900638752,False
contaminated,13,53,750,222,972,1.0,2291.3378282469835,False
contaminated,13,74,750,275,1025,1.0,3199.226401703336,False
contaminated,13,103,750,416,1166,1.0,4452.977288857345,False
contaminated,13,143,750,587,1337,1.0,6182.288857345636,False
contaminated,13,200,750,820,1570,1.0,8646.557842441447,False
contaminated,13,278,750,1084,1834,1.0,12018.715400993613,False
contaminated,13,387,750,1541,2291,1.0,16731.0894251242,False
contaminated,13,539,750,2075,2825,1.0,23302.4733853797,False
contaminated,13,750,750,2881,3631,1.0,32424.591909155428,False
contaminated,13,1044,750,4070,4820,1.0,45135.03193754436,False
contaminated,13,1454,750,5727,6477,1.0,62860.47551454933,False
contaminated,13,2024,750,7956,8706,1.0,87503.16536550745,False
contaminated,13,2818,750,11433,12183,1.0,121830.0,False
contaminated,14,1,746,2,748,0.9946666666666667,43.55587290253481,True
contaminated,14,2,750,4,754,1.0,87.11174580506962,True
contaminated,14,3,750,13,763,1.0,130.66761870760445,True
contaminated,14,4,750,14,764,1.0,174.22349161013923,True
contaminated,14,5,750,14,764,1.0,217.77936451267405,True
contaminated,14,7,750,25,775,1.0,304.89111031774365,True
contaminated,14,10,750,40,790,1.0,435.5587290253481,True
contaminated,14,14,750,80,830,1.0,609.7822206354873,True
contaminated,14,20,750,88,838,1.0,871.1174580506962,False
contaminated,14,27,750,136,886,1.0,1176.0085683684397,False
contaminated,14,38,750,172,922,1.0,1655.1231702963228,False
contaminated,14,53,750,240,990,1.0,2308.461263834345,False
contaminated,14,74,750,351,1101,1.0,3223.1345947875757,False
contaminated,14,103,750,476,1226,1.0,4486.254908961085,False
contaminated,14,143,750,654,1404,1.0,6228.489825062477,False
contaminated,14,199,750,902,1652,1.0,8667.618707604428,False
contaminated,14,277,750,1193,1943,1.0,12064.976794002143,False
contaminated,14,385,750,1616,2366,1.0,16769.0110674759,False
contaminated,14,536,750,2249,2999,1.0,23345.94787575866,False
contaminated,14,746,750,3025,3775,1.0,32492.68118529097,False
contaminated,14,1038,750,4189,4939,1.0,45210.996072831134,False
contaminated,14,1446,750,5818,6568,1.0,62981.79221706533,False
contaminated,14,2012,750,8051,8801,1.0,87634.41627990003,False
contaminated,14,2801,750,11450,12200,1.0,122000.0,False
contaminated,15,1,746,0,746,0.9946666666666667,41.51442307692308,True
contaminated,15,2,748,2,750,0.9973333333333333,83.02884615384616,True
contaminated,15,3,748,3,751,0.9973333333333333,124.54326923076924,True
contaminated,15,4,750,9,759,1.0,166.05769230769232,True
contaminated,15,5,750,9,759,1.0,207.5721153846154,True
contaminated,15,7,750,12,762,1.0,290.60096153846155,True
contaminated,15,10,750,21,771,1.0,415.1442307692308,True
contaminated,15,14,750,31,781,1.0,581.2019230769231,True
contaminated,15,20,750,42,792,1.0,830.2884615384615,False
contaminated,15,28,750,106,856,1.0,1162.4038461538462,False
contaminated,15,39,750,129,879,1.0,1619.0625,False
contaminated,15,54,750,189,939,1.0,2241.778846153846,False
contaminated,15,75,750,249,999,1.0,3113.5817307692305,False
contaminated,15,105,750,410,1160,1.0,4359.014423076923,False
contaminated,15,146,750,583,1333,1.0,6061.1057692307695,False
contaminated,15,204,750,859,1609,1.0,8468.942307692309,False
contaminated,15,284,750,1115,1865,1.0,11790.096153846154,False
contaminated,15,396,750,1605,2355,1.0,16439.711538461535,False
contaminated,15,553,750,2237,2987,1.0,22957.47596153846,False
contaminated,15,771,750,3052,3802,1.0,32007.62019230769,False
contaminated,15,1074,750,4152,4902,1.0,44586.49038461539,False
contaminated,15,1498,750,5744,6494,1.0,62188.605769230766,False
contaminated,15,2089,750,7988,8738,1.0,86723.62980769231,False
contaminated,15,2912,750,11339,12089,1.0,120890.0,False
contaminated,16,1,750,12,762,1.0,40.305164319248824,True
contaminated,16,2,750,14,764,1.0,80.61032863849765,True
contaminated,16,3,750,19,769,1.0,120.9154929577465,True
contaminated,16,4,750,31,781,1.0,161.2206572769953,True
contaminated,16,5,750,33,783,1.0,201.52582159624413,True
contaminated,16,7,750,43,793,1.0,282.13615023474176,True
contaminated,16,10,750,53,803,1.0,403.05164319248826,True
contaminated,16,14,750,57,807,1.0,564.2723004694835,True
contaminated,16,20,750,87,837,1.0,806.1032863849765,True
contaminated,16,28,750,110,860,1.0,1128.544600938967,False
contaminated,16,39,750,139,889,1.0,1571.9014084507044,False
contaminated,16,55,750,226,976,1.0,2216.7840375586857,False
contaminated,16,76,750,291,1041,1.0,3063.192488262911,False
contaminated,16,106,750,419,1169,1.0,4272.347417840376,False
contaminated,16,148,750,552,1302,1.0,5965.164319248825,False
contaminated,16,207,750,796,1546,1.0,8343.169014084506,False
contaminated,16,289,750,1157,1907,1.0,11648.19248826291,False
contaminated,16,404,750,1689,2439,1.0,16283.286384976527,False
contaminated,16,563,750,2242,2992,1.0,22691.80751173709,False
contaminated,16,786,750,3152,3902,1.0,31679.859154929578,False
contaminated,16,1097,750,4287,5037,1.0,44214.765258215964,False
contaminated,16,1531,750,5861,6611,1.0,61707.20657276996,False
contaminated,16,2137,750,8114,8864,1.0,86132.13615023474,False
contaminated,16,2982,750,11269,12019,1.0,120190.0,False
contaminated,17,1,749,5,754,0.9986666666666667,42.46939489331935,True
contaminated,17,2,749,6,755,0.9986666666666667,84.9387897866387,True
contaminated,17,3,750,7,757,1.0,127.40818467995803,True
contaminated,17,4,750,10,760,1.0,169.8775795732774,True
contaminated,17,5,750,10,760,1.0,212.34697446659672,True
contaminated,17,7,750,18,768,1.0,297.2857642532354,True
contaminated,17,10,750,26,776,1.0,424.69394893319344,True
contaminated,17,14,750,35,785,1.0,594.5715285064708,True
contaminated,17,20,750,75,825,1.0,849.3878978663869,False
contaminated,17,28,750,107,857,1.0,1189.1430570129417,False
contaminated,17,38,750,144,894,1.0,1613.837005946135,False
contaminated,17,53,750,196,946,1.0,2250.877929345925,False
contaminated,17,74,750,262,1012,1.0,3142.7352221056312,False
contaminated,17,104,750,385,1135,1.0,4416.817068905211,False
contaminated,17,145,750,553,1303,1.0,6158.062259531304,False
contaminated,17,201,750,789,1539,1.0,8536.348373557186,False
contaminated,17,281,750,1097,1847,1.0,11933.899965022736,False
contaminated,17,391,750,1541,2291,1.0,16605.533403287864,False
contaminated,17,545,750,2116,2866,1.0,23145.82021685904,False
contaminated,17,759,750,2987,3737,1.0,32234.270724029382,False
contaminated,17,1057,750,4137,4887,1.0,44890.15040223855,False
contaminated,17,1473,750,5846,6596,1.0,62557.418677859394,False
contaminated,17,2052,750,8307,9057,1.0,87147.19832109129,False
contaminated,17,2859,750,11392,12142,1.0,121420.0,False
contaminated,18,1,749,2,751,0.9986666666666667,41.816925734024174,True
contaminated,18,2,750,10,760,1.0,83.63385146804835,True
contaminated,18,3,750,11,761,1.0,125.45077720207253,True
contaminated,18,4,750,12,762,1.0,167.2677029360967,True
contaminated,18,5,750,12,762,1.0,209.08462867012088,True
contaminated,18,7,750,24,774,1.0,292.71848013816924,True
contaminated,18,10,750,30,780,1.0,418.16925734024176,True
contaminated,18,14,750,47,797,1.0,585.4369602763385,True
contaminated,18,20,750,75,825,1.0,836.3385146804835,False
contaminated,18,28,750,102,852,1.0,1170.873920552677,False
contaminated,18,39,750,145,895,1.0,1630.860103626943,False
contaminated,18,54,750,188,938,1.0,2258.1139896373056,False
contaminated,18,75,750,240,990,1.0,3136.2694300518133,False
contaminated,18,105,750,329,1079,1.0,4390.777202072539,False
contaminated,18,146,750,564,1314,1.0,6105.271157167531,False
contaminated,18,203,750,789,1539,1.0,8488.83592400691,False
contaminated,18,283,750,1145,1895,1.0,11834.189982728843,False
contaminated,18,395,750,1561,2311,1.0,16517.685664939552,False
contaminated,18,550,750,2171,2921,1.0,22999.309153713297,False
contaminated,18,767,750,3250,4000,1.0,32073.582037996548,False
contaminated,18,1069,750,4398,5148,1.0,44702.29360967185,False
contaminated,18,1490,750,5994,6744,1.0,62307.21934369603,False
contaminated,18,2077,750,8080,8830,1.0,86853.75474956822,False
contaminated,18,2895,750,11356,12106,1.0,121060.0,False
contaminated,19,1,748,2,750,0.9973333333333333,41.65633608815427,True
contaminated,19,2,749,9,758,0.9986666666666667,83.31267217630854,True
contaminated,19,3,750,9,759,1.0,124.96900826446281,True
contaminated,19,4,750,14,764,1.0,166.62534435261708,True
contaminated,19,5,750,14,764,1.0,208.28168044077137,True
contaminated,19,7,750,30,780,1.0,291.5943526170799,True
contaminated,19,10,750,39,789,1.0,416.56336088154274,True
contaminated,19,14,750,47,797,1.0,583.1887052341598,True
contaminated,19,20,750,81,831,1.0,833.1267217630855,False
contaminated,19,28,750,107,857,1.0,1166.3774104683196,False
contaminated,19,39,750,135,885,1.0,1624.5971074380166,False
contaminated,19,54,750,207,957,1.0,2249.442148760331,False
contaminated,19,75,750,303,1053,1.0,3124.2252066115702,False
contaminated,19,105,750,408,1158,1.0,4373.915289256198,False
contaminated,19,146,750,541,1291,1.0,6081.825068870524,False
contaminated,19,204,750,778,1528,1.0,8497.892561983472,False
contaminated,19,284,750,1054,1804,1.0,11830.399449035813,False
contaminated,19,396,750,1520,2270,1.0,16495.90909090909,False
contaminated,19,551,750,2171,2921,1.0,22952.641184573,False
contaminated,19,769,750,3109,3859,1.0,32033.722451790632,False
contaminated,19,1072,750,4258,5008,1.0,44655.59228650138,False
contaminated,19,1494,750,5944,6694,1.0,62234.56611570248,False
contaminated,19,2083,750,8150,8900,1.0,86770.14807162534,False
contaminated,19,2904,750,11347,12097,1.0,120970.0,False
adversarial,0,1,749,3,752,0.9986666666666667,43.67084078711986,True
adversarial,0,2,749,3,752,0.9986666666666667,87.34168157423971,True
adversarial,0,3,749,4,753,0.9986666666666667,131.01252236135957,True
adversarial,0,4,749,6,755,0.9986666666666667,174.68336314847943,True
adversarial,0,5,750,16,766,1.0,218.3542039355993,True
adversarial,0,7,750,20,770,1.0,305.695885509839,True
adversarial,0,10,750,35,785,1.0,436.7084078711986,True
adversarial,0,14,750,55,805,1.0,611.391771019678,True
adversarial,0,20,750,69,819,1.0,873.4168157423971,False
adversarial,0,27,750,86,836,1.0,1179.112701252236,False
adversarial,0,38,750,116,866,1.0,1659.4919499105545,False
adversarial,0,53,750,181,931,1.0,2314.5545617173525,False
adversarial,0,74,750,250,1000,1.0,3231.642218246869,False
adversarial,0,102,750,390,1140,1.0,4454.425760286225,False
adversarial,0,143,750,575,1325,1.0,6244.930232558139,False
adversarial,0,198,750,758,1508,1.0,8646.826475849732,False
adversarial,0,276,750,1090,1840,1.0,12053.15205724508,False
adversarial,0,384,750,1504,2254,1.0,16769.602862254025,False
adversarial,0,535,750,2085,2835,1.0,23363.899821109124,False
adversarial,0,745,750,2890,3640,1.0,32534.776386404297,False
adversarial,0,1037,750,4116,4866,1.0,45286.66189624329,False
adversarial,0,1443,750,5679,6429,1.0,63017.023255813954,False
adversarial,0,2008,750,8082,8832,1.0,87691.04830053667,False
adversarial,0,2795,750,11456,12206,1.0,122060.0,False
adversarial,1,1,748,2,750,0.9973333333333333,42.82042253521127,True
adversarial,1,2,749,2,751,0.9986666666666667,85.64084507042254,True
adversarial,1,3,749,3,752,0.9986666666666667,128.4612676056338,True
adversarial,1,4,749,3,752,0.9986666666666667,171.2816901408451,True
adversarial,1,5,749,3,752,0.9986666666666667,214.10211267605635,True
adversarial,1,7,749,14,763,0.9986666666666667,299.7429577464789,True
adversarial,1,10,749,16,765,0.9986666666666667,428.2042253521127,True
adversarial,1,14,750,25,775,1.0,599.4859154929578,True
adversarial,1,20,750,48,798,1.0,856.4084507042254,False
adversarial,1,27,750,75,825,1.0,1156.1514084507041,False
adversarial,1,38,750,112,862,1.0,1627.176056338028,False
adversarial,1,53,750,201,951,1.0,2269.4823943661972,False
adversarial,1,74,750,257,1007,1.0,3168.711267605634,False
adversarial,1,103,750,396,1146,1.0,4410.5035211267605,False
adversarial,1,144,750,540,1290,1.0,6166.140845070423,False
adversarial,1,201,750,777,1527,1.0,8606.904929577466,False
adversarial,1,279,750,1129,1879,1.0,11946.897887323943,False
adversarial,1,389,750,1498,2248,1.0,16657.144366197186,False
adversarial,1,542,750,2088,2838,1.0,23208.669014084506,False
adversarial,1,755,750,3058,3808,1.0,32329.419014084506,False
adversarial,1,1051,750,4096,4846,1.0,45004.26408450704,False
adversarial,1,1464,750,5823,6573,1.0,62689.09859154929,False
adversarial,1,2039,750,8244,8994,1.0,87310.84154929577,False
adversarial,1,2840,750,11411,12161,1.0,121610.0,False
adversarial,2,1,739,0,739,0.9853333333333333,41.53211954654758,True
adversarial,2,2,745,3,748,0.9933333333333333,83.06423909309515,True
adversarial,2,3,750,14,764,1.0,124.59635863964273,True
adversarial,2,4,750,14,764,1.0,166.1284781861903,True
adversarial,2,5,750,16,766,1.0,207.6605977327379,True
adversarial,2,7,750,17,767,1.0,290.72483682583305,True
adversarial,2,10,750,39,789,1.0,415.3211954654758,True
adversarial,2,14,750,53,803,1.0,581.4496736516661,True
adversarial,2,20,750,74,824,1.0,830.6423909309516,False
adversarial,2,28,750,122,872,1.0,1162.8993473033322,False
adversarial,2,39,750,170,920,1.0,1619.7526623153556,False
adversarial,2,54,750,213,963,1.0,2242.734455513569,False
adversarial,2,75,750,255,1005,1.0,3114.9089659910683,False
adversarial,2,105,750,334,1084,1.0,4360.872552387496,False
adversarial,2,146,750,492,1242,1.0,6063.689453795946,False
adversarial,2,204,750,679,1429,1.0,8472.552387495705,False
adversarial,2,284,750,987,1737,1.0,11795.121951219513,False
adversarial,2,396,750,1349,2099,1.0,16446.719340432843,False
adversarial,2,553,750,1966,2716,1.0,22967.262109240808,False
adversarial,2,770,750,2887,3637,1.0,31979.732050841638,False
adversarial,2,1074,750,3971,4721,1.0,44605.4963929921,False
adversarial,2,1498,750,5612,6362,1.0,62215.11508072827,False
adversarial,2,2088,750,7945,8695,1.0,86719.06561319134,False
adversarial,2,2911,750,11340,12090,1.0,120900.0,False
adversarial,3,1,746,2,748,0.9946666666666667,41.709755256807995,True
adversarial,3,2,750,9,759,1.0,83.41951051361599,True
adversarial,3,3,750,9,759,1.0,125.129265770424,True
adversarial,3,4,750,9,759,1.0,166.83902102723198,True
adversarial,3,5,750,14,764,1.0,208.54877628403997,True
adversarial,3,7,750,51,801,1.0,291.968286797656,True
adversarial,3,10,750,73,823,1.0,417.09755256807995,True
adversarial,3,14,750,100,850,1.0,583.936573595312,True
adversarial,3,20,750,120,870,1.0,834.1951051361599,True
adversarial,3,28,750,180,930,1.0,1167.873147190624,False
adversarial,3,39,750,219,969,1.0,1626.680455015512,False
adversarial,3,54,750,271,1021,1.0,2252.326783867632,False
adversarial,3,75,750,329,1079,1.0,3128.2316442605998,False
adversarial,3,105,750,406,1156,1.0,4379.52430196484,False
adversarial,3,146,750,562,1312,1.0,6089.624267493968,False
adversarial,3,203,750,723,1473,1.0,8467.080317132024,False
adversarial,3,284,750,1096,1846,1.0,11845.570492933472,False
adversarial,3,395,750,1546,2296,1.0,16475.35332643916,False
adversarial,3,551,750,2103,2853,1.0,22982.075146501207,False
adversarial,3,768,750,2900,3650,1.0,32033.092037228544,False
adversarial,3,1071,750,4179,4929,1.0,44671.14788004136,False
adversarial,3,1493,750,5865,6615,1.0,62272.66459841434,False
adversarial,3,2081,750,8146,8896,1.0,86798.00068941744,False
adversarial,3,2901,750,11350,12100,1.0,121000.0,False
adversarial,4,1,749,5,754,0.9986666666666667,42.432715833624606,True
adversarial,4,2,750,17,767,1.0,84.86543166724921,True
adversarial,4,3,750,25,775,1.0,127.29814750087382,True
adversarial,4,4,750,25,775,1.0,169.73086333449842,True
adversarial,4,5,750,31,781,1.0,212.16357916812302,True
adversarial,4,7,750,32,782,1.0,297.0290108353722,True
adversarial,4,10,750,45,795,1.0,424.32715833624604,True
adversarial,4,14,750,70,820,1.0,594.0580216707444,True
adversarial,4,20,750,81,831,1.0,848.6543166724921,False
adversarial,4,28,750,98,848,1.0,1188.1160433414889,False
adversarial,4,38,750,136,886,1.0,1612.443201677735,False
adversarial,4,53,750,209,959,1.0,2248.933939182104,False
adversarial,4,75,750,308,1058,1.0,3182.4536875218455,False
adversarial,4,104,750,407,1157,1.0,4413.002446696959,False
adversarial,4,145,750,539,1289,1.0,6152.743795875567,False
adversarial,4,202,750,717,1467,1.0,8571.40859839217,False
adversarial,4,281,750,1035,1785,1.0,11923.593149248514,False
adversarial,4,391,750,1472,2222,1.0,16591.191890947222,False
adversarial,4,545,750,2016,2766,1.0,23125.83012932541,False
adversarial,4,759,750,2876,3626,1.0,32206.43131772108,False
adversarial,4,1058,750,3989,4739,1.0,44893.81335197484,False
adversarial,4,1474,750,5773,6523,1.0,62545.82313876267,False
adversarial,4,2054,750,8142,8892,1.0,87156.79832226493,False
adversarial,4,2861,750,11390,12140,1.0,121400.0,False
adversarial,5,1,749,3,752,0.9986666666666667,43.308457711442784,True
adversarial,5,2,750,3,753,1.0,86.61691542288557,True
adversarial,5,3,750,4,754,1.0,129.92537313432837,True
adversarial,5,4,750,4,754,1.0,173.23383084577114,True
adversarial,5,5,750,6,756,1.0,216.54228855721394,True
adversarial,5,7,750,24,774,1.0,303.1592039800995,True
adversarial,5,10,750,47,797,1.0,433.0845771144279,True
adversarial,5,14,750,63,813,1.0,606.318407960199,True
adversarial,5,20,750,82,832,1.0,866.1691542288557,False
adversarial,5,27,750,111,861,1.0,1169.3283582089553,False
adversarial,5,38,750,145,895,1.0,1645.721393034826,False
adversarial,5,53,750,185,935,1.0,2295.3482587064677,False
adversarial,5,74,750,262,1012,1.0,3204.8258706467664,False
adversarial,5,103,750,376,1126,1.0,4460.771144278608,False
adversarial,5,143,750,534,1284,1.0,6193.109452736318,False
adversarial,5,199,750,775,1525,1.0,8618.383084577115,False
adversarial,5,278,750,1087,1837,1.0,12039.751243781095,False
adversarial,5,386,750,1516,2266,1.0,16717.064676616916,False
adversarial,5,538,750,2093,2843,1.0,23299.95024875622,False
adversarial,5,749,750,2847,3597,1.0,32438.034825870647,False
adversarial,5,1043,750,3965,4715,1.0,45170.72139303482,False
adversarial,5,1452,750,5768,6518,1.0,62883.880597014926,False
adversarial,5,2021,750,8009,8759,1.0,87526.39303482587,False
adversarial,5,2814,750,11437,12187,1.0,121870.0,False
adversarial,6,1,745,3,748,0.9933333333333333,41.96051264288189,True
adversarial,6,2,748,4,752,0.9973333333333333,83.92102528576378,True
adversarial,6,3,750,11,761,1.0,125.88153792864566,True
adversarial,6,4,750,24,774,1.0,167.84205057152755,True
adversarial,6,5,750,34,784,1.0,209.80256321440942,True
adversarial,6,7,750,35,785,1.0,293.72358850017315,True
adversarial,6,10,750,38,788,1.0,419.60512642881883,True
adversarial,6,14,750,58,808,1.0,587.4471770003463,True
adversarial,6,20,750,81,831,1.0,839.2102528576377,False
adversarial,6,28,750,97,847,1.0,1174.8943540006926,False
adversarial,6,39,750,114,864,1.0,1636.4599930723934,False
adversarial,6,54,750,173,923,1.0,2265.867682715622,False
adversarial,6,75,750,251,1001,1.0,3147.038448216141,False
adversarial,6,104,750,349,1099,1.0,4363.893314859716,False
adversarial,6,145,750,502,1252,1.0,6084.274333217873,False
adversarial,6,203,750,720,1470,1.0,8517.984066505021,False
adversarial,6,283,750,1019,1769,1.0,11874.825077935573,False
adversarial,6,394,750,1343,2093,1.0,16532.441981295462,False
adversarial,6,549,750,1898,2648,1.0,23036.321440942153,False
adversarial,6,765,750,2830,3580,1.0,32099.792171804642,False
adversarial,6,1066,750,3969,4719,1.0,44729.90647731209,False
adversarial,6,1486,750,5677,6427,1.0,62353.32178732248,False
adversarial,6,2071,750,8132,8882,1.0,86900.22168340838,False
adversarial,6,2887,750,11364,12114,1.0,121140.0,False
adversarial,7,1,750,8,758,1.0,41.56754898590581,True
adversarial,7,2,750,14,764,1.0,83.13509797181162,True
adversarial,7,3,750,14,764,1.0,124.70264695771742,True
adversarial,7,4,750,18,768,1.0,166.27019594362324,True
adversarial,7,5,750,19,769,1.0,207.83774492952904,True
adversarial,7,7,750,24,774,1.0,290.97284290134064,True
adversarial,7,10,750,34,784,1.0,415.6754898590581,True
adversarial,7,14,750,44,794,1.0,581.9456858026813,True
adversarial,7,20,750,66,816,1.0,831.3509797181162,False
adversarial,7,28,750,123,873,1.0,1163.8913716053626,False
adversarial,7,39,750,155,905,1.0,1621.1344104503266,False
adversarial,7,54,750,200,950,1.0,2244.647645238914,False
adversarial,7,75,750,298,1048,1.0,3117.5661739429356,False
adversarial,7,105,750,367,1117,1.0,4364.59264352011,False
adversarial,7,146,750,506,1256,1.0,6068.862151942249,False
adversarial,7,204,750,747,1497,1.0,8479.779993124786,False
adversarial,7,284,750,1090,1840,1.0,11805.18391199725,False
adversarial,7,396,750,1566,2316,1.0,16460.7493984187,False
adversarial,7,552,750,2100,2850,1.0,22945.28704022001,False
adversarial,7,770,750,2978,3728,1.0,32007.01271914747,False
adversarial,7,1073,750,4058,4808,1.0,44601.98006187693,False
adversarial,7,1497,750,5736,6486,1.0,62226.620831901,False
adversarial,7,2087,750,8104,8854,1.0,86751.47473358542,False
adversarial,7,2909,750,11342,12092,1.0,120920.0,False
adversarial,8,1,750,13,763,1.0,42.3047419804742,True
adversarial,8,2,750,14,764,1.0,84.6094839609484,True
adversarial,8,3,750,23,773,1.0,126.91422594142259,True
adversarial,8,4,750,25,775,1.0,169.2189679218968,True
adversarial,8,5,750,26,776,1.0,211.523709902371,True
adversarial,8,7,750,40,790,1.0,296.1331938633194,True
adversarial,8,10,750,61,811,1.0,423.047419804742,True
adversarial,8,14,750,64,814,1.0,592.2663877266388,True
adversarial,8,20,750,113,863,1.0,846.094839609484,True
adversarial,8,28,750,152,902,1.0,1184.5327754532775,False
adversarial,8,38,750,182,932,1.0,1607.5801952580196,False
adversarial,8,54,750,222,972,1.0,2284.456066945607,False
adversarial,8,75,750,298,1048,1.0,3172.855648535565,False
adversarial,8,104,750,427,1177,1.0,4399.693165969316,False
adversarial,8,145,750,565,1315,1.0,6134.187587168759,False
adversarial,8,202,750,734,1484,1.0,8545.557880055789,False
adversarial,8,281,750,1037,1787,1.0,11887.63249651325,False
adversarial,8,392,750,1432,2182,1.0,16583.458856345886,False
adversarial,8,546,750,1978,2728,1.0,23098.38912133891,False
adversarial,8,761,750,2798,3548,1.0,32193.908647140863,False
adversarial,8,1060,750,3902,4652,1.0,44843.02649930265,False
adversarial,8,1477,750,5623,6373,1.0,62484.103905160395,False
adversarial,8,2058,750,8100,8850,1.0,87063.1589958159,False
adversarial,8,2868,750,11383,12133,1.0,121330.0,False
adversarial,9,1,746,3,749,0.9946666666666667,42.65356265356265,True
adversarial,9,2,749,8,757,0.9986666666666667,85.3071253071253,True
adversarial,9,3,749,15,764,0.9986666666666667,127.96068796068796,True
adversarial,9,4,750,15,765,1.0,170.6142506142506,True
adversarial,9,5,750,15,765,1.0,213.26781326781327,True
adversarial,9,7,750,18,768,1.0,298.5749385749386,True
adversarial,9,10,750,25,775,1.0,426.53562653562653,True
adversarial,9,14,750,44,794,1.0,597.1498771498772,True
adversarial,9,20,750,68,818,1.0,853.0712530712531,False
adversarial,9,28,750,96,846,1.0,1194.2997542997543,False
adversarial,9,38,750,121,871,1.0,1620.8353808353809,False
adversarial,9,53,750,214,964,1.0,2260.6388206388206,False
adversarial,9,74,750,293,1043,1.0,3156.3636363636365,False
adversarial,9,104,750,380,1130,1.0,4435.970515970516,False
adversarial,9,144,750,547,1297,1.0,6142.1130221130215,False
adversarial,9,201,750,763,1513,1.0,8573.366093366094,False
adversarial,9,280,750,1043,1793,1.0,11942.997542997542,False
adversarial,9,390,750,1401,2151,1.0,16634.889434889432,False
adversarial,9,543,750,1939,2689,1.0,23160.884520884523,False
adversarial,9,757,750,2786,3536,1.0,32288.74692874693,False
adversarial,9,1054,750,3990,4740,1.0,44956.85503685504,False
adversarial,9,1468,750,5609,6359,1.0,62615.42997542997,False
adversarial,9,2045,750,8099,8849,1.0,87226.53562653562,False
adversarial,9,2849,750,11402,12152,1.0,121520.0,False
adversarial,10,1,748,3,751,0.9973333333333333,41.53211954654758,True
adversarial,10,2,748,3,751,0.9973333333333333,83.06423909309515,True
adversarial,10,3,749,9,758,0.9986666666666667,124.59635863964273,True
adversarial,10,4,749,10,759,0.9986666666666667,166.1284781861903,True
adversarial,10,5,749,11,760,0.9986666666666667,207.6605977327379,True
adversarial,10,7,750,18,768,1.0,290.72483682583305,True
adversarial,10,10,750,27,777,1.0,415.3211954654758,True
adversarial,10,14,750,37,787,1.0,581.4496736516661,True
adversarial,10,20,750,57,807,1.0,830.6423909309516,False
adversarial,10,28,750,76,826,1.0,1162.8993473033322,False
adversarial,10,39,750,110,860,1.0,1619.7526623153556,False
adversarial,10,54,750,174,924,1.0,2242.734455513569,False
adversarial,10,75,750,245,995,1.0,3114.9089659910683,False
adversarial,10,105,750,356,1106,1.0,4360.872552387496,False
adversarial,10,146,750,525,1275,1.0,6063.689453795946,False
adversarial,10,204,750,717,1467,1.0,8472.552387495705,False
adversarial,10,284,750,960,1710,1.0,11795.121951219513,False
adversarial,10,396,750,1385,2135,1.0,16446.719340432843,False
adversarial,10,553,750,1995,2745,1.0,22967.262109240808,False
adversarial,10,770,750,2780,3530,1.0,31979.732050841638,False
adversarial,10,1074,750,3946,4696,1.0,44605.4963929921,False
adversarial,10,1498,750,5638,6388,1.0,62215.11508072827,False
adversarial,10,2088,750,8002,8752,1.0,86719.06561319134,False
adversarial,10,2911,750,11340,12090,1.0,120900.0,False
adversarial,11,1,745,2,747,0.9933333333333333,40.45745038681466,True
adversarial,11,2,749,3,752,0.9986666666666667,80.91490077362933,True
adversarial,11,3,749,3,752,0.9986666666666667,121.372351160444,True
adversarial,11,4,749,3,752,0.9986666666666667,161.82980154725865,True
adversarial,11,5,750,4,754,1.0,202.28725193407334,True
adversarial,11,7,750,11,761,1.0,283.2021527077026,True
adversarial,11,10,750,21,771,1.0,404.5745038681467,True
adversarial,11,14,750,31,781,1.0,566.4043054154052,True
adversarial,11,20,750,43,793,1.0,809.1490077362934,False
adversarial,11,28,750,78,828,1.0,1132.8086108308105,False
adversarial,11,39,750,128,878,1.0,1577.840565085772,False
adversarial,11,55,750,186,936,1.0,2225.1597712748066,False
adversarial,11,76,750,278,1028,1.0,3074.7662293979147,False
adversarial,11,106,750,427,1177,1.0,4288.489741002354,False
adversarial,11,148,750,561,1311,1.0,5987.70265724857,False
adversarial,11,207,750,751,1501,1.0,8374.692230070636,False
adversarial,11,289,750,1009,1759,1.0,11692.203161789437,False
adversarial,11,403,750,1349,2099,1.0,16304.352505886312,False
adversarial,11,562,750,1863,2613,1.0,22737.08711738984,False
adversarial,11,784,750,2662,3412,1.0,31718.6411032627,False
adversarial,11,1094,750,3887,4637,1.0,44260.45072317524,False
adversarial,11,1527,750,5609,6359,1.0,61778.526740666,False
adversarial,11,2130,750,7948,8698,1.0,86174.36932391523,False
adversarial,11,2973,750,11278,12028,1.0,120280.0,False
adversarial,12,1,749,0,749,0.9986666666666667,42.46939489331935,True
adversarial,12,2,749,2,751,0.9986666666666667,84.9387897866387,True
adversarial,12,3,750,7,757,1.0,127.40818467995803,True
adversarial,12,4,750,16,766,1.0,169.8775795732774,True
adversarial,12,5,750,19,769,1.0,212.34697446659672,True
adversarial,12,7,750,27,777,1.0,297.2857642532354,True
adversarial,12,10,750,39,789,1.0,424.69394893319344,True
adversarial,12,14,750,51,801,1.0,594.5715285064708,True
adversarial,12,20,750,72,822,1.0,849.3878978663869,False
adversarial,12,28,750,95,845,1.0,1189.1430570129417,False
adversarial,12,38,750,138,888,1.0,1613.837005946135,False
adversarial,12,53,750,186,936,1.0,2250.877929345925,False
adversarial,12,74,750,256,1006,1.0,3142.7352221056312,False
adversarial,12,104,750,355,1105,1.0,4416.817068905211,False
adversarial,12,145,750,459,1209,1.0,6158.062259531304,False
adversarial,12,201,750,657,1407,1.0,8536.348373557186,False
adversarial,12,281,750,968,1718,1.0,11933.899965022736,False
adversarial,12,391,750,1411,2161,1.0,16605.533403287864,False
adversarial,12,545,750,2009,2759,1.0,23145.82021685904,False
adversarial,12,759,750,2843,3593,1.0,32234.270724029382,False
adversarial,12,1057,750,4027,4777,1.0,44890.15040223855,False
adversarial,12,1473,750,5570,6320,1.0,62557.418677859394,False
adversarial,12,2052,750,8012,8762,1.0,87147.19832109129,False
adversarial,12,2859,750,11392,12142,1.0,121420.0,False
adversarial,13,1,749,5,754,0.9986666666666667,43.232789212207244,True
adversarial,13,2,750,11,761,1.0,86.46557842441449,True
adversarial,13,3,750,13,763,1.0,129.69836763662173,True
adversarial,13,4,750,16,766,1.0,172.93115684882898,True
adversarial,13,5,750,18,768,1.0,216.16394606103617,True
adversarial,13,7,750,30,780,1.0,302.6295244854507,True
adversarial,13,10,750,39,789,1.0,432.32789212207234,True
adversarial,13,14,750,47,797,1.0,605.2590489709014,True
adversarial,13,20,750,58,808,1.0,864.6557842441447,False
adversarial,13,27,750,104,854,1.0,1167.2853087295955,False
adversarial,13,38,750,147,897,1.0,1642.8459900638752,False
adversarial,13,53,750,187,937,1.0,2291.3378282469835,False
adversarial,13,74,750,245,995,1.0,3199.226401703336,False
adversarial,13,103,750,390,1140,1.0,4452.977288857345,False
adversarial,13,143,750,618,1368,1.0,6182.288857345636,False
adversarial,13,200,750,823,1573,1.0,8646.557842441447,False
adversarial,13,278,750,1046,1796,1.0,12018.715400993613,False
adversarial,13,387,750,1486,2236,1.0,16731.0894251242,False
adversarial,13,539,750,2050,2800,1.0,23302.4733853797,False
adversarial,13,750,750,2797,3547,1.0,32424.591909155428,False
adversarial,13,1044,750,4003,4753,1.0,45135.03193754436,False
adversarial,13,1454,750,5765,6515,1.0,62860.47551454933,False
adversarial,13,2024,750,8082,8832,1.0,87503.16536550745,False
adversarial,13,2818,750,11433,12183,1.0,121830.0,False
adversarial,14,1,750,5,755,1.0,43.55587290253481,True
adversarial,14,2,750,10,760,1.0,87.11174580506962,True
adversarial,14,3,750,20,770,1.0,130.66761870760445,True
adversarial,14,4,750,20,770,1.0,174.22349161013923,True
adversarial,14,5,750,29,779,1.0,217.77936451267405,True
adversarial,14,7,750,46,796,1.0,304.89111031774365,True
adversarial,14,10,750,57,807,1.0,435.5587290253481,True
adversarial,14,14,750,90,840,1.0,609.7822206354873,True
adversarial,14,20,750,91,841,1.0,871.1174580506962,False
adversarial,14,27,750,117,867,1.0,1176.0085683684397,False
adversarial,14,38,750,151,901,1.0,1655.1231702963228,False
adversarial,14,53,750,197,947,1.0,2308.461263834345,False
adversarial,14,74,750,287,1037,1.0,3223.1345947875757,False
adversarial,14,103,750,400,1150,1.0,4486.254908961085,False
adversarial,14,143,750,562,1312,1.0,6228.489825062477,False
adversarial,14,199,750,787,1537,1.0,8667.618707604428,False
adversarial,14,277,750,1079,1829,1.0,12064.976794002143,False
adversarial,14,385,750,1521,2271,1.0,16769.0110674759,False
adversarial,14,536,750,2082,2832,1.0,23345.94787575866,False
adversarial,14,746,750,2873,3623,1.0,32492.68118529097,False
adversarial,14,1038,750,4050,4800,1.0,45210.996072831134,False
adversarial,14,1446,750,5715,6465,1.0,62981.79221706533,False
adversarial,14,2012,750,8112,8862,1.0,87634.41627990003,False
adversarial,14,2801,750,11450,12200,1.0,122000.0,False
adversarial,15,1,748,7,755,0.9973333333333333,41.51442307692308,True
adversarial,15,2,748,10,758,0.9973333333333333,83.02884615384616,True
adversarial,15,3,750,15,765,1.0,124.54326923076924,True
adversarial,15,4,750,22,772,1.0,166.05769230769232,True
adversarial,15,5,750,23,773,1.0,207.5721153846154,True
adversarial,15,7,750,32,782,1.0,290.60096153846155,True
adversarial,15,10,750,40,790,1.0,415.1442307692308,True
adversarial,15,14,750,54,804,1.0,581.2019230769231,True
adversarial,15,20,750,79,829,1.0,830.2884615384615,False
adversarial,15,28,750,133,883,1.0,1162.4038461538462,False
adversarial,15,39,750,179,929,1.0,1619.0625,False
adversarial,15,54,750,228,978,1.0,2241.778846153846,False
adversarial,15,75,750,268,1018,1.0,3113.5817307692305,False
adversarial,15,105,750,403,1153,1.0,4359.014423076923,False
adversarial,15,146,750,519,1269,1.0,6061.1057692307695,False
adversarial,15,204,750,710,1460,1.0,8468.942307692309,False
adversarial,15,284,750,979,1729,1.0,11790.096153846154,False
adversarial,15,396,750,1459,2209,1.0,16439.711538461535,False
adversarial,15,553,750,2027,2777,1.0,22957.47596153846,False
adversarial,15,771,750,2844,3594,1.0,32007.62019230769,False
adversarial,15,1074,750,4107,4857,1.0,44586.49038461539,False
adversarial,15,1498,750,5700,6450,1.0,62188.605769230766,False
adversarial,15,2089,750,8154,8904,1.0,86723.62980769231,False
adversarial,15,2912,750,11339,12089,1.0,120890.0,False
adversarial,16,1,749,2,751,0.9986666666666667,40.305164319248824,True
adversarial,16,2,750,14,764,1.0,80.61032863849765,True
adversarial,16,3,750,16,766,1.0,120.9154929577465,True
adversarial,16,4,750,34,784,1.0,161.2206572769953,True
adversarial,16,5,750,35,785,1.0,201.52582159624413,True
adversarial,16,7,750,42,792,1.0,282.13615023474176,True
adversarial,16,10,750,59,809,1.0,403.05164319248826,True
adversarial,16,14,750,71,821,1.0,564.2723004694835,True
adversarial,16,20,750,80,830,1.0,806.1032863849765,True
adversarial,16,28,750,102,852,1.0,1128.544600938967,False
adversarial,16,39,750,132,882,1.0,1571.9014084507044,False
adversarial,16,55,750,176,926,1.0,2216.7840375586857,False
adversarial,16,76,750,264,1014,1.0,3063.192488262911,False
adversarial,16,106,750,322,1072,1.0,4272.347417840376,False
adversarial,16,148,750,462,1212,1.0,5965.164319248825,False
adversarial,16,207,750,681,1431,1.0,8343.169014084506,False
adversarial,16,289,750,953,1703,1.0,11648.19248826291,False
adversarial,16,404,750,1387,2137,1.0,16283.286384976527,False
adversarial,16,563,750,1945,2695,1.0,22691.80751173709,False
adversarial,16,786,750,2734,3484,1.0,31679.859154929578,False
adversarial,16,1097,750,3807,4557,1.0,44214.765258215964,False
adversarial,16,1531,750,5680,6430,1.0,61707.20657276996,False
adversarial,16,2137,750,7968,8718,1.0,86132.13615023474,False
adversarial,16,2982,750,11269,12019,1.0,120190.0,False
adversarial,17,1,743,0,743,0.9906666666666667,42.46939489331935,True
adversarial,17,2,749,5,754,0.9986666666666667,84.9387897866387,True
adversarial,17,3,750,9,759,1.0,127.40818467995803,True
adversarial,17,4,750,14,764,1.0,169.8775795732774,True
adversarial,17,5,750,17,767,1.0,212.34697446659672,True
adversarial,17,7,750,30,780,1.0,297.2857642532354,True
adversarial,17,10,750,33,783,1.0,424.69394893319344,True
adversarial,17,14,750,38,788,1.0,594.5715285064708,True
adversarial,17,20,750,53,803,1.0,849.3878978663869,False
adversarial,17,28,750,92,842,1.0,1189.1430570129417,False
adversarial,17,38,750,135,885,1.0,1613.837005946135,False
adversarial,17,53,750,183,933,1.0,2250.877929345925,False
adversarial,17,74,750,269,1019,1.0,3142.7352221056312,False
adversarial,17,104,750,370,1120,1.0,4416.817068905211,False
adversarial,17,145,750,499,1249,1.0,6158.062259531304,False
adversarial,17,201,750,680,1430,1.0,8536.348373557186,False
adversarial,17,281,750,974,1724,1.0,11933.899965022736,False
adversarial,17,391,750,1402,2152,1.0,16605.533403287864,False
adversarial,17,545,750,1957,2707,1.0,23145.82021685904,False
adversarial,17,759,750,2929,3679,1.0,32234.270724029382,False
adversarial,17,1057,750,3912,4662,1.0,44890.15040223855,False
adversarial,17,1473,750,5789,6539,1.0,62557.418677859394,False
adversarial,17,2052,750,8208,8958,1.0,87147.19832109129,False
adversarial,17,2859,750,11392,12142,1.0,121420.0,False
adversarial,18,1,749,3,752,0.9986666666666667,41.816925734024174,True
adversarial,18,2,750,4,754,1.0,83.63385146804835,True
adversarial,18,3,750,12,762,1.0,125.45077720207253,True
adversarial,18,4,750,12,762,1.0,167.2677029360967,True
adversarial,18,5,750,15,765,1.0,209.08462867012088,True
adversarial,18,7,750,17,767,1.0,292.71848013816924,True
adversarial,18,10,750,28,778,1.0,418.16925734024176,True
adversarial,18,14,750,42,792,1.0,585.4369602763385,True
adversarial,18,20,750,67,817,1.0,836.3385146804835,False
adversarial,18,28,750,89,839,1.0,1170.873920552677,False
adversarial,18,39,750,124,874,1.0,1630.860103626943,False
adversarial,18,54,750,179,929,1.0,2258.1139896373056,False
adversarial,18,75,750,253,1003,1.0,3136.2694300518133,False
adversarial,18,105,750,404,1154,1.0,4390.777202072539,False
adversarial,18,146,750,564,1314,1.0,6105.271157167531,False
adversarial,18,203,750,734,1484,1.0,8488.83592400691,False
adversarial,18,283,750,1077,1827,1.0,11834.189982728843,False
adversarial,18,395,750,1451,2201,1.0,16517.685664939552,False
adversarial,18,550,750,2027,2777,1.0,22999.309153713297,False
adversarial,18,767,750,2811,3561,1.0,32073.582037996548,False
adversarial,18,1069,750,4101,4851,1.0,44702.29360967185,False
adversarial,18,1490,750,5757,6507,1.0,62307.21934369603,False
adversarial,18,2077,750,8042,8792,1.0,86853.75474956822,False
adversarial,18,2895,750,11356,12106,1.0,121060.0,False
adversarial,19,1,750,15,765,1.0,41.65633608815427,True
adversarial,19,2,750,19,769,1.0,83.31267217630854,True
adversarial,19,3,750,20,770,1.0,124.96900826446281,True
adversarial,19,4,750,23,773,1.0,166.62534435261708,True
adversarial,19,5,750,30,780,1.0,208.28168044077137,True
adversarial,19,7,750,38,788,1.0,291.5943526170799,True
adversarial,19,10,750,46,796,1.0,416.56336088154274,True
adversarial,19,14,750,66,816,1.0,583.1887052341598,True
adversarial,19,20,750,106,856,1.0,833.1267217630855,True
adversarial,19,28,750,149,899,1.0,1166.3774104683196,False
adversarial,19,39,750,180,930,1.0,1624.5971074380166,False
adversarial,19,54,750,288,1038,1.0,2249.442148760331,False
adversarial,19,75,750,341,1091,1.0,3124.2252066115702,False
adversarial,19,105,750,446,1196,1.0,4373.915289256198,False
adversarial,19,146,750,589,1339,1.0,6081.825068870524,False
adversarial,19,204,750,765,1515,1.0,8497.892561983472,False
adversarial,19,284,750,1079,1829,1.0,11830.399449035813,False
adversarial,19,396,750,1501,2251,1.0,16495.90909090909,False
adversarial,19,551,750,2056,2806,1.0,22952.641184573,False
adversarial,19,769,750,2916,3666,1.0,32033.722451790632,False
adversarial,19,1072,750,4002,4752,1.0,44655.59228650138,False
adversarial,19,1494,750,5652,6402,1.0,62234.56611570248,False
adversarial,19,2083,750,8110,8860,1.0,86770.14807162534,False
adversarial,19,2904,750,11347,12097,1.0,120970.0,False
