dataset,detector,n_nodes,anomaly_rate,detector_auroc,degree_auroc,neg_degree_auroc,random_auroc,best_free_baseline,best_free_auroc,gap_vs_baseline,spearman_score_degree
amazon,dominant_ours,11944,0.06873744139316812,0.825234088441324,0.25542130334671015,0.7445786966532899,0.5037841178635571,neg_degree,0.7445786966532899,0.08065539178803405,-0.08255771302537285
amazon,anomalydae,11944,0.06873744139316812,0.851256092643478,0.25542130334671015,0.7445786966532899,0.5037841178635571,neg_degree,0.7445786966532899,0.1066773959901881,-0.08106817640779777
amazon,dominant_pygod,11944,0.06873744139316812,0.38341331048615984,0.25542130334671015,0.7445786966532899,0.5037841178635571,neg_degree,0.7445786966532899,-0.36116538616713006,0.9015740989549209
amazon,gae,11944,0.06873744139316812,0.8588867828597578,0.25542130334671015,0.7445786966532899,0.5037841178635571,neg_degree,0.7445786966532899,0.11430808620646793,-0.09059481085107451
amazon,ocgnn,11944,0.06873744139316812,0.2770977015616433,0.25542130334671015,0.7445786966532899,0.5037841178635571,neg_degree,0.7445786966532899,-0.4674809950916466,0.5935326398123799
reddit,dominant_ours,10984,0.03332119446467589,0.5768779499773729,0.5561340573333046,0.4438659426666955,0.4850820392631545,degree,0.5561340573333046,0.020743892644068285,0.13140409979676718
reddit,anomalydae,10984,0.03332119446467589,0.5484642877115912,0.5561340573333046,0.4438659426666955,0.4850820392631545,degree,0.5561340573333046,-0.007669769621713396,0.3928708530280557
reddit,dominant_pygod,10984,0.03332119446467589,0.5477628291100002,0.5561340573333046,0.4438659426666955,0.4850820392631545,degree,0.5561340573333046,-0.008371228223304383,0.5787593906572643
reddit,gae,10984,0.03332119446467589,0.5388008763343412,0.5561340573333046,0.4438659426666955,0.4850820392631545,degree,0.5561340573333046,-0.017333180998963416,0.4079421561952389
reddit,ocgnn,10984,0.03332119446467589,0.5347103210995797,0.5561340573333046,0.4438659426666955,0.4850820392631545,degree,0.5561340573333046,-0.021423736233724844,0.03927691077666496
tolokers,dominant_ours,11758,0.21823439360435448,0.4093433429975482,0.5595743011137816,0.44042569888621846,0.48991532166979723,degree,0.5595743011137816,-0.15023095811623338,-0.22606808179444937
tolokers,anomalydae,11758,0.21823439360435448,0.42124249943640485,0.5595743011137816,0.44042569888621846,0.48991532166979723,degree,0.5595743011137816,-0.13833180167737674,-0.16345273561917223
tolokers,dominant_pygod,11758,0.21823439360435448,0.5302515123795337,0.5595743011137816,0.44042569888621846,0.48991532166979723,degree,0.5595743011137816,-0.029322788734247873,0.9090799275247187
tolokers,gae,11758,0.21823439360435448,0.43621619588101845,0.5595743011137816,0.44042569888621846,0.48991532166979723,degree,0.5595743011137816,-0.12335810523276314,-0.160175255580223
tolokers,ocgnn,11758,0.21823439360435448,0.5618197076156681,0.5595743011137816,0.44042569888621846,0.48991532166979723,degree,0.5595743011137816,0.0022454065018865377,0.23705202771435177
weibo,dominant_ours,8405,0.041284949434860205,0.7732665361527581,0.22183835778502115,0.7781616422149789,0.48110027945807876,neg_degree,0.7781616422149789,-0.0048951060622207665,-0.15504198033866282
weibo,anomalydae,8405,0.041284949434860205,0.7074255595062597,0.22183835778502115,0.7781616422149789,0.48110027945807876,neg_degree,0.7781616422149789,-0.07073608270871912,-0.12718581887600755
weibo,dominant_pygod,8405,0.041284949434860205,0.5351895205485495,0.22183835778502115,0.7781616422149789,0.48110027945807876,neg_degree,0.7781616422149789,-0.24297212166642934,0.4261636565190848
weibo,gae,8405,0.041284949434860205,0.6609061966449294,0.22183835778502115,0.7781616422149789,0.48110027945807876,neg_degree,0.7781616422149789,-0.11725544557004941,-0.09679863739937092
weibo,ocgnn,8405,0.041284949434860205,0.6027081159194304,0.22183835778502115,0.7781616422149789,0.48110027945807876,neg_degree,0.7781616422149789,-0.17545352629554845,0.13355482498371435
