dataset,seed,degree_norm,n_zero_exposure,n_isolated,exposure_degree_r,r_used,p_used,r_raw,p_raw,spearman_raw,p_spearman_raw,partial_r_ctrl_degree,partial_p_ctrl_degree,partial_r_ctrl_logdegree,partial_p_ctrl_logdegree,partial_r_raw_ctrl_degree,partial_p_raw_ctrl_degree
amazon,0,True,267,0,-0.1883373308161724,0.269814109525245,8.241725321302883e-185,-0.06179683142877469,6.89405695661243e-11,0.030727553098734636,0.0011906859993506904,0.19816114623412787,7.077131142364278e-99,0.057009592791255795,1.7822844366919479e-09,-0.03824935192456661,5.4640953146068296e-05
amazon,1,True,267,0,-0.1883373308161724,0.26953977359863024,2.0035533412064052e-184,-0.0629997642704299,2.927553678692033e-11,0.029655133637991785,0.0017603979122048851,0.19780256246309466,1.612419115452609e-98,0.05626758769365301,2.8840126716120025e-09,-0.03947987727982531,3.117092765354759e-05
amazon,2,True,267,0,-0.1883373308161724,0.2698522178319103,7.284383204224807e-185,-0.06160649555246594,7.883075325729196e-11,0.03171549000904075,0.0008217587636476965,0.19820961263928782,6.330929609266221e-99,0.0571047815182363,1.6748388426535048e-09,-0.0380531180692018,5.9668355559057435e-05
reddit,0,False,9849,0,0.22796099063667008,0.022025950688387266,0.02322924478811838,0.022025950688387266,0.02322924478811838,0.06760568994323803,3.091563058329492e-12,0.02239774070603977,0.021007219455714012,0.014424675847431527,0.13722516920079103,0.02239774070603977,0.021007219455714012
reddit,1,False,9849,0,0.22796099063667008,0.022557961335373397,0.020099919013610038,0.022557961335373397,0.020099919013610038,0.06832000994402385,1.8235551478214405e-12,0.023034380000134358,0.017621779693790408,0.015479987441747958,0.11072397385561217,0.023034380000134358,0.017621779693790408
reddit,2,False,9849,0,0.22796099063667008,0.021476172526577034,0.02689912650556068,0.021476172526577034,0.02689912650556068,0.06876046385256823,1.3133744835094417e-12,0.02210110920556793,0.022769368282285964,0.015202726706432605,0.11726033498632615,0.02210110920556793,0.022769368282285964
tolokers,0,True,821,0,-0.03947343308040446,0.18891588016882235,1.3181680386658993e-74,-0.05708365234215451,4.3354651376015175e-08,-0.0762818770959197,2.4213436666362345e-13,0.18950550243081135,4.621598124435384e-75,0.14490662645329347,2.584197824790626e-44,-0.0604584320959635,6.6058359307345545e-09
tolokers,1,True,821,0,-0.03947343308040446,0.18889168513422575,1.3770283022888815e-74,-0.0590020517005706,1.505114441365274e-08,-0.07627957559849484,2.4253469693510667e-13,0.18948003225179127,4.839812118675774e-75,0.14486791207039684,2.724617324108745e-44,-0.062366298888406786,2.1765532367821858e-09
tolokers,2,True,821,0,-0.03947343308040446,0.18890173420932638,1.3522699118013455e-74,-0.05829632284628507,2.2298405756472127e-08,-0.07619127467333495,2.583948475213357e-13,0.18949075519421932,4.746719441268491e-75,0.14488436114079484,2.6640513269822586e-44,-0.06166034845973125,3.2949473317251894e-09
