condition,seed,n_calib,n_discoveries,realized_fdr,power
clean,0,9750,5,0.0,0.01366120218579235
clean,1,9761,6,0.0,0.01639344262295082
clean,2,9753,6,0.0,0.01639344262295082
clean,3,9752,6,0.0,0.01639344262295082
clean,4,9753,6,0.0,0.01639344262295082
clean,5,9752,6,0.0,0.01639344262295082
clean,6,9753,6,0.0,0.01639344262295082
clean,7,9753,6,0.0,0.01639344262295082
clean,8,9755,6,0.0,0.01639344262295082
clean,9,9755,6,0.0,0.01639344262295082
clean,10,9753,6,0.0,0.01639344262295082
clean,11,9755,6,0.0,0.01639344262295082
clean,12,9753,6,0.0,0.01639344262295082
clean,13,9753,6,0.0,0.01639344262295082
clean,14,9757,6,0.0,0.01639344262295082
clean,15,9753,6,0.0,0.01639344262295082
clean,16,9753,6,0.0,0.01639344262295082
clean,17,9753,6,0.0,0.01639344262295082
clean,18,9753,6,0.0,0.01639344262295082
clean,19,9753,6,0.0,0.01639344262295082
contaminated,0,4000,0,0.0,0.0
contaminated,1,4000,0,0.0,0.0
contaminated,2,4000,0,0.0,0.0
contaminated,3,4000,0,0.0,0.0
contaminated,4,4000,0,0.0,0.0
contaminated,5,4000,0,0.0,0.0
contaminated,6,4000,0,0.0,0.0
contaminated,7,4000,0,0.0,0.0
contaminated,8,4000,0,0.0,0.0
contaminated,9,4000,0,0.0,0.0
contaminated,10,4000,0,0.0,0.0
contaminated,11,4000,0,0.0,0.0
contaminated,12,4000,0,0.0,0.0
contaminated,13,4000,0,0.0,0.0
contaminated,14,4000,0,0.0,0.0
contaminated,15,4000,0,0.0,0.0
contaminated,16,4000,0,0.0,0.0
contaminated,17,4000,0,0.0,0.0
contaminated,18,4000,0,0.0,0.0
contaminated,19,4000,0,0.0,0.0
adversarial,0,4000,0,0.0,0.0
adversarial,1,4000,0,0.0,0.0
adversarial,2,4000,0,0.0,0.0
adversarial,3,4000,0,0.0,0.0
adversarial,4,4000,0,0.0,0.0
adversarial,5,4000,0,0.0,0.0
adversarial,6,4000,0,0.0,0.0
adversarial,7,4000,0,0.0,0.0
adversarial,8,4000,0,0.0,0.0
adversarial,9,4000,0,0.0,0.0
adversarial,10,4000,0,0.0,0.0
adversarial,11,4000,0,0.0,0.0
adversarial,12,4000,0,0.0,0.0
adversarial,13,4000,0,0.0,0.0
adversarial,14,4000,0,0.0,0.0
adversarial,15,4000,0,0.0,0.0
adversarial,16,4000,0,0.0,0.0
adversarial,17,4000,0,0.0,0.0
adversarial,18,4000,0,0.0,0.0
adversarial,19,4000,0,0.0,0.0
