dataset,seed,n_nodes,auroc,z_all_zero,z_std,mean_exposure,pearson_r,pearson_p,spearman_r,exposure_gap
amazon,0,11944,0.7542235897723419,False,0.046108730137348175,0.03165379636726882,0.26981425059294456,8.237959346648196e-185,0.23661842576006206,-109.3157450632614
amazon,1,11944,0.7541812112440419,False,0.05034399405121803,0.03165379636726882,0.2695167792832992,2.1583203774011474e-184,0.23634165190118533,-109.31889989171316
amazon,2,11944,0.7541862484851318,False,0.04248831793665886,0.03165379636726882,0.26985409406623423,7.240229854334079e-185,0.2366754264060941,-109.32258533044464
reddit,0,10984,0.5773250033194482,False,0.07095308601856232,0.005475536836528743,0.022025950688387266,0.02322924478811838,0.06760568994323803,1.9794921875
reddit,1,10984,0.5767542640757473,False,0.07512778788805008,0.005475536836528743,0.022557961335373397,0.020099919013610038,0.06832000994402385,2.0859375
reddit,2,10984,0.576554582536923,True,0.0,0.005475536836528743,0.021476172526577034,0.02689912650556068,0.06876046385256823,2.0054931640625
tolokers,0,11758,0.4390217916287639,True,0.0,0.32138250879549657,0.18891588016882235,1.3181680386658993e-74,0.03176646744156886,-587.8111390467901
tolokers,1,11758,0.43902018054942216,False,0.00509505532681942,0.32138250879549657,0.18889168513422575,1.3770283022888815e-74,0.031768201189860255,-587.8009452216324
tolokers,2,11758,0.43902471700967394,False,0.0033177081495523453,0.32138250879549657,0.18890173420932638,1.3522699118013455e-74,0.03176950196718699,-587.7977898665683
