dataset,detector,seed,alpha,degree_norm,n_calib,n_null,m_test,n_discoveries,realized_fdr,power,spearman_score_degree,spearman_p,min_rank_used,gamma_hat,gamma_at_bh,mean_p,ks_uniform,n_sim,q_kendall_tau,q_kendall_p,q_is_monotone,q_first_bin,q_last_bin,gamma_hat_null_mean,gamma_hat_null_p,gamma_at_bh_null_mean,gamma_at_bh_null_p,mean_p_null_mean,mean_p_null_p,ks_uniform_null_mean,ks_uniform_null_p,gamma_t0.001,n_below_t0.001,gamma_t0.002,n_below_t0.002,gamma_t0.005,n_below_t0.005,gamma_t0.01,n_below_t0.01,gamma_t0.02,n_below_t0.02,gamma_t0.05,n_below_t0.05
amazon,dominant_ours,0,0.1,off,267,5000,5821,0,0.0,0.0,0.004164352216489989,0.6605538716650139,66,1.1276883116883116,nan,0.4889828358208955,0.03668656716417912,200,-0.9211323729436766,6.334248366623973e-05,True,0.1624863685932388,0.0,1.057334732757895,0.21,nan,nan,0.5036522985074626,0.235,0.019385000000000003,0.265,0.0,0,0.0,0,0.16,4,0.9400000000000001,47,1.01,101,1.452,363
amazon,dominant_ours,1,0.1,off,267,5000,5821,0,0.0,0.0,0.005100043122544354,0.590699714328743,66,1.1099415730337077,nan,0.4878171641791045,0.036510447761194,200,-0.9211323729436766,6.334248366623973e-05,True,0.1624863685932388,0.0,1.0607680342665684,0.275,nan,nan,0.5029262014925373,0.215,0.01932291044776119,0.27,0.0,0,0.0,0,0.0,0,0.84,42,1.06,106,1.452,363
amazon,dominant_ours,2,0.1,off,267,5000,5821,0,0.0,0.0,0.00413690961391182,0.662651996621187,66,1.1134181818181819,nan,0.48937611940298503,0.03457910447761192,200,-0.9211323729436766,6.334248366623973e-05,True,0.1624863685932388,0.0,1.0677237361751144,0.255,nan,nan,0.501036432835821,0.235,0.022643149253731343,0.32,0.0,0,0.0,0,0.16,4,0.8,40,0.8200000000000001,82,1.3559999999999999,339
amazon,dominant_ours,3,0.1,off,267,5000,5821,0,0.0,0.0,0.005174719874479347,0.585273937711756,66,1.102714606741573,nan,0.49052910447761194,0.03411044776119404,200,-0.9211323729436766,6.334248366623973e-05,True,0.1624863685932388,0.0,1.0541078985091907,0.25,nan,nan,0.5036716828358209,0.23,0.01832811940298508,0.27,0.0,0,0.0,0,0.08,2,1.0,50,1.1199999999999999,112,1.4799999999999998,370
amazon,dominant_ours,4,0.1,off,267,5000,5821,0,0.0,0.0,0.0014169649637567967,0.881218768486662,66,1.0858060606060607,nan,0.49633656716417907,0.024155223880596988,200,-0.9211323729436766,6.334248366623973e-05,True,0.1624863685932388,0.0,1.069461666760508,0.385,nan,nan,0.5012969029850747,0.39,0.022727761194029847,0.47,0.0,0,0.0,0,0.08,2,0.8,40,0.8500000000000001,85,1.3279999999999998,332
amazon,anomalydae,0,0.1,off,265,5000,5821,0,0.0,0.0,0.0027763679028292116,0.7696910363894794,66,0.8365846153846154,nan,0.5880263157894736,-0.0448390977443609,200,-0.9211323729436766,6.334248366623973e-05,True,0.16030534351145037,0.0,1.0599298168688938,0.995,nan,nan,0.5031221353383458,1.0,0.01959809774436091,0.985,0.0,0,0.0,0,0.11999999999999998,3,0.13999999999999999,7,0.44999999999999996,45,0.576,144
amazon,anomalydae,1,0.1,off,265,5000,5821,0,0.0,0.0,0.01641774624427251,0.08337508071041881,66,0.897841095890411,nan,0.5766127819548872,-0.027398496240601505,200,-0.9211323729436766,6.334248366623973e-05,True,0.16030534351145037,0.0,1.0696732150401016,0.985,nan,nan,0.5009518947368421,1.0,0.02260434586466166,0.965,0.0,0,0.0,0,0.16,4,0.11999999999999998,6,0.29,29,0.6839999999999999,171
amazon,anomalydae,2,0.1,off,256,5000,5821,0,0.0,0.0,-0.24646350837031533,1.4162600849300713e-153,64,0.48990625,nan,0.7006303501945526,-0.16750038910505838,200,-0.9211323729436766,6.334248366623973e-05,True,0.1504907306434024,0.0,1.0563083711997987,1.0,nan,nan,0.5045457392996109,1.0,0.018241715953307393,1.0,0.0,0,0.0,0,0.16,4,0.1,5,0.13999999999999999,14,0.12399999999999999,31
amazon,anomalydae,3,0.1,off,259,5000,5821,0,0.0,0.0,-0.22186555813886813,4.315979079221229e-124,64,0.4472,nan,0.723316923076923,-0.18795384615384617,200,-0.9211323729436766,6.334248366623973e-05,True,0.15376226826608505,0.0,1.065048367400084,1.0,nan,nan,0.5030599384615384,1.0,0.021593692307692307,1.0,0.0,0,0.0,0,0.04,1,0.05999999999999999,3,0.23999999999999996,24,0.188,47
amazon,anomalydae,4,0.1,off,241,5000,5821,0,0.0,0.0,-0.3067955814382191,4.7173235913079726e-241,60,0.3576,nan,0.7453289256198348,-0.17933388429752067,200,-0.9211323729436766,6.334248366623973e-05,True,0.13849509269356597,0.0,1.0602982205318405,1.0,nan,nan,0.5040821528925621,1.0,0.019405925619834705,1.0,0.0,0,0.0,0,0.0,0,0.02,1,0.01,1,0.04,10
amazon,dominant_pygod,0,0.1,off,267,5000,5821,3418,0.9028671737858397,0.4043848964677223,0.9178217061668204,0.0,66,3.3361939393939397,10.511179637214743,0.13113283582089552,0.575331343283582,200,-0.9211323729436766,6.334248366623973e-05,True,0.1624863685932388,0.0,1.057334732757895,0.0,0.9275451843183147,0.0,0.5036522985074626,0.0,0.019385000000000003,0.0,0.0,0,0.0,0,79.88,1997,42.3,2115,25.81,2581,12.075999999999999,3019
amazon,dominant_pygod,1,0.1,off,267,5000,5821,3491,0.8971641363506159,0.43727161997563946,0.9175603059680806,0.0,66,3.2322424242424246,10.444784875393868,0.14072686567164178,0.5518,200,-0.9211323729436766,6.334248366623973e-05,True,0.1624863685932388,0.0,1.0607680342665684,0.0,1.0103128358636493,0.0,0.5029262014925373,0.0,0.01932291044776119,0.0,0.0,0,0.0,0,81.6,2040,46.019999999999996,2301,25.569999999999997,2557,12.168000000000001,3042
amazon,dominant_pygod,2,0.1,off,267,5000,5821,3357,0.9031873696753053,0.39585870889159563,0.9181401920697632,0.0,66,3.2777212121212123,10.514907357759904,0.13836716417910447,0.5609313432835821,200,-0.9211323729436766,6.334248366623973e-05,True,0.1624863685932388,0.0,1.0677237361751144,0.0,0.9704614447423293,0.0,0.501036432835821,0.0,0.022643149253731343,0.0,0.0,0,0.0,0,79.27999999999999,1982,42.3,2115,25.81,2581,11.883999999999999,2971
amazon,dominant_pygod,3,0.1,off,267,5000,5821,3607,0.8954810091488772,0.4591961023142509,0.9179866852257218,0.0,66,3.2964,10.425189908511229,0.13607164179104478,0.565531343283582,200,-0.9211323729436766,6.334248366623973e-05,True,0.1624863685932388,0.0,1.0541078985091907,0.0,0.9280516967008594,0.0,0.5036716828358209,0.0,0.01832811940298508,0.0,0.0,0,0.0,0,90.03999999999999,2251,49.84,2492,25.709999999999997,2571,12.223999999999998,3056
amazon,dominant_pygod,4,0.1,off,267,5000,5821,3362,0.9071980963712076,0.3800243605359318,0.9192297221361041,0.0,66,3.2964,10.561600237953598,0.13631044776119403,0.565531343283582,200,-0.9211323729436766,6.334248366623973e-05,True,0.1624863685932388,0.0,1.069461666760508,0.0,0.9411770939916715,0.0,0.5012969029850747,0.0,0.022727761194029847,0.0,0.0,0,0.0,0,79.84,1996,43.84,2192,26.169999999999998,2617,11.835999999999999,2959
amazon,gae,0,0.1,off,265,5000,5821,0,0.0,0.0,-0.0206147369368565,0.02969515003349972,66,1.2793951219512194,nan,0.45321203007518795,0.08612932330827067,200,-0.9211323729436766,6.334248366623973e-05,True,0.16030534351145037,0.0,1.0599298168688938,0.015,nan,nan,0.5031221353383458,0.0,0.01959809774436091,0.01,0.0,0,0.0,0,1.52,38,1.6400000000000001,82,0.95,95,0.828,207
amazon,gae,1,0.1,off,265,5000,5821,0,0.0,0.0,-0.036549203879606806,0.00011547450868949085,66,1.220275,nan,0.47603684210526315,0.06624812030075189,200,-0.9211323729436766,6.334248366623973e-05,True,0.16030534351145037,0.0,1.0696732150401016,0.045,nan,nan,0.5009518947368421,0.075,0.02260434586466166,0.055,0.0,0,0.0,0,1.4,35,1.52,76,1.0,100,0.9039999999999999,226
amazon,gae,2,0.1,off,265,5000,5821,0,0.0,0.0,-0.02044573261288295,0.03105984184232023,66,1.1879170731707318,nan,0.4668894736842105,0.05792932330827072,200,-0.9211323729436766,6.334248366623973e-05,True,0.16030534351145037,0.0,1.0767697185633345,0.09,nan,nan,0.4996851804511278,0.025,0.025108593984962412,0.09,0.0,0,0.0,0,1.5599999999999998,39,1.3599999999999999,68,0.7799999999999999,78,0.7839999999999999,196
amazon,gae,3,0.1,off,265,5000,5821,0,0.0,0.0,-0.012156617018873406,0.19983962908127195,66,1.2236,nan,0.46111578947368415,0.0687729323308271,200,-0.9211323729436766,6.334248366623973e-05,True,0.16030534351145037,0.0,1.070085910596335,0.04,nan,nan,0.4993976165413534,0.035,0.024239263157894753,0.07,0.0,0,0.0,0,1.24,31,1.52,76,0.98,98,0.892,223
amazon,gae,4,0.1,off,265,5000,5821,0,0.0,0.0,-0.021228197993073527,0.0251659372768335,66,1.1811746835443038,nan,0.46539924812030065,0.05597293233082706,200,-0.9211323729436766,6.334248366623973e-05,True,0.16030534351145037,0.0,1.0694170060678025,0.11,nan,nan,0.5007589586466166,0.03,0.023504481203007525,0.13,0.0,0,0.0,0,1.16,29,1.1199999999999999,56,0.75,75,0.724,181
amazon,ocgnn,0,0.1,off,267,5000,5821,0,0.0,0.0,0.5821204070651426,0.0,66,1.2839636363636364,nan,0.5565753731343284,0.06993134328358208,200,-0.9211323729436766,6.334248366623973e-05,True,0.1624863685932388,0.0,1.057334732757895,0.025,nan,nan,0.5036522985074626,0.985,0.019385000000000003,0.065,0.0,0,0.0,0,2.08,52,6.800000000000001,340,4.6499999999999995,465,3.292,823
amazon,ocgnn,1,0.1,off,266,5000,5821,0,0.0,0.0,-0.11476895355996188,6.252132159491346e-34,66,0.28965454545454544,nan,0.8304352059925093,-0.17559101123595505,200,-0.9211323729436766,6.334248366623973e-05,True,0.1613958560523446,0.0,1.0680250022215239,1.0,nan,nan,0.5019682247191011,1.0,0.022060827715355814,1.0,0.0,0,0.0,0,4.04,101,2.52,126,1.3299999999999998,133,0.752,188
amazon,ocgnn,2,0.1,off,266,5000,5821,0,0.0,0.0,0.6726644158366364,0.0,66,1.6513545454545455,nan,0.4981333333333333,0.16100898876404496,200,-0.9211323729436766,6.334248366623973e-05,True,0.1613958560523446,0.0,1.0646356132763406,0.0,nan,nan,0.5020498352059924,0.41,0.02119186142322097,0.0,0.0,0,0.0,0,3.64,91,5.859999999999999,293,8.069999999999999,807,5.172,1293
amazon,ocgnn,3,0.1,off,266,5000,5821,0,0.0,0.0,0.5054826491451546,0.0,66,0.8616818181818182,nan,0.6596449438202246,-0.034191011235955054,200,-0.9211323729436766,6.334248366623973e-05,True,0.1613958560523446,0.0,1.0668046187840001,1.0,nan,nan,0.5004776329588015,1.0,0.02191646816479401,0.97,0.0,0,0.0,0,3.92,98,2.2800000000000002,114,1.78,178,1.168,292
amazon,ocgnn,4,0.1,off,266,5000,5821,842,0.8966745843230404,0.10596833130328867,0.5471629299370864,0.0,66,1.2371,10.439085510688836,0.5891026217228463,0.05860898876404497,200,-0.9211323729436766,6.334248366623973e-05,True,0.1613958560523446,0.0,1.0591651082604918,0.045,0.8041552494061758,0.0,0.5032547228464419,1.0,0.019039108614232213,0.09,0.0,0,0.0,0,3.88,97,10.7,535,7.7,770,3.652,913
reddit,dominant_ours,0,0.1,off,9750,761,1127,5,0.0,0.01366120218579235,0.13488816419942978,2.6742194069082673e-44,2437,1.2868872695416718,0.0,0.4254835010688617,0.13592648808148122,200,-0.8333333333333334,0.0008542768959435626,True,0.9857473035439137,0.38305084745762713,1.0372264042429193,0.0,1.0070433639947436,1.0,0.500316741663748,0.0,0.012506376582421343,0.0,0.0,0,0.657030223390276,1,0.2628120893561104,1,0.3942181340341655,3,0.657030223390276,10,0.6833114323258869,26
reddit,dominant_ours,1,0.1,off,9761,760,1126,6,0.0,0.01639344262295082,0.13340294781300335,2.330007495061872e-43,2440,1.2844736842105262,0.0,0.4259050938655798,0.13593606788945323,200,-1.0,5.5114638447971785e-06,True,0.9895993836671803,0.384180790960452,1.0441925976198871,0.0,0.8642543859649122,1.0,0.499904758246261,0.0,0.014914076062929297,0.0,0.0,0,0.6578947368421052,1,0.5263157894736842,2,0.39473684210526316,3,0.5921052631578947,9,0.631578947368421,24
reddit,dominant_ours,2,0.1,off,9753,760,1126,6,0.0,0.01639344262295082,0.13384893477083207,1.2194512535818372e-43,2438,1.2839744899117134,0.0,0.42490853954652885,0.13877302699027666,200,-1.0,5.5114638447971785e-06,True,0.9892141756548536,0.384180790960452,1.0420632345391925,0.0,0.9506798245614033,1.0,0.49986947595048725,0.0,0.014180499498181582,0.0,0.0,0,0.6578947368421052,1,0.5263157894736842,2,0.39473684210526316,3,0.5921052631578947,9,0.7105263157894737,27
reddit,dominant_ours,3,0.1,off,9752,760,1126,6,0.0,0.01639344262295082,0.13681006891407146,1.5658017094441135e-45,2438,1.5092825795041431,0.0,0.3643151634854592,0.2517431883307161,200,-1.0,5.5114638447971785e-06,True,0.9892141756548536,0.38305084745762713,1.0426684152234373,0.0,0.9630263157894735,1.0,0.500244830200694,0.0,0.014496594839914305,0.0,0.0,0,0.6578947368421052,1,0.5263157894736842,2,0.39473684210526316,3,0.7894736842105263,12,1.157894736842105,44
reddit,dominant_ours,4,0.1,off,9753,760,1126,6,0.0,0.01639344262295082,0.13383449947732712,1.2453198660803396e-43,2438,1.2845307984617833,0.0,0.42488142516430505,0.13930263427689582,200,-1.0,5.5114638447971785e-06,True,0.9892141756548536,0.384180790960452,1.0422057164071117,0.0,1.1235307017543859,1.0,0.49934873547154734,0.0,0.013952706312120266,0.0,0.0,0,0.6578947368421052,1,0.5263157894736842,2,0.39473684210526316,3,0.5921052631578947,9,0.7105263157894737,27
reddit,anomalydae,0,0.1,off,9748,763,1129,3,0.0,0.00819672131147541,0.349763265338111,3.4337888225289204e-303,2437,1.321881716447833,0.0,0.41176707037331656,0.1550632541268137,200,-0.8333333333333334,0.0008542768959435626,True,0.984206471494607,0.38531073446327685,1.0367695332421598,0.0,1.0111183923110527,1.0,0.5004084432761663,0.0,0.012340455122123627,0.0,1.310615989515072,1,1.965923984272608,3,1.310615989515072,5,1.0484927916120577,8,0.9829619921363041,15,0.7077326343381388,27
reddit,anomalydae,1,0.1,off,9754,760,1126,3,0.0,0.00819672131147541,0.32086148723487595,8.465956471020172e-253,2438,1.2482641513508845,0.0,0.42350211767244866,0.12404300089023179,200,-0.7777777777777778,0.0024250440917107582,True,0.9822804314329738,0.38531073446327685,1.0388795760561176,0.0,0.6667105263157893,1.0,0.49978690752380694,0.0,0.01342798564838544,0.0,0.0,0,0.6578947368421052,1,0.7894736842105263,3,0.7894736842105263,6,0.5921052631578947,9,0.7105263157894737,27
reddit,anomalydae,2,0.1,off,9749,762,1128,9,0.3333333333333333,0.01639344262295082,0.26993832897292896,1.116487080293858e-176,2437,1.1379570704346886,4.934383202099737,0.44885173968638536,0.06713910761154851,200,-0.8888888888888888,0.00024250440917107584,True,0.9826656394453005,0.38531073446327685,1.040537281992166,0.035,0.8635170603674538,0.01,0.5007809886264217,0.0,0.013213410054512417,0.0,3.9370078740157477,3,1.9685039370078738,3,1.3123359580052494,5,0.9186351706036745,7,0.8530183727034121,13,0.7349081364829396,28
reddit,anomalydae,3,0.1,off,9751,760,1126,3,0.0,0.00819672131147541,0.36042387163435685,0.0,2437,1.19345063008108,0.0,0.4281330955053754,0.09618971546997107,200,-0.7777777777777778,0.0024250440917107582,True,0.9834360554699538,0.38531073446327685,1.0428948805059404,0.005,0.567938596491228,1.0,0.5000901259120937,0.0,0.014357427356331765,0.0,0.0,0,0.0,0,0.7894736842105263,3,0.6578947368421052,5,0.5921052631578947,9,0.6578947368421052,25
reddit,anomalydae,4,0.1,off,9751,760,1126,4,0.0,0.01092896174863388,0.25137845107904383,1.026844114985772e-152,2437,1.1016876848482182,0.0,0.4561655368939165,0.049915806744095625,200,-0.7777777777777778,0.0024250440917107582,True,0.9818952234206472,0.38531073446327685,1.040652403802567,0.135,0.9630263157894734,1.0,0.5000182587377487,0.0,0.01339305297698718,0.015,1.3157894736842104,1,0.6578947368421052,1,0.7894736842105263,3,0.5263157894736842,4,0.39473684210526316,6,0.6578947368421052,25
reddit,dominant_pygod,0,0.1,off,9810,701,1067,314,0.910828025477707,0.07650273224043716,0.579309291755805,0.0,2452,3.538885255973173,13.863816022606466,0.10008359128760391,0.6345272294002874,200,-0.8888888888888888,0.00024250440917107584,True,0.9919106317411402,0.38305084745762713,1.0401390604728973,0.0,1.014094514660585,0.0,0.5000616065899421,0.0,0.013477483351171667,0.0,22.82453637660485,16,27.104136947218258,38,30.813124108416545,108,23.25249643366619,163,16.547788873038517,232,10.87018544935806,381
reddit,dominant_pygod,1,0.1,off,9810,701,1067,279,0.921146953405018,0.060109289617486336,0.6177121732073411,0.0,2452,3.6987058804364774,14.020881587491498,0.08060445123242987,0.6744701680593459,200,-0.8888888888888888,0.00024250440917107584,True,0.9919106317411402,0.38305084745762713,1.0425010927719385,0.0,0.9825528303140929,0.0,0.49948241594960735,0.0,0.013880634287607828,0.0,38.51640513552068,27,32.810271041369475,46,33.09557774607703,116,23.680456490727533,166,16.333808844507846,229,10.955777460770328,384
reddit,dominant_pygod,2,0.1,off,9810,701,1067,352,0.9034090909090909,0.09289617486338798,0.6227127210093879,0.0,2452,3.7101216393267133,13.75089158345221,0.07697552210385412,0.6773232351064215,200,-0.8888888888888888,0.00024250440917107584,True,0.9919106317411402,0.384180790960452,1.0448288693251515,0.0,0.9958585948644793,0.0,0.5002969271877573,0.0,0.0148444873443314,0.0,32.810271041369475,23,29.243937232524964,41,33.38088445078459,117,23.109843081312412,162,17.04707560627675,239,11.52639087018545,404
reddit,dominant_pygod,3,0.1,off,9812,699,1065,290,0.903448275862069,0.07650273224043716,0.6090549633322443,0.0,2453,3.5769024178154454,13.76498446055942,0.09956122261686967,0.6461040338449171,200,-0.9444444444444445,4.96031746031746e-05,True,0.9934514637904468,0.38305084745762713,1.0435975122772028,0.0,0.9906060381826255,0.0,0.5001675210557599,0.0,0.014438458399539196,0.0,18.59799713876967,13,35.050071530758224,49,29.756795422031473,104,24.463519313304722,171,15.665236051502145,219,10.243204577968525,358
reddit,dominant_pygod,4,0.1,off,9810,701,1067,259,0.9305019305019305,0.04918032786885246,0.5993734625524835,0.0,2452,3.544593135418291,14.163274748153492,0.09774451832937815,0.6364625225608509,200,-0.8888888888888888,0.00024250440917107584,True,0.9919106317411402,0.384180790960452,1.0429473191860203,0.0,0.9905477007474153,0.0,0.5000058153305753,0.0,0.014176815565980192,0.0,41.36947218259629,29,32.810271041369475,46,27.674750356633382,97,20.970042796005707,147,14.835948644793154,208,10.29957203994294,361
reddit,gae,0,0.1,off,9786,725,1091,5,0.0,0.01366120218579235,0.3924830912531567,0.0,2446,1.7073791133808862,0.0,0.3384416343989035,0.22786849550600202,200,-1.0,5.5114638447971785e-06,True,0.99768875192604,0.37966101694915255,1.0384515930137856,0.0,1.0082344827586207,1.0,0.5004018772262995,0.0,0.01281853408638482,0.0,2.758620689655172,2,3.4482758620689653,5,3.8620689655172415,14,3.724137931034482,27,2.896551724137931,42,2.013793103448276,73
reddit,gae,1,0.1,off,9787,724,1090,5,0.0,0.01366120218579235,0.4103139036083156,0.0,2446,1.693887175138554,0.0,0.33496450722160637,0.2585937905700294,200,-1.0,5.5114638447971785e-06,True,0.99768875192604,0.3785310734463277,1.040352745587363,0.0,0.8882596685082871,1.0,0.4998215779497728,0.0,0.013277987816855458,0.0,0.0,0,4.834254143646408,7,4.696132596685082,17,3.0386740331491713,22,2.9005524861878453,42,2.044198895027624,74
reddit,gae,2,0.1,off,9786,725,1091,8,0.375,0.01366120218579235,0.40534155570962543,0.0,2446,1.7384639242112385,5.643103448275862,0.3261696197982546,0.24222251191763877,200,-1.0,5.5114638447971785e-06,True,0.99768875192604,0.37966101694915255,1.0422799068500492,0.0,0.9217068965517241,0.01,0.5006127981171364,0.0,0.013972255948249437,0.0,4.137931034482759,3,5.517241379310344,8,3.8620689655172415,14,2.758620689655172,20,2.758620689655172,40,1.9862068965517239,72
reddit,gae,3,0.1,off,9783,728,1094,7,0.2857142857142857,0.01366120218579235,0.40722713621892015,0.0,2445,1.6294457045960054,4.2935635792778655,0.34281946079268233,0.21574133144043206,200,-1.0,5.5114638447971785e-06,True,0.99768875192604,0.37966101694915255,1.043537467697166,0.0,1.019721350078493,0.095,0.500180572761764,0.0,0.014389848193507228,0.0,4.120879120879121,3,4.8076923076923075,7,4.670329670329671,17,3.2967032967032965,24,2.6785714285714284,39,1.9230769230769231,70
reddit,gae,4,0.1,off,9791,720,1086,7,0.2857142857142857,0.01366120218579235,0.42447293339091147,0.0,2447,1.5952922714790114,4.309523809523809,0.3541582981572259,0.19685457516339872,200,-1.0,5.5114638447971785e-06,True,0.9980739599383667,0.37966101694915255,1.042115078405085,0.0,1.0019642857142856,0.07,0.4999936292948892,0.0,0.013917279411764705,0.0,2.7777777777777777,2,2.7777777777777777,4,3.0555555555555554,11,3.6111111111111107,26,3.5416666666666665,51,2.0833333333333335,75
reddit,ocgnn,0,0.1,off,9783,728,1094,0,0.0,0.0,0.03920445655152201,5.3257983047091404e-05,2445,0.7970291467223982,nan,0.5837599006676072,-0.05072196813815785,200,-0.8333333333333334,0.0008542768959435626,True,0.9807395993836672,0.376271186440678,1.0383807400386087,1.0,nan,nan,0.5004001178196292,1.0,0.012749313748393876,1.0,2.7472527472527473,2,4.8076923076923075,7,3.571428571428571,13,2.7472527472527473,20,2.2664835164835164,33,1.620879120879121,59
reddit,ocgnn,1,0.1,off,9791,721,1087,0,0.0,0.0,0.12381381510311944,1.517006090377518e-37,2447,1.1599745392898093,nan,0.48123407939227464,0.04525347760463411,200,-0.8888888888888888,0.00024250440917107584,True,0.9892141756548536,0.37740112994350283,1.041382621437468,0.025,nan,nan,0.4997671044550506,0.065,0.013611029666721054,0.055,0.0,0,3.4674063800277395,5,4.160887656033287,15,3.8834951456310676,28,2.7045769764216363,39,2.163661581137309,78
reddit,ocgnn,2,0.1,off,9784,727,1093,13,0.5384615384615384,0.01639344262295082,0.21542305042071552,1.0320348954243112e-111,2446,1.0687902474911157,8.095439636017352,0.5201985747210134,0.018060515667314925,200,-0.8888888888888888,0.00024250440917107584,True,0.9915254237288136,0.36271186440677966,1.0418774682132521,0.295,0.9136281874933868,0.0,0.5007225879096587,0.955,0.013827971961125689,0.4,4.126547455295736,3,8.253094910591471,12,5.226960110041266,19,4.126547455295736,30,3.1636863823933976,46,2.145804676753783,78
reddit,ocgnn,3,0.1,off,9792,719,1085,2,0.5,0.00273224043715847,0.2421970052682707,1.4194338358652066e-141,2448,1.1405893488596182,7.545201668984701,0.5115715903343863,0.03811811309119639,200,-0.8888888888888888,0.00024250440917107584,True,0.9903697996918336,0.3694915254237288,1.0434147744991276,0.045,0.4149860917941585,0.055,0.5001732014025516,0.84,0.014403433408126805,0.09,5.563282336578581,4,3.4770514603616136,5,2.2253129346314324,8,2.7816411682892905,20,2.1557719054242,31,1.8080667593880388,65
reddit,ocgnn,4,0.1,off,9784,727,1093,0,0.0,0.0,0.21041052767825483,1.5069401683248722e-106,2446,0.8363990952862435,nan,0.638444437103362,-0.04089604628818075,200,-0.8888888888888888,0.00024250440917107584,True,0.9903697996918336,0.36836158192090396,1.041661576386216,1.0,nan,nan,0.49997078944205514,1.0,0.01376635630287776,1.0,1.375515818431912,1,2.063273727647868,3,1.925722145804677,7,2.7510316368638237,20,2.8198074277854195,41,1.9257221458046765,70
tolokers,dominant_ours,0,0.1,off,797,5000,7566,0,0.0,0.0,-0.23418023683681413,9.910793148192159e-115,199,0.7418592964824121,nan,0.6005847117794486,-0.06437343358395989,200,-0.9211323729436766,6.334248366623973e-05,True,0.44869565217391305,0.0,1.0412238554453603,1.0,nan,nan,0.5000921027568923,1.0,0.013122245614035095,1.0,0.0,0,0.0,0,0.16,4,0.18,9,0.3,30,0.724,181
tolokers,dominant_ours,1,0.1,off,797,5000,7566,0,0.0,0.0,-0.2342780226149688,7.9287840576947705e-115,199,0.7177989949748744,nan,0.6058456140350877,-0.0703734335839599,200,-0.9211323729436766,6.334248366623973e-05,True,0.44869565217391305,0.0,1.047975335744501,1.0,nan,nan,0.4995773796992481,1.0,0.015324779448621562,1.0,0.0,0,0.0,0,0.11999999999999998,3,0.13999999999999999,7,0.25,25,0.828,207
tolokers,dominant_ours,2,0.1,off,797,5000,7566,0,0.0,0.0,-0.23430049204683043,7.532409426935901e-115,199,0.7627115577889448,nan,0.595981954887218,-0.05917343358395988,200,-0.9211323729436766,6.334248366623973e-05,True,0.44869565217391305,0.0,1.0386002493645767,1.0,nan,nan,0.5006066215538847,1.0,0.012830203007518803,1.0,0.0,0,0.0,0,0.2,5,0.22,11,0.31,31,0.7199999999999999,180
tolokers,dominant_ours,3,0.1,off,797,5000,7566,0,0.0,0.0,-0.23420635441114135,9.337515522515405e-115,199,0.7274231155778895,nan,0.6061085213032582,-0.06797343358395988,200,-0.9211323729436766,6.334248366623973e-05,True,0.44869565217391305,0.0,1.0374826784184574,1.0,nan,nan,0.5014309260651629,1.0,0.012329654135338352,1.0,0.0,0,0.0,0,0.2,5,0.18,9,0.29,29,0.7439999999999999,186
tolokers,dominant_ours,4,0.1,off,797,5000,7566,0,0.0,0.0,-0.2342333480804234,8.779764385242907e-115,199,0.7546914572864323,nan,0.6029899749373433,-0.06117343358395988,200,-0.9211323729436766,6.334248366623973e-05,True,0.4504347826086956,0.0,1.0436954724083398,1.0,nan,nan,0.4997825601503759,1.0,0.014992967418546372,1.0,0.0,0,0.0,0,0.08,2,0.18,9,0.25,25,0.748,187
tolokers,anomalydae,0,0.1,off,784,5000,7566,0,0.0,0.0,-0.15663494122607635,1.419901405814774e-51,196,0.7991989664082688,nan,0.5816295541401274,-0.05775541401273884,200,-0.9211323729436766,6.334248366623973e-05,True,0.41391304347826086,0.0,1.0410368839745348,1.0,nan,nan,0.5003269248407642,1.0,0.012988254777070062,1.0,0.0,0,0.2,2,0.08,2,0.23999999999999996,12,0.32,32,0.38399999999999995,96
tolokers,anomalydae,1,0.1,off,790,5000,7566,0,0.0,0.0,-0.25065789531209914,1.064761918272761e-131,197,0.60116,nan,0.6341021491782554,-0.12145183312262958,200,-0.9211323729436766,6.334248366623973e-05,True,0.4295652173913043,0.0,1.039327605426,1.0,nan,nan,0.5007855120101138,1.0,0.01319307206068268,1.0,0.0,0,0.0,0,0.11999999999999998,3,0.11999999999999998,6,0.18,18,0.27199999999999996,68
tolokers,anomalydae,2,0.1,off,791,5000,7566,0,0.0,0.0,-0.22092138514428025,5.2613717630649085e-102,197,0.7743106598984771,nan,0.6006719696969696,-0.056137373737373736,200,-0.9211323729436766,6.334248366623973e-05,True,0.43130434782608695,0.0,1.0451486962581498,1.0,nan,nan,0.500055172979798,1.0,0.015214747474747471,1.0,0.0,0,0.7,7,0.27999999999999997,7,0.33999999999999997,17,0.3,30,0.376,94
tolokers,anomalydae,3,0.1,off,789,5000,7566,0,0.0,0.0,-0.2391920360381114,9.365552894895688e-120,197,0.5890207253886011,nan,0.6296308860759493,-0.11956708860759493,200,-0.9211323729436766,6.334248366623973e-05,True,0.4295652173913043,0.0,1.0438863210970084,1.0,nan,nan,0.49993346835443037,1.0,0.015002810126582276,1.0,0.0,0,1.0,10,0.52,13,0.33999999999999997,17,0.3,30,0.344,86
tolokers,anomalydae,4,0.1,off,791,5000,7566,0,0.0,0.0,-0.22470615382750153,1.4865173522909935e-105,197,0.6452,nan,0.6293641414141414,-0.09432525252525253,200,-0.9211323729436766,6.334248366623973e-05,True,0.4330434782608696,0.0,1.0457442606304108,1.0,nan,nan,0.4994813131313131,1.0,0.015581444444444446,1.0,0.0,0,0.0,0,0.04,1,0.2,10,0.25,25,0.388,97
tolokers,dominant_pygod,0,0.1,off,821,5000,7566,2695,0.6371057513914656,0.38113795791114574,0.8998201550503959,0.0,205,2.908677073170732,9.640684230055658,0.18475498783454988,0.47975863746958636,200,-0.9211323729436766,6.334248366623973e-05,True,0.45217391304347826,0.0,1.038515985323718,0.0,0.9904581818181819,0.0,0.5007492177615572,0.0,0.012844048661800484,0.0,0.0,0,111.89999999999999,1119,48.16,1204,25.679999999999996,1284,13.66,1366,7.4799999999999995,1870
tolokers,dominant_pygod,1,0.1,off,821,5000,7566,2581,0.6299883765982177,0.3721745908028059,0.8984905658190039,0.0,205,2.906271219512195,9.53298411468423,0.18233600973236008,0.4781586374695863,200,-0.9211323729436766,6.334248366623973e-05,True,0.45217391304347826,0.0,1.0412136530553817,0.0,0.993752034095312,0.0,0.5003044574209246,0.0,0.013292063260340629,0.0,0.0,0,108.89999999999999,1089,47.52,1188,25.44,1272,13.270000000000001,1327,7.4239999999999995,1856
tolokers,dominant_pygod,2,0.1,off,821,5000,7566,2697,0.6377456433073786,0.3807482462977397,0.8971256786590408,0.0,205,2.903063414634146,9.650367074527253,0.1855941605839416,0.4757255474452554,200,-0.9211323729436766,6.334248366623973e-05,True,0.45217391304347826,0.0,1.0480029142714395,0.0,0.9995704338153505,0.0,0.4988598309002433,0.0,0.016531265206812647,0.0,0.0,0,111.89999999999999,1119,47.92,1198,25.759999999999998,1288,13.559999999999999,1356,7.6,1900
tolokers,dominant_pygod,3,0.1,off,821,5000,7566,2685,0.6346368715083799,0.382307092751364,0.8985606814577216,0.0,205,2.890232195121951,9.603325139664804,0.18729343065693432,0.47140827250608275,200,-0.9211323729436766,6.334248366623973e-05,True,0.45217391304347826,0.0,1.041889585300336,0.0,0.9852707262569834,0.0,0.5003320352798054,0.0,0.014097936739659365,0.0,0.0,0,108.6,1086,48.28,1207,26.02,1301,13.63,1363,7.516,1879
tolokers,dominant_pygod,4,0.1,off,821,5000,7566,2699,0.6346795109299741,0.3842556508183944,0.900683087209202,0.0,205,2.898251707317073,9.603970359392367,0.1861301703163017,0.47340827250608275,200,-0.9211323729436766,6.334248366623973e-05,True,0.45217391304347826,0.0,1.0398128576182097,0.0,1.0111640829937014,0.0,0.5000454416058395,0.0,0.013703272506082725,0.0,0.0,0,111.8,1118,48.68,1217,25.919999999999998,1296,13.700000000000001,1370,7.788,1947
tolokers,gae,0,0.1,off,803,5000,7566,0,0.0,0.0,-0.1599199841484599,1.0346453250715514e-53,200,1.0248,nan,0.5507860696517413,0.006199999999999983,200,-0.9211323729436766,6.334248366623973e-05,True,0.45217391304347826,0.0,1.0426491440527403,0.615,nan,nan,0.5004179527363184,1.0,0.013678686567164183,0.67,0.0,0,0.1,1,0.08,2,0.22,11,0.38999999999999996,39,1.0159999999999998,254
tolokers,gae,1,0.1,off,799,5000,7566,0,0.0,0.0,-0.19634278987142706,1.4902856107013802e-80,199,0.964824120603015,nan,0.56358825,-0.008750000000000008,200,-0.9211323729436766,6.334248366623973e-05,True,0.4504347826086956,0.0,1.0452496983867592,0.96,nan,nan,0.4994263775,1.0,0.014630499999999996,0.935,0.0,0,0.1,1,0.4799999999999999,12,0.4,20,0.53,53,1.128,282
tolokers,gae,2,0.1,off,801,5000,7566,0,0.0,0.0,-0.17091654454870545,3.323448081007978e-61,200,0.9912719999999999,nan,0.5480615960099751,-0.00217655860349128,200,-0.9211323729436766,6.334248366623973e-05,True,0.45217391304347826,0.0,1.0417792333174176,0.875,nan,nan,0.5009137917705736,1.0,0.013985960099750621,0.85,0.0,0,0.1,1,0.11999999999999998,3,0.26,13,0.47000000000000003,47,1.068,267
tolokers,gae,3,0.1,off,803,5000,7566,0,0.0,0.0,-0.16112302591010846,1.6612215754784748e-54,200,1.025873076923077,nan,0.5414579601990049,0.006693532338308494,200,-0.9211323729436766,6.334248366623973e-05,True,0.45217391304347826,0.0,1.0406815621341312,0.63,nan,nan,0.5006697810945273,1.0,0.013980880597014928,0.695,0.0,0,0.4,4,0.2,5,0.27999999999999997,14,0.44,44,1.052,263
tolokers,gae,4,0.1,off,801,5000,7566,0,0.0,0.0,-0.17619473230158061,5.47963806872567e-65,200,1.008916,nan,0.5478384039900249,0.0022234413965087074,200,-0.9211323729436766,6.334248366623973e-05,True,0.45217391304347826,0.0,1.042717379142831,0.725,nan,nan,0.5005842793017456,1.0,0.01413824438902743,0.735,0.0,0,0.1,1,0.4799999999999999,12,0.3,15,0.5,50,1.0599999999999998,265
tolokers,ocgnn,0,0.1,off,792,5000,7566,0,0.0,0.0,0.2504220516535206,1.902329007857724e-131,198,1.6413013157894738,nan,0.4097137452711223,0.2565366960907945,200,-0.9211323729436766,6.334248366623973e-05,True,0.4052173913043478,0.0,1.0448682318424067,0.0,nan,nan,0.49976698234552336,0.0,0.014619093316519546,0.0,0.0,0,0.1,1,0.11999999999999998,3,0.84,42,0.54,54,0.368,92
tolokers,ocgnn,1,0.1,off,791,5000,7566,0,0.0,0.0,0.20436915943699482,2.9451171662246634e-87,197,1.5713482428115015,nan,0.3736012626262626,0.24894141414141413,200,-0.9211323729436766,6.334248366623973e-05,True,0.40347826086956523,0.0,1.0413580320442726,0.0,nan,nan,0.5003948952020202,0.0,0.013738141414141414,0.0,0.0,0,0.1,1,0.2,5,0.26,13,0.38,38,0.888,222
tolokers,ocgnn,2,0.1,off,801,5000,7566,0,0.0,0.0,0.38111700221549294,0.0,200,2.2688355140186918,nan,0.3252531172069826,0.34832618453865344,200,-0.9211323729436766,6.334248366623973e-05,True,0.4191304347826087,0.0,1.0417792333174176,0.0,nan,nan,0.5009137917705736,0.0,0.013985960099750621,0.0,0.0,0,0.8999999999999999,9,1.76,44,1.1199999999999999,56,0.9900000000000001,99,1.0359999999999998,259
tolokers,ocgnn,3,0.1,off,804,5000,7566,0,0.0,0.0,0.560139568142239,0.0,201,2.3527954545454546,nan,0.28215577639751555,0.40678509316770184,200,-0.9211323729436766,6.334248366623973e-05,True,0.42434782608695654,0.0,1.0436899578626098,0.0,nan,nan,0.49984595279503113,0.0,0.015043322981366458,0.0,0.0,0,0.0,0,0.8,20,0.6799999999999999,34,0.7100000000000001,71,0.84,210
tolokers,ocgnn,4,0.1,off,782,5000,7566,0,0.0,0.0,0.43984371320285304,0.0,195,1.7867893992932864,nan,0.35727892720306514,0.31224980842911876,200,-0.9211323729436766,6.334248366623973e-05,True,0.38608695652173913,0.0,1.043822852403099,0.0,nan,nan,0.5007806066411239,0.0,0.014541799489144318,0.0,0.0,0,0.0,0,0.27999999999999997,7,0.22,11,0.91,91,0.872,218
weibo,dominant_ours,0,0.1,off,5641,2336,2683,118,0.652542372881356,0.11815561959654179,-0.13102419905448745,3.4373924167542044e-32,1410,1.0517426892062567,7.494739667982354,0.52352365514512,0.014507752521451145,200,-0.018181818181818184,1.0,False,0.402457757296467,0.4962962962962963,1.027351674492707,0.23,0.9806428851288598,0.0,0.500021863907193,1.0,0.00933456891926015,0.3,5.993150684931506,14,7.277397260273972,34,6.592465753424658,77,4.49486301369863,105,3.51027397260274,164,2.148972602739726,251
weibo,dominant_ours,1,0.1,off,5641,2336,2683,119,0.6470588235294118,0.12103746397694524,-0.14410655662633307,1.194500482342263e-38,1410,1.0804570647175564,7.431758662369057,0.5210326295445605,0.02170138467365601,200,-0.018181818181818184,1.0,False,0.402457757296467,0.4962962962962963,1.0248781721773363,0.06,0.9941183665246922,0.0,0.5008273853025013,1.0,0.008337911329170167,0.12,5.993150684931506,14,7.277397260273972,34,6.592465753424658,77,4.49486301369863,105,3.7885273972602738,177,2.268835616438356,265
weibo,dominant_ours,2,0.1,off,5641,2336,2683,119,0.6470588235294118,0.12103746397694524,-0.13282975474739808,4.8107707551651835e-33,1410,1.0616813495328912,7.431758662369057,0.5225931340533086,0.017002647705807228,200,-0.018181818181818184,1.0,False,0.402457757296467,0.4962962962962963,1.0239621683818234,0.14,0.9830189867042708,0.0,0.5010776684649862,0.995,0.0080337377630103,0.225,5.993150684931506,14,7.277397260273972,34,6.592465753424658,77,4.49486301369863,105,3.7885273972602738,177,2.268835616438356,265
weibo,dominant_ours,3,0.1,off,5641,2336,2683,119,0.6470588235294118,0.12103746397694524,-0.13285372555468544,4.685935521440325e-33,1410,1.0616813495328912,7.431758662369057,0.5225919959404273,0.017076245672136114,200,-0.018181818181818184,1.0,False,0.402457757296467,0.4962962962962963,1.0240939120898893,0.105,0.972402188615172,0.0,0.5007890096536252,1.0,0.00801473810656864,0.19,5.993150684931506,14,7.277397260273972,34,6.592465753424658,77,4.49486301369863,105,3.7885273972602738,177,2.268835616438356,265
weibo,dominant_ours,4,0.1,off,5641,2336,2683,118,0.652542372881356,0.11815561959654179,-0.08414170825332146,3.868465823648381e-14,1410,1.0941408576533653,7.494739667982354,0.503078747092501,0.02712198870506427,200,-0.018181818181818184,1.0,False,0.402457757296467,0.4962962962962963,1.028192733885211,0.025,0.9436558581959601,0.0,0.49952617553403283,0.665,0.009669040567806032,0.06,5.993150684931506,14,7.277397260273972,34,6.678082191780822,78,4.366438356164384,102,3.553082191780822,166,2.1575342465753424,252
weibo,anomalydae,0,0.1,off,5641,2336,2683,119,0.6470588235294118,0.12103746397694524,-0.11403585549951498,9.770477484664226e-25,1410,1.097989568187036,7.431758662369057,0.5197464861144159,0.024870801425706413,200,-0.018181818181818184,1.0,False,0.402457757296467,0.4962962962962963,1.027351674492707,0.035,1.0085958184643722,0.0,0.500021863907193,0.995,0.00933456891926015,0.095,5.993150684931506,14,7.277397260273972,34,6.678082191780822,78,4.49486301369863,105,3.553082191780822,166,2.285958904109589,267
weibo,anomalydae,1,0.1,off,5641,2336,2683,119,0.6470588235294118,0.12103746397694524,-0.10813922950394932,2.1526119280147572e-22,1410,1.0786834784769952,7.431758662369057,0.5206324690554696,0.020101804955980795,200,-0.018181818181818184,1.0,False,0.402457757296467,0.4962962962962963,1.0248781721773363,0.06,0.9941183665246922,0.0,0.5008273853025013,1.0,0.008337911329170167,0.15,5.993150684931506,14,7.277397260273972,34,6.678082191780822,78,4.49486301369863,105,3.531678082191781,165,2.2945205479452055,268
weibo,anomalydae,2,0.1,off,5641,2336,2683,119,0.6470588235294118,0.12103746397694524,-0.15215880977124896,6.1221488872859256e-43,1410,1.1648796735524227,7.431758662369057,0.49280788533163705,0.04211123884952872,200,-0.018181818181818184,1.0,False,0.402457757296467,0.4962962962962963,1.0239621683818234,0.0,0.9830189867042708,0.0,0.5010776684649862,0.135,0.0080337377630103,0.0,5.993150684931506,14,7.277397260273972,34,6.678082191780822,78,4.580479452054795,107,3.4674657534246576,162,2.2345890410958904,261
weibo,anomalydae,3,0.1,off,5640,2337,2684,120,0.65,0.12103746397694524,-0.1562259350716038,3.373108576505267e-45,1410,1.1976890487801912,7.465126230209671,0.49063108998494037,0.05208572514167281,200,-0.018181818181818184,1.0,False,0.4009216589861751,0.4962962962962963,1.0241280458841502,0.0,0.9652025388674937,0.0,0.5007810977563026,0.06,0.008025766408402567,0.0,6.418485237483954,15,7.488232777064612,35,6.760804450149764,79,4.492939666238767,105,3.465982028241335,162,2.302096705177578,269
weibo,anomalydae,4,0.1,off,5641,2336,2683,119,0.6470588235294118,0.12103746397694524,-0.10068963766327603,1.3024401618371882e-19,1410,1.0570950075672318,7.431758662369057,0.5266608253655316,0.014288931351458922,200,-0.018181818181818184,1.0,False,0.402457757296467,0.4962962962962963,1.028192733885211,0.195,0.9685415347645906,0.0,0.49952617553403283,1.0,0.009669040567806032,0.34,5.993150684931506,14,7.277397260273972,34,6.678082191780822,78,4.4520547945205475,104,3.7029109589041096,173,2.208904109589041,258
weibo,dominant_pygod,0,0.1,off,5640,2337,2684,8,0.0,0.023054755043227664,0.4453222125003676,0.0,1410,1.3027555482721682,0.0,0.47665932616183376,0.07567546943161799,200,-0.018181818181818184,1.0,False,0.402457757296467,0.49333333333333335,1.0273705168563443,0.0,0.5383504492939666,1.0,0.5000195949075997,0.0,0.009331694330668015,0.0,1.7115960633290543,4,1.2836970474967906,6,0.6846384253316218,8,2.310654685494223,54,2.524604193410355,118,2.430466409927257,284
weibo,dominant_pygod,1,0.1,off,5642,2335,2682,39,0.6153846153846154,0.043227665706051875,0.45494179264544043,0.0,1410,1.3060476559296552,7.06835776643057,0.4532107202230047,0.0788048788724997,200,-0.018181818181818184,1.0,False,0.402457757296467,0.49777777777777776,1.024896872329079,0.0,0.9424477021907427,0.0,0.5008235193893934,0.0,0.008340484752859374,0.0,9.421841541755889,22,5.353319057815845,25,2.569593147751606,30,2.526766595289079,59,2.5481798715203428,119,2.809421841541756,328
weibo,dominant_pygod,2,0.1,off,5642,2335,2682,61,0.639344262295082,0.06340057636887608,0.44284271965697863,0.0,1410,1.2854799763087157,7.343560220451434,0.4804931238831836,0.0743745353911025,200,-0.018181818181818184,1.0,False,0.402457757296467,0.49777777777777776,1.0238655011564741,0.0,0.9104131709200687,0.0,0.5010928853507463,0.0,0.008003653879794985,0.0,9.850107066381156,23,7.922912205567452,37,5.653104925053532,66,3.9828693790149896,93,2.6552462526766596,124,2.398286937901499,280
weibo,dominant_pygod,3,0.1,off,5642,2335,2682,61,0.639344262295082,0.06340057636887608,0.44987759590427,0.0,1410,1.278624083101736,7.343560220451434,0.4711050548309649,0.07208544363959668,200,-0.018181818181818184,1.0,False,0.402457757296467,0.49777777777777776,1.0241009688769835,0.0,0.9640776494541368,0.0,0.5007921455055457,0.0,0.008023526143891298,0.0,9.850107066381156,23,7.922912205567452,37,6.852248394004283,80,4.4111349036402565,103,2.633832976445396,123,2.4239828693790146,283
weibo,dominant_pygod,4,0.1,off,5642,2335,2682,62,0.6290322580645161,0.06628242074927954,0.44751670003900385,0.0,1410,1.2671082117424433,7.225115700766733,0.48211223015685994,0.06961944475750403,200,-0.018181818181818184,1.0,False,0.402457757296467,0.49777777777777776,1.028156819051705,0.0,0.9587172756786626,0.0,0.49953218385439724,0.005,0.009667397897985073,0.0,10.278372591006423,24,7.922912205567452,37,6.252676659528908,73,4.23982869379015,99,2.633832976445396,123,2.415417558886509,282
weibo,gae,0,0.1,off,5641,2336,2683,62,0.6129032258064516,0.069164265129683,-0.0835934891675837,5.653094560894597e-14,1410,1.0214380170893802,7.039466416261599,0.5205317081283718,0.005372803290390582,200,-0.018181818181818184,1.0,False,0.402457757296467,0.4962962962962963,1.027351674492707,0.555,1.0133126657092353,0.0,0.500021863907193,1.0,0.00933456891926015,0.65,5.993150684931506,14,7.277397260273972,34,6.164383561643835,72,4.066780821917808,95,3.1678082191780823,148,2.0890410958904106,244
weibo,gae,1,0.1,off,5641,2336,2683,62,0.6129032258064516,0.069164265129683,-0.07979904297636885,7.305075224417636e-13,1410,1.025783786408665,7.039466416261599,0.5144461426774728,0.0067681296829551485,200,-0.018181818181818184,1.0,False,0.402457757296467,0.4962962962962963,1.0248781721773363,0.45,0.9540329485196642,0.0,0.5008273853025013,0.98,0.008337911329170167,0.555,5.993150684931506,14,7.277397260273972,34,6.164383561643835,72,4.066780821917808,95,3.1678082191780823,148,2.054794520547945,240
weibo,gae,2,0.1,off,5641,2336,2683,62,0.6129032258064516,0.069164265129683,-0.0968889998150306,2.8684033335056107e-18,1410,1.0185353333142677,7.039466416261599,0.5214701960103528,0.0047208922319395,200,-0.018181818181818184,1.0,False,0.402457757296467,0.4962962962962963,1.0239621683818234,0.555,0.9632954043305346,0.0,0.5010776684649862,0.995,0.0080337377630103,0.635,5.993150684931506,14,7.277397260273972,34,6.164383561643835,72,4.023972602739726,94,3.125,146,2.046232876712329,239
weibo,gae,3,0.1,off,5641,2336,2683,62,0.6129032258064516,0.069164265129683,-0.07794391311430578,2.44674099981979e-12,1410,1.0307290661778892,7.039466416261599,0.5183035866034098,0.007734008148281235,200,-0.018181818181818184,1.0,False,0.402457757296467,0.4962962962962963,1.0240939120898893,0.415,1.0253538582633672,0.0,0.5007890096536252,0.99,0.00801473810656864,0.53,5.993150684931506,14,7.277397260273972,34,6.164383561643835,72,4.023972602739726,94,3.1678082191780823,148,2.0890410958904106,244
weibo,gae,4,0.1,off,5641,2336,2683,62,0.6129032258064516,0.069164265129683,-0.08584183674381697,1.1746274055219807e-14,1410,1.0311874574953852,7.039466416261599,0.5189292451913972,0.007794100508417778,200,-0.018181818181818184,1.0,False,0.402457757296467,0.4962962962962963,1.028192733885211,0.445,0.9586641764250993,0.0,0.49952617553403283,0.995,0.009669040567806032,0.54,5.993150684931506,14,7.277397260273972,34,6.164383561643835,72,4.066780821917808,95,3.146404109589041,147,2.0804794520547945,243
weibo,ocgnn,0,0.1,off,5617,2360,2707,0,0.0,0.0,0.12823361670029554,6.802836471786214e-31,1404,0.9704643089316473,nan,0.5547678919453813,-0.013295792579541499,200,-0.018181818181818184,1.0,False,0.402457757296467,0.5022222222222222,1.027011743135692,0.96,nan,nan,0.50009226887245,1.0,0.009182931225902215,0.97,0.0,0,0.0,0,0.0,0,0.0,0,0.0,0,0.0423728813559322,5
weibo,ocgnn,1,0.1,off,5580,2398,2745,0,0.0,0.0,0.3314315870226192,7.445430282243169e-206,1395,1.67070922197069,nan,0.3671619678287123,0.17768375635253592,200,-0.05454545454545454,0.8792698312489979,False,0.4009216589861751,0.5111111111111111,1.026310887502699,0.0,nan,nan,0.5005613017567199,0.0,0.008757397499767998,0.0,0.0,0,0.0,0,0.0,0,0.0,0,0.0,0,0.09174311926605505,11
weibo,ocgnn,2,0.1,off,5593,2384,2731,9,0.0,0.025936599423631124,-0.20851637164734285,7.343292556138557e-80,1398,0.9931073353743168,0.0,0.5501874011704774,-0.003330509918344937,200,-0.05454545454545454,0.8792698312489979,False,0.4009216589861751,0.5081481481481481,1.0238430034620007,0.835,0.5027707867263237,1.0,0.5011027245154803,1.0,0.008021041540192873,0.845,0.0,0,0.0,0,0.0,0,0.0,0,0.0,0,0.10067114093959731,12
weibo,ocgnn,3,0.1,off,5608,2369,2716,12,0.0,0.0345821325648415,-0.21678370656324422,2.55160736147949e-86,1402,0.9468836528908481,0.0,0.5537510909508109,-0.0224293541383056,200,-0.018181818181818184,1.0,False,0.3932411674347158,0.49777777777777776,1.0238801681589387,0.99,0.7929787533417756,1.0,0.50072425850904,1.0,0.008035369646909355,0.995,0.0,0,0.0,0,0.0,0,0.0,0,0.0,0,0.08442380751371888,10
weibo,ocgnn,4,0.1,off,5580,2397,2744,0,0.0,0.0,-0.04482507389723807,5.693107770519638e-05,1395,1.4370534853154258,nan,0.44090643077483604,0.10924379358807002,200,-0.05454545454545454,0.8792698312489979,False,0.3978494623655914,0.5111111111111111,1.028914862784535,0.0,nan,nan,0.4994038556228493,0.0,0.009788021549662995,0.0,0.0,0,0.0,0,0.0,0,0.0,0,0.0,0,0.0917813934084272,11
