dataset,detector,seed,alpha,degree_norm,n_calib,n_null,m_test,n_discoveries,realized_fdr,power,spearman_score_degree,spearman_p,min_rank_used,gamma_hat,gamma_at_bh,mean_p,ks_uniform,n_sim,q_kendall_tau,q_kendall_p,q_is_monotone,q_first_bin,q_last_bin,gamma_hat_null_mean,gamma_hat_null_p,gamma_at_bh_null_mean,gamma_at_bh_null_p,mean_p_null_mean,mean_p_null_p,ks_uniform_null_mean,ks_uniform_null_p
amazon,dominant_ours,0,0.1,off,267,5000,5821,0,0.0,0.0,0.004164352216489989,0.6605538716650139,66,1.1276883116883116,nan,0.4889828358208955,0.050961194029850665,200,-0.9211323729436766,6.334248366623973e-05,True,0.1624863685932388,0.0,1.0793048456710272,0.21,nan,nan,0.5036522985074626,0.235,0.036249567164179104,0.22
amazon,dominant_ours,1,0.1,off,267,5000,5821,0,0.0,0.0,0.005100043122544354,0.590699714328743,66,1.1099415730337077,nan,0.4878171641791045,0.055223880597014885,200,-0.9211323729436766,6.334248366623973e-05,True,0.1624863685932388,0.0,1.081103670816135,0.285,nan,nan,0.5029262014925373,0.215,0.036325791044776116,0.195
amazon,dominant_ours,2,0.1,off,267,5000,5821,0,0.0,0.0,0.00413690961391182,0.662651996621187,66,1.1134181818181819,nan,0.48937611940298503,0.05309850746268663,200,-0.9211323729436766,6.334248366623973e-05,True,0.1624863685932388,0.0,1.0835023809246713,0.26,nan,nan,0.501036432835821,0.235,0.03730183582089552,0.185
amazon,dominant_ours,3,0.1,off,267,5000,5821,0,0.0,0.0,0.005174719874479347,0.585273937711756,66,1.102714606741573,nan,0.49052910447761194,0.05009253731343288,200,-0.9211323729436766,6.334248366623973e-05,True,0.1624863685932388,0.0,1.075126202834328,0.265,nan,nan,0.5036716828358209,0.23,0.034904179104477615,0.21
amazon,dominant_ours,4,0.1,off,267,5000,5821,0,0.0,0.0,0.0014169649637567967,0.881218768486662,66,1.0858060606060607,nan,0.49633656716417907,0.04402985074626864,200,-0.9211323729436766,6.334248366623973e-05,True,0.1624863685932388,0.0,1.0870416086690795,0.41,nan,nan,0.5012969029850747,0.39,0.03816840298507462,0.335
amazon,anomalydae,0,0.1,off,265,5000,5821,0,0.0,0.0,0.002773798121338205,0.7698981956624147,66,1.0,nan,0.5880270676691729,0.0,200,-0.9211323729436766,6.334248366623973e-05,True,0.16030534351145037,0.0,1.079958913114707,1.0,nan,nan,0.5031221353383458,1.0,0.035703879699248126,1.0
amazon,anomalydae,1,0.1,off,265,5000,5821,0,0.0,0.0,0.016418101707953818,0.08336839886745799,66,1.0,nan,0.5766127819548872,0.0,200,-0.9211323729436766,6.334248366623973e-05,True,0.16030534351145037,0.0,1.0859162113186691,1.0,nan,nan,0.5009518947368421,1.0,0.03870421052631579,1.0
amazon,anomalydae,2,0.1,off,256,5000,5821,0,0.0,0.0,-0.24647385541346964,1.3740773795271094e-153,64,1.0,nan,0.7006194552529184,0.0,200,-0.9211323729436766,6.334248366623973e-05,True,0.1504907306434024,0.0,1.0771920971986486,1.0,nan,nan,0.5045457392996109,1.0,0.03530695719844358,1.0
amazon,anomalydae,3,0.1,off,259,5000,5821,0,0.0,0.0,-0.2270413428806202,5.206079846566319e-130,64,1.0,nan,0.7203523076923077,0.0,200,-0.9211323729436766,6.334248366623973e-05,True,0.15376226826608505,0.0,1.0810605582962762,1.0,nan,nan,0.5030599384615384,1.0,0.035532692307692314,1.0
amazon,anomalydae,4,0.1,off,242,5000,5821,0,0.0,0.0,-0.310792448808712,1.1988684267482105e-247,60,1.0,nan,0.7398962962962963,0.0,200,-0.9211323729436766,6.334248366623973e-05,True,0.14176663031624864,0.0,1.0831587034881052,1.0,nan,nan,0.5028940123456791,1.0,0.037977530864197535,1.0
amazon,dominant_pygod,0,0.1,off,267,5000,5821,3420,0.9029239766081871,0.4043848964677223,0.9177523409805407,0.0,66,3.3361939393939397,10.511840935672515,0.1310723880597015,0.604889552238806,200,-0.9211323729436766,6.334248366623973e-05,True,0.1624863685932388,0.0,1.0793048456710272,0.0,0.927002760233918,0.0,0.5036522985074626,0.0,0.036249567164179104,0.0
amazon,dominant_pygod,1,0.1,off,267,5000,5821,3487,0.897046171494121,0.43727161997563946,0.9176227238874682,0.0,66,3.2322424242424246,10.443411528534556,0.14072164179104477,0.593220895522388,200,-0.9211323729436766,6.334248366623973e-05,True,0.1624863685932388,0.0,1.081103670816135,0.0,1.0114717837682818,0.0,0.5029262014925373,0.0,0.036325791044776116,0.0
amazon,dominant_pygod,2,0.1,off,267,5000,5821,3356,0.9031585220500596,0.39585870889159563,0.9185912101003458,0.0,66,3.2915272727272726,10.514571513706793,0.13789552238805972,0.597889552238806,200,-0.9211323729436766,6.334248366623973e-05,True,0.1624863685932388,0.0,1.0835023809246713,0.0,0.9707506168057211,0.0,0.501036432835821,0.0,0.03730183582089552,0.0
amazon,dominant_pygod,3,0.1,off,267,5000,5821,3607,0.8954810091488772,0.4591961023142509,0.9179955633335997,0.0,66,3.2964,10.425189908511229,0.1360776119402985,0.6058776119402984,200,-0.9211323729436766,6.334248366623973e-05,True,0.1624863685932388,0.0,1.075126202834328,0.0,0.9280516967008594,0.0,0.5036716828358209,0.0,0.034904179104477615,0.0
amazon,dominant_pygod,4,0.1,off,267,5000,5821,3362,0.9071980963712076,0.3800243605359318,0.9192280134301265,0.0,66,3.2964,10.561600237953598,0.13631641791044777,0.599889552238806,200,-0.9211323729436766,6.334248366623973e-05,True,0.1624863685932388,0.0,1.0870416086690795,0.0,0.9411770939916715,0.0,0.5012969029850747,0.0,0.03816840298507462,0.0
amazon,gae,0,0.1,off,265,5000,5821,0,0.0,0.0,-0.02821898914762573,0.0029166199181073875,66,1.217190361445783,nan,0.46546766917293225,0.07658345864661653,200,-0.9211323729436766,6.334248366623973e-05,True,0.16030534351145037,0.0,1.079958913114707,0.03,nan,nan,0.5031221353383458,0.015,0.035703879699248126,0.02
amazon,gae,1,0.1,off,265,5000,5821,0,0.0,0.0,-0.036955540044095646,9.681717393251075e-05,66,1.216285,nan,0.4758894736842105,0.06504812030075191,200,-0.9211323729436766,6.334248366623973e-05,True,0.16030534351145037,0.0,1.0859162113186691,0.045,nan,nan,0.5009518947368421,0.075,0.03870421052631579,0.1
amazon,gae,2,0.1,off,265,5000,5821,0,0.0,0.0,-0.027443135059052666,0.003797296764456294,66,1.17169756097561,nan,0.46984511278195495,0.07994586466165421,200,-0.9211323729436766,6.334248366623973e-05,True,0.16030534351145037,0.0,1.0910334311512693,0.125,nan,nan,0.4996851804511278,0.04,0.038663571428571436,0.045
amazon,gae,3,0.1,off,265,5000,5821,0,0.0,0.0,-0.012046518031647099,0.20394326168271457,66,1.2236,nan,0.4610699248120301,0.08118646616541358,200,-0.9211323729436766,6.334248366623973e-05,True,0.16030534351145037,0.0,1.084766090207654,0.04,nan,nan,0.4993976165413534,0.035,0.039035308270676694,0.05
amazon,gae,4,0.1,off,265,5000,5821,0,0.0,0.0,-0.021148164139617107,0.025720680919179898,66,1.1926227848101265,nan,0.462566917293233,0.08772330827067676,200,-0.9211323729436766,6.334248366623973e-05,True,0.16030534351145037,0.0,1.0869313441169626,0.09,nan,nan,0.5007589586466166,0.025,0.039124676691729324,0.02
amazon,ocgnn,0,0.1,off,267,5000,5821,0,0.0,0.0,0.5837950391661467,0.0,66,1.2928969696969699,nan,0.5556194029850745,0.15291641791044774,200,-0.9211323729436766,6.334248366623973e-05,True,0.1624863685932388,0.0,1.0793048456710272,0.02,nan,nan,0.5036522985074626,0.985,0.036249567164179104,0.0
amazon,ocgnn,1,0.1,off,266,5000,5821,0,0.0,0.0,-0.11305704641669848,5.710843035928204e-33,66,1.0,nan,0.8304629213483146,0.01770936329588015,200,-0.9211323729436766,6.334248366623973e-05,True,0.1613958560523446,0.0,1.0844030351312177,1.0,nan,nan,0.5019682247191011,1.0,0.037506172284644194,0.785
amazon,ocgnn,2,0.1,off,266,5000,5821,0,0.0,0.0,0.6730337523938638,0.0,66,1.6513545454545455,nan,0.49783970037453185,0.24060299625468168,200,-0.9211323729436766,6.334248366623973e-05,True,0.1613958560523446,0.0,1.0816151391698292,0.0,nan,nan,0.5020498352059924,0.4,0.03589924344569288,0.0
amazon,ocgnn,3,0.1,off,266,5000,5821,0,0.0,0.0,0.5057006078778571,0.0,66,1.0,nan,0.6591288389513108,0.028204494382022466,200,-0.9211323729436766,6.334248366623973e-05,True,0.1613958560523446,0.0,1.0845619012775685,1.0,nan,nan,0.5004776329588015,1.0,0.038565,0.66
amazon,ocgnn,4,0.1,off,266,5000,5821,841,0.896551724137931,0.10596833130328867,0.5462551068554308,0.0,66,1.2395272727272728,10.437655172413791,0.5894022471910112,0.16092958801498125,200,-0.9211323729436766,6.334248366623973e-05,True,0.1613958560523446,0.0,1.081313228832012,0.035,0.805111438763377,0.0,0.5032547228464419,1.0,0.03736804868913858,0.0
reddit,dominant_ours,0,0.1,off,9750,761,1127,5,0.0,0.01366120218579235,0.13488816419942978,2.6742194069082673e-44,2437,1.2972500116094166,0.0,0.4254835010688617,0.1614152987577271,200,-0.8333333333333334,0.0008542768959435626,True,0.9857473035439137,0.38305084745762713,1.0487282224206889,0.0,1.0070433639947436,1.0,0.500316741663748,0.0,0.02244599799124346,0.0
reddit,dominant_ours,1,0.1,off,9761,760,1126,6,0.0,0.01639344262295082,0.13340294781300335,2.330007495061872e-43,2440,1.2962353661720114,0.0,0.4259050938655798,0.16297350629185137,200,-1.0,5.5114638447971785e-06,True,0.9895993836671803,0.384180790960452,1.0546647088716374,0.0,0.8642543859649122,1.0,0.499904758246261,0.0,0.024112220856381893,0.0
reddit,dominant_ours,2,0.1,off,9753,760,1126,6,0.0,0.01639344262295082,0.13384893477083207,1.2194512535818372e-43,2438,1.3017731172545282,0.0,0.42490853954652885,0.16483925622956308,200,-1.0,5.5114638447971785e-06,True,0.9892141756548536,0.384180790960452,1.0518191109964736,0.0,0.9506798245614033,1.0,0.49986947595048725,0.0,0.023188585249776072,0.0
reddit,dominant_ours,3,0.1,off,9752,760,1126,6,0.0,0.01639344262295082,0.13681006891407146,1.5658017094441135e-45,2438,1.5092825795041431,0.0,0.3643151634854592,0.2678049129282758,200,-1.0,5.5114638447971785e-06,True,0.9892141756548536,0.38305084745762713,1.0521852630087432,0.0,0.9630263157894735,1.0,0.500244830200694,0.0,0.023137217563286863,0.0
reddit,dominant_ours,4,0.1,off,9753,760,1126,6,0.0,0.01639344262295082,0.13383449947732712,1.2453198660803396e-43,2438,1.3030152671755726,0.0,0.42488142516430505,0.16543739140757363,200,-1.0,5.5114638447971785e-06,True,0.9892141756548536,0.384180790960452,1.0534740549107158,0.0,1.1235307017543859,1.0,0.49934873547154734,0.0,0.023882003874254015,0.0
reddit,anomalydae,0,0.1,off,9748,763,1129,4,0.25,0.00819672131147541,0.3776112158845032,0.0,2437,1.3441870558865407,3.6992136304062906,0.40571140340770917,0.20316376166282202,200,-0.8333333333333334,0.0008542768959435626,True,0.984206471494607,0.38531073446327685,1.0483975695568397,0.0,1.0912680209698555,0.275,0.5004084432761663,0.0,0.02229589901817399,0.0
reddit,anomalydae,1,0.1,off,9750,761,1127,7,0.2857142857142857,0.01366120218579235,0.3302075305732482,1.6784852824481244e-268,2437,1.2019385361266772,4.231274638633377,0.44220620385846743,0.15807577133165085,200,-0.7777777777777778,0.0024250440917107582,True,0.9830508474576272,0.38531073446327685,1.0516582210671839,0.0,0.9626149802890933,0.085,0.4997803304920645,0.0,0.023626311584202222,0.0
reddit,anomalydae,2,0.1,off,9749,762,1128,5,0.2,0.01092896174863388,0.2487917256634948,1.57575368056418e-149,2437,1.240994399615017,2.9606299212598426,0.45073167777104783,0.16922027054310518,200,-0.8333333333333334,0.0008542768959435626,True,0.9791987673343605,0.3864406779661017,1.050915770968871,0.0,0.9029921259842518,0.25,0.5007809886264217,0.0,0.022637120936805973,0.0
reddit,anomalydae,3,0.1,off,9751,760,1126,3,0.0,0.00819672131147541,0.36084099084953547,0.0,2437,1.2702240029138592,0.0,0.4278462447649065,0.1850211562540478,200,-0.7777777777777778,0.0024250440917107582,True,0.9834360554699538,0.38531073446327685,1.052462972733077,0.0,0.567938596491228,1.0,0.5000901259120937,0.0,0.02342437718578646,0.0
reddit,anomalydae,4,0.1,off,9755,759,1125,4,0.0,0.01092896174863388,0.3277344691887298,2.7183046708538048e-264,2438,1.2696660664690713,0.0,0.43536007165078233,0.17370155914997887,200,-0.8333333333333334,0.0008542768959435626,True,0.9838212634822804,0.38531073446327685,1.0562675557410992,0.0,0.9819664031620553,1.0,0.4987417006581133,0.0,0.02445706462993484,0.0
reddit,dominant_pygod,0,0.1,off,9810,701,1067,313,0.9105431309904153,0.07650273224043716,0.5804060084300211,0.0,2452,3.5560088943085266,13.859479611508888,0.0994896264069952,0.6487176828942912,200,-0.8888888888888888,0.00024250440917107584,True,0.9919106317411402,0.38305084745762713,1.0515766507078832,0.0,1.0136872017610625,0.0,0.5000616065899421,0.0,0.023647258434046848,0.0
reddit,dominant_pygod,1,0.1,off,9810,701,1067,279,0.921146953405018,0.060109289617486336,0.6173370044334775,0.0,2452,3.6987058804364774,14.020881587491498,0.08078809325059604,0.6918089989241747,200,-0.8888888888888888,0.00024250440917107584,True,0.9919106317411402,0.38305084745762713,1.054597933442267,0.0,0.9825528303140929,0.0,0.49948241594960735,0.0,0.02476620466328589,0.0
reddit,dominant_pygod,2,0.1,off,9809,702,1068,353,0.9036827195467422,0.09289617486338798,0.6242356419592007,0.0,2452,3.7158572802944745,13.74833539139488,0.0760348327626615,0.7046002247837111,200,-0.8888888888888888,0.00024250440917107584,True,0.9919106317411402,0.384180790960452,1.054942791611466,0.0,0.9964310791506259,0.0,0.5002786664575655,0.0,0.024329373480749625,0.0
reddit,dominant_pygod,3,0.1,off,9812,699,1065,292,0.9041095890410958,0.07650273224043716,0.6096966431410771,0.0,2453,3.575444837368088,13.775060262214122,0.09956996988170926,0.6550279934343031,200,-0.9444444444444445,4.96031746031746e-05,True,0.9934514637904468,0.38305084745762713,1.0534125172791275,0.0,0.9921695866893998,0.0,0.5001675210557599,0.0,0.024119957365831172,0.0
reddit,dominant_pygod,4,0.1,off,9810,701,1067,265,0.9245283018867925,0.0546448087431694,0.6001842483731654,0.0,2452,3.5515776857437733,14.072349473797537,0.09698348719471334,0.6445295398291621,200,-0.8888888888888888,0.00024250440917107584,True,0.9919106317411402,0.384180790960452,1.054326197276769,0.0,0.9865004171937664,0.0,0.5000058153305753,0.0,0.02416466654869763,0.0
reddit,gae,0,0.1,off,9786,725,1091,5,0.0,0.01366120218579235,0.3927118417583925,0.0,2446,1.7038496417375728,0.0,0.3378962240551329,0.23981805561917113,200,-1.0,5.5114638447971785e-06,True,0.99768875192604,0.37966101694915255,1.050185220969275,0.0,1.0082344827586207,1.0,0.5004018772262995,0.0,0.023062205670435452,0.0
reddit,gae,1,0.1,off,9786,725,1091,7,0.2857142857142857,0.01366120218579235,0.40654689364176944,0.0,2446,1.6289424631345153,4.299507389162561,0.3448719800720872,0.24078936520296101,200,-1.0,5.5114638447971785e-06,True,0.99768875192604,0.37966101694915255,1.0522942122300551,0.0,0.9243940886699505,0.08,0.49985755629388734,0.0,0.023941402211941954,0.0
reddit,gae,2,0.1,off,9786,725,1091,6,0.16666666666666666,0.01366120218579235,0.40303231228773057,0.0,2446,1.7163881918403023,2.5080459770114936,0.3317428115409956,0.26004784672137204,200,-1.0,5.5114638447971785e-06,True,0.99768875192604,0.37966101694915255,1.0525871846895096,0.0,0.8401954022988503,0.28,0.5006127981171364,0.0,0.023410842673074413,0.0
reddit,gae,3,0.1,off,9785,726,1092,5,0.0,0.01366120218579235,0.4025015302595333,0.0,2446,1.662086496898027,0.0,0.33912124421293366,0.23571538358896926,200,-1.0,5.5114638447971785e-06,True,0.9973035439137135,0.37966101694915255,1.0532913819171918,0.0,0.8874380165289256,1.0,0.5002142917666719,0.0,0.023719388298007106,0.0
reddit,gae,4,0.1,off,9788,723,1089,5,0.0,0.01366120218579235,0.40265762400589417,0.0,2447,1.6378764036966282,0.0,0.34523988664273997,0.22649438420379553,200,-1.0,5.5114638447971785e-06,True,0.9980739599383667,0.3785310734463277,1.0532911190856367,0.0,1.0392946058091288,1.0,0.4999717482872002,0.0,0.023900995655636838,0.0
reddit,ocgnn,0,0.1,off,9783,728,1094,0,0.0,0.0,0.0392047773592832,5.3250467743665476e-05,2445,1.000511299723898,nan,0.5837591986917416,0.03512013334171961,200,-0.8333333333333334,0.0008542768959435626,True,0.9807395993836672,0.376271186440678,1.0501875324183658,0.995,nan,nan,0.5004001178196292,1.0,0.02308324085971265,0.175
reddit,ocgnn,1,0.1,off,9791,721,1087,0,0.0,0.0,0.12457565964031107,5.436151748089806e-38,2447,1.1593653800615675,nan,0.4811267144398212,0.07773236721873217,200,-0.8888888888888888,0.00024250440917107584,True,0.9892141756548536,0.37740112994350283,1.0538613740705896,0.025,nan,nan,0.4997671044550506,0.065,0.024228620351862427,0.0
reddit,ocgnn,2,0.1,off,9784,727,1093,13,0.5384615384615384,0.01639344262295082,0.2154228163807716,1.0326154362118666e-111,2446,1.0687902474911157,8.095439636017352,0.5201984341470923,0.06534508437598183,200,-0.8888888888888888,0.00024250440917107584,True,0.9915254237288136,0.36271186440677966,1.0521242823492636,0.3,0.9136281874933868,0.0,0.5007225879096587,0.955,0.023259085468241184,0.0
reddit,ocgnn,3,0.1,off,9792,719,1085,0,0.0,0.0,0.24195818594520724,2.7269596199443653e-141,2448,1.1405893488596182,nan,0.5123331118264912,0.05590621554637179,200,-0.8888888888888888,0.00024250440917107584,True,0.9903697996918336,0.3694915254237288,1.053332872723839,0.045,nan,nan,0.5001732014025516,0.875,0.023957375247597446,0.015
reddit,ocgnn,4,0.1,off,9784,727,1093,0,0.0,0.0,0.21049792185168806,1.227972472871444e-106,2446,1.0,nan,0.638444577677283,0.052239096559523565,200,-0.8888888888888888,0.00024250440917107584,True,0.9903697996918336,0.36836158192090396,1.0530056605048739,1.0,nan,nan,0.49997078944205514,1.0,0.02380608600734218,0.025
tolokers,dominant_ours,0,0.1,off,797,5000,7566,0,0.0,0.0,-0.23418023683681413,9.910793148192159e-115,199,1.0,nan,0.6005847117794486,0.0006651629072681742,200,-0.9211323729436766,6.334248366623973e-05,True,0.44869565217391305,0.0,1.0526083483329387,1.0,nan,nan,0.5000921027568923,1.0,0.02358982205513785,0.995
tolokers,dominant_ours,1,0.1,off,797,5000,7566,0,0.0,0.0,-0.2342780226149688,7.9287840576947705e-115,199,1.0,nan,0.6058456140350877,0.0,200,-0.9211323729436766,6.334248366623973e-05,True,0.44869565217391305,0.0,1.0567190801624387,1.0,nan,nan,0.4995773796992481,1.0,0.024099634085213033,1.0
tolokers,dominant_ours,2,0.1,off,797,5000,7566,0,0.0,0.0,-0.23430049204683043,7.532409426935901e-115,199,1.0,nan,0.595981954887218,0.006771428571428581,200,-0.9211323729436766,6.334248366623973e-05,True,0.44869565217391305,0.0,1.0499879665231406,1.0,nan,nan,0.5006066215538847,1.0,0.023489403508771933,0.94
tolokers,dominant_ours,3,0.1,off,797,5000,7566,0,0.0,0.0,-0.23420635441114135,9.337515522515405e-115,199,1.0,nan,0.6061085213032582,0.0,200,-0.9211323729436766,6.334248366623973e-05,True,0.44869565217391305,0.0,1.0494526967664175,1.0,nan,nan,0.5014309260651629,1.0,0.021832538847117798,1.0
tolokers,dominant_ours,4,0.1,off,797,5000,7566,0,0.0,0.0,-0.2342333480804234,8.779764385242907e-115,199,1.0,nan,0.6029899749373433,0.005371428571428569,200,-0.9211323729436766,6.334248366623973e-05,True,0.4504347826086956,0.0,1.0533559988036856,1.0,nan,nan,0.4997825601503759,1.0,0.024250526315789472,0.965
tolokers,anomalydae,0,0.1,off,785,5000,7566,0,0.0,0.0,-0.161313403768476,1.2420860446067633e-54,196,1.0004728662420381,nan,0.5886547073791348,0.0004722646310432177,200,-0.9211323729436766,6.334248366623973e-05,True,0.4121739130434783,0.0,1.051654434959641,0.985,nan,nan,0.5003998893129772,1.0,0.022568338422391858,0.995
tolokers,anomalydae,1,0.1,off,790,5000,7566,0,0.0,0.0,-0.25065489297488713,1.0726613386781244e-131,197,1.0,nan,0.6340996207332491,0.0,200,-0.9211323729436766,6.334248366623973e-05,True,0.4295652173913043,0.0,1.0497150628240037,1.0,nan,nan,0.5007855120101138,1.0,0.022796646017699117,1.0
tolokers,anomalydae,2,0.1,off,791,5000,7566,0,0.0,0.0,-0.2209253919501482,5.216472195386481e-102,197,1.0,nan,0.60067601010101,0.00013737373737373725,200,-0.9211323729436766,6.334248366623973e-05,True,0.43130434782608695,0.0,1.0544318546915243,1.0,nan,nan,0.500055172979798,1.0,0.023770323232323233,1.0
tolokers,anomalydae,3,0.1,off,789,5000,7566,0,0.0,0.0,-0.2391321835732274,1.0770580129173135e-119,197,1.0002661596958176,nan,0.6295420253164556,0.0007341772151898734,200,-0.9211323729436766,6.334248366623973e-05,True,0.4295652173913043,0.0,1.0553026579941656,0.985,nan,nan,0.49993346835443037,1.0,0.024536392405063293,1.0
tolokers,anomalydae,4,0.1,off,791,5000,7566,0,0.0,0.0,-0.22469652521696584,1.5180386399560972e-105,197,1.0,nan,0.629389393939394,0.0,200,-0.9211323729436766,6.334248366623973e-05,True,0.4330434782608696,0.0,1.055190938044258,1.0,nan,nan,0.4994813131313131,1.0,0.024658656565656568,1.0
tolokers,dominant_pygod,0,0.1,off,821,5000,7566,2695,0.6371057513914656,0.38113795791114574,0.8997440172792328,0.0,205,2.908677073170732,9.640684230055658,0.18479416058394163,0.4985469586374696,200,-0.9211323729436766,6.334248366623973e-05,True,0.45217391304347826,0.0,1.0497260796980168,0.0,0.9904581818181819,0.0,0.5007492177615572,0.0,0.02216586374695864,0.0
tolokers,dominant_pygod,1,0.1,off,821,5000,7566,2581,0.6299883765982177,0.3721745908028059,0.8984991132978531,0.0,205,2.906271219512195,9.53298411468423,0.18233284671532846,0.5031304136253041,200,-0.9211323729436766,6.334248366623973e-05,True,0.45217391304347826,0.0,1.051329401309108,0.0,0.993752034095312,0.0,0.5003044574209246,0.0,0.022263890510948903,0.0
tolokers,dominant_pygod,2,0.1,off,821,5000,7566,2697,0.6377456433073786,0.3807482462977397,0.8971253364405016,0.0,205,2.903063414634146,9.650367074527253,0.1855946472019465,0.5021980535279805,200,-0.9211323729436766,6.334248366623973e-05,True,0.45217391304347826,0.0,1.0565729486204325,0.0,0.9995704338153505,0.0,0.4988598309002433,0.0,0.024461739659367394,0.0
tolokers,dominant_pygod,3,0.1,off,821,5000,7566,2685,0.6346368715083799,0.382307092751364,0.8985606838379772,0.0,205,2.890232195121951,9.603325139664804,0.18729318734793188,0.4983815085158151,200,-0.9211323729436766,6.334248366623973e-05,True,0.45217391304347826,0.0,1.051726111777093,0.0,0.9852707262569834,0.0,0.5003320352798054,0.0,0.02269088807785888,0.0
tolokers,dominant_pygod,4,0.1,off,821,5000,7566,2699,0.6346795109299741,0.3842556508183944,0.9006834332208037,0.0,205,2.898251707317073,9.603970359392367,0.18612992700729927,0.4947469586374696,200,-0.9211323729436766,6.334248366623973e-05,True,0.45217391304347826,0.0,1.0497193250588965,0.0,1.0111640829937014,0.0,0.5000454416058395,0.0,0.02356707542579075,0.0
tolokers,gae,0,0.1,off,802,5000,7566,0,0.0,0.0,-0.15894138135050045,4.532885392393767e-53,200,1.0087238825031928,nan,0.551186301369863,0.02929090909090909,200,-0.9211323729436766,6.334248366623973e-05,True,0.45217391304347826,0.0,1.0536564628092673,0.895,nan,nan,0.5004016438356165,1.0,0.023058582814445835,0.3
tolokers,gae,1,0.1,off,800,5000,7566,0,0.0,0.0,-0.1970266971947551,4.1048279191850865e-81,200,1.0112116751269036,nan,0.5619198501872659,0.03070611735330836,200,-0.9211323729436766,6.334248366623973e-05,True,0.4504347826086956,0.0,1.056488928559701,0.885,nan,nan,0.49956710611735333,1.0,0.024253973782771533,0.25
tolokers,gae,2,0.1,off,801,5000,7566,0,0.0,0.0,-0.17154082134205897,1.2036453939852251e-61,200,1.011627621483376,nan,0.5478758104738155,0.0290713216957606,200,-0.9211323729436766,6.334248366623973e-05,True,0.45217391304347826,0.0,1.0517718432884557,0.83,nan,nan,0.5009137917705736,1.0,0.022848471321695762,0.275
tolokers,gae,3,0.1,off,804,5000,7566,0,0.0,0.0,-0.15845450811451967,9.419843376844804e-53,201,1.0353415841584157,nan,0.5440201242236025,0.023727950310559007,200,-0.9211323729436766,6.334248366623973e-05,True,0.45217391304347826,0.0,1.0519674048664478,0.59,nan,nan,0.49984595279503113,1.0,0.0233085652173913,0.44
tolokers,gae,4,0.1,off,802,5000,7566,0,0.0,0.0,-0.17612354922852738,6.174138865435521e-65,200,1.0115741025641025,nan,0.5478027397260273,0.026162889165628894,200,-0.9211323729436766,6.334248366623973e-05,True,0.45217391304347826,0.0,1.0549326997568316,0.85,nan,nan,0.4999770386052303,1.0,0.024011483188044823,0.365
tolokers,ocgnn,0,0.1,off,792,5000,7566,0,0.0,0.0,0.25042227493565533,1.9012846759287413e-131,198,1.6413013157894738,nan,0.4097137452711223,0.2565366960907945,200,-0.9211323729436766,6.334248366623973e-05,True,0.4052173913043478,0.0,1.0540687636125141,0.0,nan,nan,0.49976698234552336,0.0,0.02323072509457756,0.0
tolokers,ocgnn,1,0.1,off,791,5000,7566,0,0.0,0.0,0.20373094035118225,1.0299104483881203e-86,197,1.5708421725239616,nan,0.3737989898989899,0.24917777777777783,200,-0.9211323729436766,6.334248366623973e-05,True,0.40347826086956523,0.0,1.0521635383509236,0.0,nan,nan,0.5003948952020202,0.0,0.023359979797979803,0.0
tolokers,ocgnn,2,0.1,off,801,5000,7566,0,0.0,0.0,0.38111712095808165,0.0,200,2.2688355140186918,nan,0.32525336658354115,0.34832618453865344,200,-0.9211323729436766,6.334248366623973e-05,True,0.4191304347826087,0.0,1.0517718432884557,0.0,nan,nan,0.5009137917705736,0.0,0.022848471321695762,0.0
tolokers,ocgnn,3,0.1,off,803,5000,7566,0,0.0,0.0,0.5601217918509216,0.0,200,2.361849504950495,nan,0.2822246268656716,0.4038039800995025,200,-0.9211323729436766,6.334248366623973e-05,True,0.4226086956521739,0.0,1.0497836838149224,0.0,nan,nan,0.5006697810945273,0.0,0.022881626865671644,0.0
tolokers,ocgnn,4,0.1,off,782,5000,7566,0,0.0,0.0,0.4408691095271855,0.0,195,1.7876661971830985,nan,0.357179054916986,0.31144980842911874,200,-0.9211323729436766,6.334248366623973e-05,True,0.38608695652173913,0.0,1.0540470963058786,0.0,nan,nan,0.5007806066411239,0.0,0.023954623243933586,0.0
weibo,dominant_ours,0,0.1,off,5641,2336,2683,118,0.652542372881356,0.11815561959654179,-0.13102419905448745,3.4373924167542044e-32,1410,1.0517426892062567,7.494739667982354,0.52352365514512,0.0632778622173231,200,-0.018181818181818184,1.0,False,0.402457757296467,0.4962962962962963,1.0343974088885899,0.235,0.9806428851288598,0.0,0.500021863907193,1.0,0.015668261946846788,0.0
weibo,dominant_ours,1,0.1,off,5641,2336,2683,119,0.6470588235294118,0.12103746397694524,-0.14410655662633307,1.194500482342263e-38,1410,1.0804570647175564,7.431758662369057,0.5210326295445605,0.06919741493592577,200,-0.018181818181818184,1.0,False,0.402457757296467,0.4962962962962963,1.0322712201609385,0.06,0.9941183665246922,0.0,0.5008273853025013,1.0,0.014309975058635573,0.0
weibo,dominant_ours,2,0.1,off,5641,2336,2683,119,0.6470588235294118,0.12103746397694524,-0.13282975474739808,4.8107707551651835e-33,1410,1.0616813495328912,7.431758662369057,0.5225931340533086,0.06927101290225463,200,-0.018181818181818184,1.0,False,0.402457757296467,0.4962962962962963,1.0313860568532223,0.14,0.9830189867042708,0.0,0.5010776684649862,0.995,0.014362051310377648,0.0
weibo,dominant_ours,3,0.1,off,5641,2336,2683,119,0.6470588235294118,0.12103746397694524,-0.13285372555468544,4.685935521440325e-33,1410,1.0616813495328912,7.431758662369057,0.5225919959404273,0.06927101290225463,200,-0.018181818181818184,1.0,False,0.402457757296467,0.4962962962962963,1.031241223493661,0.105,0.972402188615172,0.0,0.5007890096536252,1.0,0.014390499579960477,0.0
weibo,dominant_ours,4,0.1,off,5641,2336,2683,118,0.652542372881356,0.11815561959654179,-0.08414170825332146,3.868465823648381e-14,1410,1.0941408576533653,7.494739667982354,0.503078747092501,0.06431126871361073,200,-0.018181818181818184,1.0,False,0.402457757296467,0.4962962962962963,1.0347680988349803,0.025,0.9436558581959601,0.0,0.49952617553403283,0.665,0.01562065316753507,0.0
weibo,anomalydae,0,0.1,off,5641,2336,2683,119,0.6470588235294118,0.12103746397694524,-0.11396316629310518,1.0460713020301435e-24,1410,1.0972233507633187,7.431758662369057,0.5197499763272521,0.06738144202240534,200,-0.018181818181818184,1.0,False,0.402457757296467,0.4962962962962963,1.0343974088885899,0.035,1.0085958184643722,0.0,0.500021863907193,0.995,0.015668261946846788,0.0
weibo,anomalydae,1,0.1,off,5641,2336,2683,119,0.6470588235294118,0.12103746397694524,-0.10813435312557512,2.161979978912728e-22,1410,1.0786834784769952,7.431758662369057,0.5206367180102267,0.06942701024119495,200,-0.018181818181818184,1.0,False,0.402457757296467,0.4962962962962963,1.0322712201609385,0.06,0.9941183665246922,0.0,0.5008273853025013,1.0,0.014309975058635573,0.0
weibo,anomalydae,2,0.1,off,5641,2336,2683,119,0.6470588235294118,0.12103746397694524,-0.15219957921594193,5.815237264443758e-43,1410,1.164938911514254,7.431758662369057,0.4928751098658302,0.06965387407554885,200,-0.018181818181818184,1.0,False,0.402457757296467,0.4962962962962963,1.0313860568532223,0.0,0.9830189867042708,0.0,0.5010776684649862,0.135,0.014362051310377648,0.0
weibo,anomalydae,3,0.1,off,5640,2337,2684,120,0.65,0.12103746397694524,-0.15622793129650778,3.364390657179936e-45,1410,1.1976890487801912,7.465126230209671,0.490627069660913,0.06992443383786884,200,-0.018181818181818184,1.0,False,0.4009216589861751,0.4962962962962963,1.0312615343074727,0.0,0.9652025388674937,0.0,0.5007810977563026,0.06,0.014393302382906733,0.0
weibo,anomalydae,4,0.1,off,5641,2336,2683,119,0.6470588235294118,0.12103746397694524,-0.10068550776167318,1.3069077559818607e-19,1410,1.0570950075672318,7.431758662369057,0.5266820701393171,0.06599051633298209,200,-0.018181818181818184,1.0,False,0.402457757296467,0.4962962962962963,1.0347680988349803,0.195,0.9685415347645906,0.0,0.49952617553403283,1.0,0.01562065316753507,0.0
weibo,dominant_pygod,0,0.1,off,5641,2336,2683,30,0.6,0.0345821325648415,0.439663991810332,0.0,1410,1.2938174645432983,6.891267123287671,0.48516614020093907,0.10264291055828838,200,-0.018181818181818184,1.0,False,0.402457757296467,0.4962962962962963,1.0343974088885899,0.0,0.985834046803653,0.0,0.500021863907193,0.01,0.015668261946846788,0.0
weibo,dominant_pygod,1,0.1,off,5642,2335,2682,39,0.6153846153846154,0.043227665706051875,0.4547956279852104,0.0,1410,1.3060476559296552,7.06835776643057,0.45359701678872205,0.11106990108455227,200,-0.018181818181818184,1.0,False,0.402457757296467,0.49777777777777776,1.0323019104823101,0.0,0.9424477021907427,0.0,0.5008235193893934,0.0,0.014315590633408735,0.0
weibo,dominant_pygod,2,0.1,off,5642,2335,2682,61,0.639344262295082,0.06340057636887608,0.4428422147780365,0.0,1410,1.2854799763087157,7.343560220451434,0.4804927444170091,0.10055572821266498,200,-0.018181818181818184,1.0,False,0.402457757296467,0.49777777777777776,1.0313158163106166,0.0,0.9104131709200687,0.0,0.5010928853507463,0.0,0.014333816014307395,0.0
weibo,dominant_pygod,3,0.1,off,5642,2335,2682,61,0.639344262295082,0.06340057636887608,0.4499428363216885,0.0,1410,1.278624083101736,7.343560220451434,0.47106604570821864,0.10089489507950006,200,-0.018181818181818184,1.0,False,0.402457757296467,0.49777777777777776,1.031262545996571,0.0,0.9640776494541368,0.0,0.5007921455055457,0.0,0.014392944813095837,0.0
weibo,dominant_pygod,4,0.1,off,5642,2335,2682,62,0.6290322580645161,0.06628242074927954,0.4475288249628865,0.0,1410,1.2671082117424433,7.225115700766733,0.48210539976571765,0.0992704762793797,200,-0.018181818181818184,1.0,False,0.402457757296467,0.49777777777777776,1.0347481199657027,0.0,0.9587172756786626,0.0,0.49953218385439724,0.005,0.015618206938842572,0.0
weibo,gae,0,0.1,off,5641,2336,2683,62,0.6129032258064516,0.069164265129683,-0.08851175648557058,1.7235701627734216e-15,1410,1.0167628612758852,7.039466416261599,0.5210761813308212,0.05678303137428192,200,-0.018181818181818184,1.0,False,0.402457757296467,0.4962962962962963,1.0343974088885899,0.715,1.0133126657092353,0.0,0.500021863907193,1.0,0.015668261946846788,0.0
weibo,gae,1,0.1,off,5641,2336,2683,62,0.6129032258064516,0.069164265129683,-0.10900836521334978,9.896156276012317e-23,1410,1.0086177165734131,7.039466416261599,0.5265813092122195,0.05564598073159716,200,-0.018181818181818184,1.0,False,0.402457757296467,0.4962962962962963,1.0322712201609385,0.805,0.9540329485196642,0.0,0.5008273853025013,1.0,0.014309975058635573,0.0
weibo,gae,2,0.1,off,5641,2336,2683,62,0.6129032258064516,0.069164265129683,-0.09281820739862982,6.90257755469173e-17,1410,1.0168545819391617,7.039466416261599,0.5237457389053721,0.05536509447247405,200,-0.018181818181818184,1.0,False,0.402457757296467,0.4962962962962963,1.0313860568532223,0.645,0.9632954043305346,0.0,0.5010776684649862,0.995,0.014362051310377648,0.0
weibo,gae,3,0.1,off,5641,2336,2683,62,0.6129032258064516,0.069164265129683,-0.08447544700985485,3.06709950070171e-14,1410,1.0254001305973655,7.039466416261599,0.5196787304608781,0.0565592025076117,200,-0.018181818181818184,1.0,False,0.402457757296467,0.4962962962962963,1.031241223493661,0.535,1.0253538582633672,0.0,0.5007890096536252,0.995,0.014390499579960477,0.0
weibo,gae,4,0.1,off,5641,2336,2683,62,0.6129032258064516,0.069164265129683,-0.08924628129547058,1.0062802133228064e-15,1410,1.0315602936626256,7.039466416261599,0.5200088590706685,0.05654266193373572,200,-0.018181818181818184,1.0,False,0.402457757296467,0.4962962962962963,1.0347680988349803,0.46,0.9586641764250993,0.0,0.49952617553403283,0.995,0.01562065316753507,0.0
weibo,ocgnn,0,0.1,off,5617,2360,2707,0,0.0,0.0,0.129011998384322,2.9780237882482824e-31,1404,1.0000425767060124,nan,0.5540733930284618,4.253881289550954e-05,200,-0.018181818181818184,1.0,False,0.402457757296467,0.5022222222222222,1.0339518140780561,0.995,nan,nan,0.50009226887245,1.0,0.015456188039654619,1.0
weibo,ocgnn,1,0.1,off,5586,2391,2738,5,0.0,0.01440922190201729,-0.10512432741156046,3.0387822321765105e-21,1396,1.0,0.0,0.5856179245046437,0.0,200,-0.018181818181818184,1.0,False,0.3901689708141321,0.5037037037037037,1.0326663120580633,1.0,0.9504558762024257,1.0,0.5007714797233855,1.0,0.014354067521117807,1.0
weibo,ocgnn,2,0.1,off,5635,2343,2690,22,0.0,0.06340057636887608,-0.20261194812171923,2.051970952786685e-75,1408,1.0,0.0,0.5837683909335964,0.0,200,-0.018181818181818184,1.0,False,0.38402457757296465,0.5051851851851852,1.0313226263655006,1.0,0.8167171070500134,1.0,0.5010149624979592,1.0,0.014112373447082915,1.0
weibo,ocgnn,3,0.1,off,5608,2369,2716,12,0.0,0.0345821325648415,-0.21678423021557555,2.5491538633480494e-86,1402,1.0341528264993716,0.0,0.5537512414657112,0.030724757089646837,200,-0.018181818181818184,1.0,False,0.3932411674347158,0.49777777777777776,1.0309043491296783,0.38,0.7929787533417756,1.0,0.50072425850904,1.0,0.014292406876995687,0.01
weibo,ocgnn,4,0.1,off,5636,2341,2688,39,0.20512820512820512,0.0893371757925072,-0.2053898545369104,1.7278607903117835e-77,1409,1.0006989742868395,2.3553379555088227,0.5709880339191148,0.002497685510930898,200,-0.018181818181818184,1.0,False,0.39477726574500765,0.4888888888888889,1.0349364474479081,0.99,0.9436072684257221,0.04,0.4995012301631596,1.0,0.015633656221324645,0.98
