dataset,model,label_fraction,removed,method,fdp_mean,fdp_std,power_mean,power_std,discoveries_mean,discoveries_std,nonempty_mean,nonempty_std,n_calib_mean,n_calib_std,pool_size_mean,pool_size_std
amazon,hgb_attributes,0.25,0.0,exposure,0.09089376794801296,0.018635254664864095,0.7787026101565055,0.014979585691946682,159.16,5.3239918190103275,1.0,0.0,1326.82,18.2482754131879,1326.82,18.2482754131879
amazon,hgb_attributes,0.25,0.0,random,0.09089376794801296,0.018635254664864095,0.7787026101565055,0.014979585691946682,159.16,5.3239918190103275,1.0,0.0,1326.82,18.2482754131879,1326.82,18.2482754131879
amazon,hgb_attributes,0.25,0.05,exposure,0.09545679420319449,0.01985705934508743,0.7823696321358952,0.018285579962272015,160.72,6.012727242182945,1.0,0.0,1260.96,17.376305706334694,1326.82,18.2482754131879
amazon,hgb_attributes,0.25,0.05,random,0.08993428002324887,0.018719775291903096,0.7766020044476443,0.014144846117016826,158.5864,5.133036251143714,1.0,0.0,1260.96,17.376305706334694,1326.82,18.2482754131879
amazon,hgb_attributes,0.25,0.1,exposure,0.10528346886082143,0.021833514845494253,0.7905595961188543,0.02207580790829004,164.24,7.000825348168277,1.0,0.0,1194.6200000000001,16.474748354173222,1326.82,18.2482754131879
amazon,hgb_attributes,0.25,0.1,random,0.08915849162574378,0.018870993036675998,0.7745172299482336,0.013352413810665065,158.06040000000002,5.174140297887391,1.0,0.0,1194.6200000000001,16.474748354173222,1326.82,18.2482754131879
amazon,hgb_attributes,0.25,0.2,exposure,0.11095836267557994,0.02023637588066891,0.7934775099166759,0.02207998024840111,165.9,7.171703656268387,1.0,0.0,1061.84,14.629893293451513,1326.82,18.2482754131879
amazon,hgb_attributes,0.25,0.2,random,0.08829234187738084,0.019011688349167895,0.7726320108457062,0.013009821345803325,157.5788,5.302112970840546,1.0,0.0,1061.84,14.629893293451513,1326.82,18.2482754131879
amazon,hgb_attributes,0.25,0.4,exposure,0.12951632303324562,0.024271145385430553,0.8064406720006861,0.02587385278741127,172.3,9.162362625921817,1.0,0.0,796.44,10.968561133226808,1326.82,18.2482754131879
amazon,hgb_attributes,0.25,0.4,random,0.08580259045853751,0.017044029294136037,0.7664113731958241,0.012508180086534277,156.0208,5.043153440281407,1.0,0.0,796.44,10.968561133226808,1326.82,18.2482754131879
amazon,hgb_attributes,0.25,0.6,exposure,0.12038316715314215,0.0260836823976348,0.7941861202389173,0.026983453414194624,168.32,9.425827402526645,1.0,0.0,531.1600000000001,7.373707042970687,1326.82,18.2482754131879
amazon,hgb_attributes,0.25,0.6,random,0.08269959644760369,0.014678385886637741,0.745570052007678,0.03161543923523991,151.6936,7.643237057105516,0.9907999999999999,0.022314917780613824,531.1600000000001,7.373707042970687,1326.82,18.2482754131879
amazon,hgb_attributes,0.25,0.8,exposure,0.10034215748580351,0.028910503997705766,0.7375226661362783,0.0671405567246775,154.3384,16.602229804724683,0.96,0.08432740427115674,265.76,3.7139975468190447,1326.82,18.2482754131879
amazon,hgb_attributes,0.25,0.8,random,0.07371333268517977,0.013873363526157013,0.6438647651044538,0.05523305467776689,131.52280000000002,11.651120773937958,0.8752000000000001,0.07952749349892922,265.76,3.7139975468190447,1326.82,18.2482754131879
amazon,hgb_attributes,0.25,0.9,exposure,0.08843365793717241,0.04157189740955846,0.48494273739658345,0.08749121262054464,107.7136,26.027651975884762,0.5988,0.09335333119093524,133.1,1.79691092959247,1326.82,18.2482754131879
amazon,hgb_attributes,0.25,0.9,random,0.06313754635344508,0.010166135079257007,0.4096246205745772,0.04082952614190709,87.1928,8.845875935523097,0.5132,0.054391175754896146,133.1,1.79691092959247,1326.82,18.2482754131879
amazon,hgb_attributes,0.25,0.97,exposure,0.002111765215318372,0.003269352962338088,0.003061677076335987,0.004705160646763702,1.6863999999999997,2.6482867921230384,0.0032,0.004917090377222873,40.339999999999996,0.5337498373666164,1326.82,18.2482754131879
amazon,hgb_attributes,0.25,0.97,random,0.0005010507767215395,0.001056399215564828,0.0007564029460679497,0.0015946374502061771,0.37160000000000004,0.7836517367073491,0.0008,0.0016865480854231355,40.339999999999996,0.5337498373666164,1326.82,18.2482754131879
amazon,hgb_attributes,0.5,0.0,exposure,0.08855822731673393,0.01606062888083784,0.7793593359312982,0.018383790918843814,158.76,4.836711463151151,1.0,0.0,2643.98,15.041114024935366,2643.98,15.041114024935366
amazon,hgb_attributes,0.5,0.0,random,0.08855822731673393,0.01606062888083784,0.7793593359312982,0.018383790918843814,158.76,4.836711463151151,1.0,0.0,2643.98,15.041114024935366,2643.98,15.041114024935366
amazon,hgb_attributes,0.5,0.05,exposure,0.09621098581528292,0.014040359333146358,0.7851770384343725,0.02196573476286906,161.26,5.862915467391443,1.0,0.0,2512.2200000000003,14.30973250778806,2643.98,15.041114024935366
amazon,hgb_attributes,0.5,0.05,random,0.08894910276338429,0.015427467053610283,0.7788256534853798,0.01847904244906048,158.718,4.84235617580258,1.0,0.0,2512.2200000000003,14.30973250778806,2643.98,15.041114024935366
amazon,hgb_attributes,0.5,0.1,exposure,0.10677756701495027,0.012993190964700444,0.7929720816447834,0.023564028655234232,164.7736,6.650690243208677,1.0,0.0,2380.02,13.571358729978966,2643.98,15.041114024935366
amazon,hgb_attributes,0.5,0.1,random,0.0884677506195658,0.014870700452917184,0.7785897128618378,0.018894583242832223,158.5808,4.867812394814652,1.0,0.0,2380.02,13.571358729978966,2643.98,15.041114024935366
amazon,hgb_attributes,0.5,0.2,exposure,0.11917327165977169,0.012460775905991395,0.7991871600688584,0.023789246968480893,168.42000000000002,7.113961234392864,1.0,0.0,2115.54,12.080489320479556,2643.98,15.041114024935366
amazon,hgb_attributes,0.5,0.2,random,0.08818703374608941,0.015210993593630701,0.7775766405221518,0.018248548253031308,158.3476,4.79116017497038,1.0,0.0,2115.54,12.080489320479556,2643.98,15.041114024935366
amazon,hgb_attributes,0.5,0.4,exposure,0.13112264489917164,0.01753755926391539,0.806093131575303,0.023666421687143006,172.28,7.731723970470985,1.0,0.0,1586.8,9.03769882215598,2643.98,15.041114024935366
amazon,hgb_attributes,0.5,0.4,random,0.08692141801712788,0.01431062413812728,0.7756262351212035,0.017954547392546087,157.7696,4.6700944363518415,1.0,0.0,1586.8,9.03769882215598,2643.98,15.041114024935366
amazon,hgb_attributes,0.5,0.6,exposure,0.14462779953926494,0.022362556456777066,0.8124208099413923,0.026537840230533124,176.64000000000001,10.199259232360404,1.0,0.0,1057.9,6.042994107044693,2643.98,15.041114024935366
amazon,hgb_attributes,0.5,0.6,random,0.08456360071071808,0.01297690532457151,0.7693910835116125,0.01649882517803844,156.22840000000002,4.371508745400278,0.998,0.0063245553203367276,1057.9,6.042994107044693,2643.98,15.041114024935366
amazon,hgb_attributes,0.5,0.8,exposure,0.13649822617080262,0.017444670504228106,0.8051292090365567,0.024829705377510936,174.1008,7.9936812379111855,1.0,0.0,529.1600000000001,3.000444411527536,2643.98,15.041114024935366
amazon,hgb_attributes,0.5,0.8,random,0.08055819327671822,0.012154953727344264,0.743651362103267,0.02668417507860482,150.8896,6.234010287661279,0.9872,0.023232161615599486,529.1600000000001,3.000444411527536,2643.98,15.041114024935366
amazon,hgb_attributes,0.5,0.9,exposure,0.14921951128686073,0.0539663513334808,0.7704284886737585,0.06596731272283489,173.752,24.187357285252236,0.9628,0.07870168712013456,264.9,1.5092308563562544,2643.98,15.041114024935366
amazon,hgb_attributes,0.5,0.9,random,0.07445616715094239,0.00950494352979605,0.6503232993651143,0.05147492160195878,132.8732,10.111122157747323,0.8808,0.07411222721131935,264.9,1.5092308563562544,2643.98,15.041114024935366
amazon,hgb_attributes,0.5,0.97,exposure,0.059573184893803345,0.04608721909801846,0.13617071572989323,0.09697420335589539,42.2896,32.35031445218972,0.1512,0.10626256788414881,79.8,0.44221663871405387,2643.98,15.041114024935366
amazon,hgb_attributes,0.5,0.97,random,0.011475905997834952,0.0034858060302651963,0.02834861672736373,0.009040823880111258,8.314,2.5994421623793738,0.0316,0.009879271228182777,79.8,0.44221663871405387,2643.98,15.041114024935366
amazon,hgb_attributes,1.0,0.0,exposure,0.0917413826655223,0.015605253360957754,0.7831292769794211,0.022328238674953187,160.0,5.933707853348432,1.0,0.0,5275.5,5.169354139757052,5275.5,5.169354139757052
amazon,hgb_attributes,1.0,0.0,random,0.0917413826655223,0.015605253360957754,0.7831292769794211,0.022328238674953187,160.0,5.933707853348432,1.0,0.0,5275.5,5.169354139757052,5275.5,5.169354139757052
amazon,hgb_attributes,1.0,0.05,exposure,0.09726933133866573,0.015327365233134837,0.7875584805957574,0.021959750579174694,161.88,5.6389124246908935,1.0,0.0,5012.2,4.756282395129693,5275.5,5.169354139757052
amazon,hgb_attributes,1.0,0.05,random,0.0914629017392127,0.015583732708708393,0.7827131105809889,0.02185454130846888,159.8616,5.725043371014759,1.0,0.0,5012.2,4.756282395129693,5275.5,5.169354139757052
amazon,hgb_attributes,1.0,0.1,exposure,0.11317844045801931,0.012164959201379562,0.796409931051222,0.021249795483557172,166.57999999999998,5.761519861209469,1.0,0.0,4748.3,4.595891885392788,5275.5,5.169354139757052
amazon,hgb_attributes,1.0,0.1,random,0.09109252896602224,0.015554718652392,0.7824368619474733,0.02178312210885347,159.7452,5.679092587924782,1.0,0.0,4748.3,4.595891885392788,5275.5,5.169354139757052
amazon,hgb_attributes,1.0,0.2,exposure,0.12382559002075036,0.010223721928176764,0.8035042230826521,0.021746789662182804,170.12,6.070841054673658,1.0,0.0,4220.7,4.164666186436022,5275.5,5.169354139757052
amazon,hgb_attributes,1.0,0.2,random,0.09057999322643903,0.015378719039535098,0.7820042378285642,0.02152883964787479,159.5712,5.547279709711581,1.0,0.0,4220.7,4.164666186436022,5275.5,5.169354139757052
amazon,hgb_attributes,1.0,0.4,exposure,0.14155482390825855,0.013690430846368678,0.8100858836053467,0.023289549955614282,175.1,6.5701344481423405,1.0,0.0,3165.7,3.164033993355842,5275.5,5.169354139757052
amazon,hgb_attributes,1.0,0.4,random,0.08920563743215629,0.015232438789222731,0.7804250356598342,0.02079629737558809,159.0404,5.388530849045131,1.0,0.0,3165.7,3.164033993355842,5275.5,5.169354139757052
amazon,hgb_attributes,1.0,0.6,exposure,0.15490170699423456,0.017877443346789212,0.8151323161875084,0.02425101925157911,179.0328,7.7572122827727235,1.0,0.0,2110.6,2.1705094128132205,5275.5,5.169354139757052
amazon,hgb_attributes,1.0,0.6,random,0.08803580161207464,0.014854422812851006,0.7779235490201377,0.020050959913917307,158.3928,5.248469084726834,1.0,0.0,2110.6,2.1705094128132205,5275.5,5.169354139757052
amazon,hgb_attributes,1.0,0.8,exposure,0.1589172934893841,0.019841738814996946,0.8185658900952871,0.0286689878826351,181.1248,10.33231182907936,1.0,0.0,1055.6,1.1737877907772944,5275.5,5.169354139757052
amazon,hgb_attributes,1.0,0.8,random,0.08586088188285025,0.014254244031708488,0.7716780188557169,0.01881507539668379,156.9468,5.2421746293350875,1.0,0.0,1055.6,1.1737877907772944,5275.5,5.169354139757052
amazon,hgb_attributes,1.0,0.9,exposure,0.17583899882473936,0.045938713956490275,0.8250828069516482,0.026379455562293416,187.26,14.812322197713932,1.0,0.0,528.1,0.7378647873726312,5275.5,5.169354139757052
amazon,hgb_attributes,1.0,0.9,random,0.0823023470899215,0.013209197851238867,0.7484569118374489,0.020039135008260666,152.1352,5.212649503318288,0.9928000000000001,0.00749518363869611,528.1,0.7378647873726312,5275.5,5.169354139757052
amazon,hgb_attributes,1.0,0.97,exposure,0.17250762270752873,0.05585326270953523,0.7892076574012428,0.051104767446810834,184.7288,21.05990387653487,0.9676,0.06846767282610253,159.0,0.0,5275.5,5.169354139757052
amazon,hgb_attributes,1.0,0.97,random,0.06579093810523058,0.008464911896744512,0.5708425339068701,0.03538049029844594,116.97760000000001,7.29864820360592,0.75,0.049143779983952335,159.0,0.0,5275.5,5.169354139757052
amazon,hgb_graph_features,0.25,0.0,exposure,0.08910270402545907,0.02476879547216143,0.7775863278806721,0.01786480183456571,158.7,6.4161255183067185,1.0,0.0,1326.82,18.2482754131879,1326.82,18.2482754131879
amazon,hgb_graph_features,0.25,0.0,random,0.08910270402545907,0.02476879547216143,0.7775863278806721,0.01786480183456571,158.7,6.4161255183067185,1.0,0.0,1326.82,18.2482754131879,1326.82,18.2482754131879
amazon,hgb_graph_features,0.25,0.05,exposure,0.0951623352892294,0.021072234675049786,0.788901732258305,0.021096041535394794,161.95999999999998,6.08590356662199,1.0,0.0,1260.96,17.376305706334694,1326.82,18.2482754131879
amazon,hgb_graph_features,0.25,0.05,random,0.0877720890200148,0.023295526419747418,0.7764777543275648,0.018209620883675382,158.23399999999998,6.283417682899802,1.0,0.0,1260.96,17.376305706334694,1326.82,18.2482754131879
amazon,hgb_graph_features,0.25,0.1,exposure,0.10942720243000607,0.023368471278995984,0.8013113257136742,0.023992775286423736,167.1,7.992913528036357,1.0,0.0,1194.6200000000001,16.474748354173222,1326.82,18.2482754131879
amazon,hgb_graph_features,0.25,0.1,random,0.08660767204574021,0.023654798339712665,0.7732524561370704,0.022280386261029406,157.46800000000002,7.397911296815859,1.0,0.0,1194.6200000000001,16.474748354173222,1326.82,18.2482754131879
amazon,hgb_graph_features,0.25,0.2,exposure,0.13439793587190116,0.02825701918690752,0.8148163020807502,0.021062594816679235,174.95999999999998,8.30143227267306,1.0,0.0,1061.84,14.629893293451513,1326.82,18.2482754131879
amazon,hgb_graph_features,0.25,0.2,random,0.08673083150532349,0.023446895878252702,0.7724609898477346,0.02185207204692901,157.3668,7.265414460916109,1.0,0.0,1061.84,14.629893293451513,1326.82,18.2482754131879
amazon,hgb_graph_features,0.25,0.4,exposure,0.15117755469359326,0.0396443933568504,0.8225092667206052,0.024169010101813476,180.56,11.601455847339935,1.0,0.0,796.44,10.968561133226808,1326.82,18.2482754131879
amazon,hgb_graph_features,0.25,0.4,random,0.08542880249107099,0.022221804000572956,0.7643254632411323,0.027307686214385285,155.6364,8.05385571153483,0.9964000000000001,0.011384199576606137,796.44,10.968561133226808,1326.82,18.2482754131879
amazon,hgb_graph_features,0.25,0.6,exposure,0.13991785977710142,0.03687263609718154,0.813009261890229,0.028202785107878478,176.62,12.26066882351856,1.0,0.0,531.1600000000001,7.373707042970687,1326.82,18.2482754131879
amazon,hgb_graph_features,0.25,0.6,random,0.08420132858336923,0.02096283139336968,0.7525337302199093,0.03114156129548618,153.3392,8.625375235637895,0.9932000000000001,0.012795832654944068,531.1600000000001,7.373707042970687,1326.82,18.2482754131879
amazon,hgb_graph_features,0.25,0.8,exposure,0.10285075828469233,0.028831109936859455,0.7490950230304805,0.05817720857630833,157.1,15.833087717393175,0.9800000000000001,0.06324555320336758,265.76,3.7139975468190447,1326.82,18.2482754131879
amazon,hgb_graph_features,0.25,0.8,random,0.07462860350051431,0.016809540628434417,0.6604978731927501,0.049493441674882836,134.8728,11.406461763209284,0.8968,0.05503291944120557,265.76,3.7139975468190447,1326.82,18.2482754131879
amazon,hgb_graph_features,0.25,0.9,exposure,0.07426807769441388,0.02552210266235195,0.46030642762721585,0.10625044069785741,99.1148,23.30180743013535,0.5708,0.1286518126140821,133.1,1.79691092959247,1326.82,18.2482754131879
amazon,hgb_graph_features,0.25,0.9,random,0.061463445539862716,0.012310289737157615,0.4244655216739613,0.06772821732585867,89.5604,14.033367784597454,0.5292,0.08147637694448615,133.1,1.79691092959247,1326.82,18.2482754131879
amazon,hgb_graph_features,0.25,0.97,exposure,0.0,0.0,0.0,0.0,0.0,0.0,0.0,0.0,40.339999999999996,0.5337498373666164,1326.82,18.2482754131879
amazon,hgb_graph_features,0.25,0.97,random,0.0,0.0,0.0,0.0,0.0,0.0,0.0,0.0,40.339999999999996,0.5337498373666164,1326.82,18.2482754131879
amazon,hgb_graph_features,0.5,0.0,exposure,0.0906844406170231,0.021805036922767192,0.7905305694087756,0.01803740533569888,161.38,5.401604699839981,1.0,0.0,2643.98,15.041114024935366,2643.98,15.041114024935366
amazon,hgb_graph_features,0.5,0.0,random,0.0906844406170231,0.021805036922767192,0.7905305694087756,0.01803740533569888,161.38,5.401604699839981,1.0,0.0,2643.98,15.041114024935366,2643.98,15.041114024935366
amazon,hgb_graph_features,0.5,0.05,exposure,0.10310746757181836,0.022879474341874907,0.7981978601351383,0.021312662672901064,165.2,6.300617253712358,1.0,0.0,2512.2200000000003,14.30973250778806,2643.98,15.041114024935366
amazon,hgb_graph_features,0.5,0.05,random,0.09154183949946301,0.02195680279190101,0.7894577227660565,0.01704112168335301,161.3452,5.143321209750241,1.0,0.0,2512.2200000000003,14.30973250778806,2643.98,15.041114024935366
amazon,hgb_graph_features,0.5,0.1,exposure,0.11831447372438082,0.020819142405727464,0.8066150897396336,0.01955096110300282,169.85039999999998,6.579008827745681,1.0,0.0,2380.02,13.571358729978966,2643.98,15.041114024935366
amazon,hgb_graph_features,0.5,0.1,random,0.09117512295226501,0.021451493089275884,0.7887560501837886,0.01702303750563065,161.14079999999998,5.143026277289358,1.0,0.0,2380.02,13.571358729978966,2643.98,15.041114024935366
amazon,hgb_graph_features,0.5,0.2,exposure,0.1447513728672712,0.021571012733432343,0.82047587697552,0.019681184682031328,178.154,6.995795880384161,1.0,0.0,2115.54,12.080489320479556,2643.98,15.041114024935366
amazon,hgb_graph_features,0.5,0.2,random,0.09107943959187523,0.02106036318324506,0.787851187089276,0.016418556943253382,160.9644,4.95918038030927,1.0,0.0,2115.54,12.080489320479556,2643.98,15.041114024935366
amazon,hgb_graph_features,0.5,0.4,exposure,0.16696556919713298,0.03781270203796036,0.8302075026183644,0.02563982651287931,185.50639999999999,12.215173107428496,1.0,0.0,1586.8,9.03769882215598,2643.98,15.041114024935366
amazon,hgb_graph_features,0.5,0.4,random,0.09099425514660064,0.019980171694696507,0.785345436562731,0.015855765039641756,160.4872,4.750066872043885,1.0,0.0,1586.8,9.03769882215598,2643.98,15.041114024935366
amazon,hgb_graph_features,0.5,0.6,exposure,0.1759787437236812,0.04402401814670474,0.8329729166606888,0.025612266422777353,188.46,13.880457885498982,1.0,0.0,1057.9,6.042994107044693,2643.98,15.041114024935366
amazon,hgb_graph_features,0.5,0.6,random,0.08911590419149472,0.01843968059989878,0.7791978199885061,0.01643597179484435,159.02960000000002,4.789266220762148,1.0,0.0,1057.9,6.042994107044693,2643.98,15.041114024935366
amazon,hgb_graph_features,0.5,0.8,exposure,0.1611594617897742,0.050785218864607025,0.8245587773745703,0.030677362706404566,184.2,17.86517406700657,1.0,0.0,529.1600000000001,3.000444411527536,2643.98,15.041114024935366
amazon,hgb_graph_features,0.5,0.8,random,0.08415417327994394,0.017097602184112576,0.7511190621053975,0.02345680601157398,153.0576,6.003643693624734,0.9880000000000001,0.011313708498984724,529.1600000000001,3.000444411527536,2643.98,15.041114024935366
amazon,hgb_graph_features,0.5,0.9,exposure,0.1215140690171413,0.04907324198825541,0.780659597237123,0.054278712922571845,167.53119999999998,21.234408370483138,1.0,0.0,264.9,1.5092308563562544,2643.98,15.041114024935366
amazon,hgb_graph_features,0.5,0.9,random,0.07614201371136724,0.013228602121448043,0.6597553111935179,0.03844149634175452,134.9792,8.211774484103772,0.8907999999999999,0.04928105337979516,264.9,1.5092308563562544,2643.98,15.041114024935366
amazon,hgb_graph_features,0.5,0.97,exposure,0.030086028262165065,0.027658493124042546,0.07568850627955706,0.06936271578778606,22.0512,20.39808451137835,0.08320000000000001,0.07553777568578225,79.8,0.44221663871405387,2643.98,15.041114024935366
amazon,hgb_graph_features,0.5,0.97,random,0.010311518970523936,0.005842955224446529,0.025170764522439843,0.01322563386030143,7.437600000000001,4.09609557180168,0.028000000000000004,0.014727148022916348,79.8,0.44221663871405387,2643.98,15.041114024935366
amazon,hgb_graph_features,1.0,0.0,exposure,0.09148362113048979,0.019394692609000643,0.7927919017577001,0.022202317312921164,161.94,5.977030106071813,1.0,0.0,5275.5,5.169354139757052,5275.5,5.169354139757052
amazon,hgb_graph_features,1.0,0.0,random,0.09148362113048979,0.019394692609000643,0.7927919017577001,0.022202317312921164,161.94,5.977030106071813,1.0,0.0,5275.5,5.169354139757052,5275.5,5.169354139757052
amazon,hgb_graph_features,1.0,0.05,exposure,0.10233340840934461,0.019457524420954764,0.7983005552844513,0.02200280083680979,165.04000000000002,6.287059019216471,1.0,0.0,5012.2,4.756282395129693,5275.5,5.169354139757052
amazon,hgb_graph_features,1.0,0.05,random,0.09116833464970622,0.019539896647489775,0.7921658777178157,0.02126739916518625,161.7636,5.775413466680207,1.0,0.0,5012.2,4.756282395129693,5275.5,5.169354139757052
amazon,hgb_graph_features,1.0,0.1,exposure,0.12256000937967078,0.019870015323394406,0.8110138119589683,0.021180789757392036,171.5108,6.6015427287869635,1.0,0.0,4748.3,4.595891885392788,5275.5,5.169354139757052
amazon,hgb_graph_features,1.0,0.1,random,0.0913143866152816,0.019790873705691204,0.7919839842746905,0.021063252855302226,161.7536,5.75045047897215,1.0,0.0,4748.3,4.595891885392788,5275.5,5.169354139757052
amazon,hgb_graph_features,1.0,0.2,exposure,0.1534752242327917,0.022937600975533993,0.8254929762086218,0.023014425131310173,181.0396,8.383804588477584,1.0,0.0,4220.7,4.164666186436022,5275.5,5.169354139757052
amazon,hgb_graph_features,1.0,0.2,random,0.09100460535266007,0.019474002045554197,0.7914940386316169,0.020402359882489764,161.6036,5.568944827244115,1.0,0.0,4220.7,4.164666186436022,5275.5,5.169354139757052
amazon,hgb_graph_features,1.0,0.4,exposure,0.18011831440745132,0.03543970885416486,0.8382590232425453,0.025724773377422572,190.138,11.922999063434787,1.0,0.0,3165.7,3.164033993355842,5275.5,5.169354139757052
amazon,hgb_graph_features,1.0,0.4,random,0.09066156179232362,0.019239640490327403,0.7899982979944565,0.01977102207980872,161.2616,5.4870657449030915,1.0,0.0,3165.7,3.164033993355842,5275.5,5.169354139757052
amazon,hgb_graph_features,1.0,0.6,exposure,0.1956240139210755,0.04472937675653779,0.8437683779795216,0.026798038683225917,195.4228,15.566295447393877,1.0,0.0,2110.6,2.1705094128132205,5275.5,5.169354139757052
amazon,hgb_graph_features,1.0,0.6,random,0.08961149149244148,0.018595139400014733,0.7869978090793099,0.019056532586268812,160.5272,5.299003445093338,1.0,0.0,2110.6,2.1705094128132205,5275.5,5.169354139757052
amazon,hgb_graph_features,1.0,0.8,exposure,0.1933871334543388,0.05274411442179235,0.8417776787563442,0.02909764405598955,194.7408,18.384888171176527,1.0,0.0,1055.6,1.1737877907772944,5275.5,5.169354139757052
amazon,hgb_graph_features,1.0,0.8,random,0.0885173460886142,0.016233442251597376,0.7796587916868276,0.019014732576194463,159.0596,5.054328996019154,1.0,0.0,1055.6,1.1737877907772944,5275.5,5.169354139757052
amazon,hgb_graph_features,1.0,0.9,exposure,0.19088865365410457,0.06711371264618708,0.8398101115342163,0.0383080619837302,194.54000000000002,23.248235297425143,1.0,0.0,528.1,0.7378647873726312,5275.5,5.169354139757052
amazon,hgb_graph_features,1.0,0.9,random,0.08409380331508824,0.014910656652664422,0.7535995229457676,0.02335490951232753,153.53040000000001,5.782517160468361,0.9912000000000001,0.004917090377222942,528.1,0.7378647873726312,5275.5,5.169354139757052
amazon,hgb_graph_features,1.0,0.97,exposure,0.14367212393680076,0.07731146389255172,0.771587684742873,0.1100871833472627,172.2824,36.33015155242573,0.9512,0.1116470629558461,159.0,0.0,5275.5,5.169354139757052
amazon,hgb_graph_features,1.0,0.97,random,0.06490121378360311,0.010042810085552804,0.5635942108377792,0.04229774815167274,115.5684,8.521173930601083,0.7335999999999999,0.05133593067022144,159.0,0.0,5275.5,5.169354139757052
tolokers,hgb_attributes,0.25,0.0,exposure,0.009411764705882352,0.02976261327217298,0.00031088082901554407,0.0009830915005704806,0.33999999999999997,1.0751744044572489,0.02,0.06324555320336758,1549.6799999999998,17.737393019018096,1549.6799999999998,17.737393019018096
tolokers,hgb_attributes,0.25,0.0,random,0.009411764705882352,0.02976261327217298,0.00031088082901554407,0.0009830915005704806,0.33999999999999997,1.0751744044572489,0.02,0.06324555320336758,1549.6799999999998,17.737393019018096,1549.6799999999998,17.737393019018096
tolokers,hgb_attributes,0.25,0.05,exposure,0.0,0.0,0.0,0.0,0.0,0.0,0.0,0.0,1472.66,16.884457020848803,1549.6799999999998,17.737393019018096
tolokers,hgb_attributes,0.25,0.05,random,0.0,0.0,0.0,0.0,0.0,0.0,0.0,0.0,1472.66,16.884457020848803,1549.6799999999998,17.737393019018096
tolokers,hgb_attributes,0.25,0.1,exposure,0.009473684210526315,0.029958419938437272,0.0003454231433506045,0.001092323889522756,0.38,1.2016655108639842,0.02,0.06324555320336758,1395.1799999999998,15.921320436585782,1549.6799999999998,17.737393019018096
tolokers,hgb_attributes,0.25,0.1,random,0.0003789473684210526,0.0011983367975374908,1.3816925734024178e-05,4.3692955580910245e-05,0.0152,0.04806662043455936,0.0008,0.0025298221281347035,1395.1799999999998,15.921320436585782,1549.6799999999998,17.737393019018096
tolokers,hgb_attributes,0.25,0.2,exposure,0.0,0.0,0.0,0.0,0.0,0.0,0.0,0.0,1240.1200000000001,14.21867316829056,1549.6799999999998,17.737393019018096
tolokers,hgb_attributes,0.25,0.2,random,0.0008617142857142856,0.00194122957037491,3.248893239105252e-05,8.505748148075523e-05,0.0412,0.09750760654089163,0.0016,0.0038643671323171833,1240.1200000000001,14.21867316829056,1549.6799999999998,17.737393019018096
tolokers,hgb_attributes,0.25,0.4,exposure,0.0,0.0,0.0,0.0,0.0,0.0,0.0,0.0,930.28,10.71207003545274,1549.6799999999998,17.737393019018096
tolokers,hgb_attributes,0.25,0.4,random,0.0008662893793623845,0.0019798586938316095,2.4239485397341376e-05,5.669959199332662e-05,0.0528,0.1294061650600757,0.0012000000000000001,0.0026997942308422114,930.28,10.71207003545274,1549.6799999999998,17.737393019018096
tolokers,hgb_attributes,0.25,0.6,exposure,0.027340425531914892,0.057978560738922054,0.0010756065857885615,0.002304532592804526,1.98,4.180855840082931,0.04,0.08432740427115679,620.26,7.133052953991357,1549.6799999999998,17.737393019018096
tolokers,hgb_attributes,0.25,0.6,random,0.00025454545454545456,0.0008049434044064966,1.388888888888889e-05,4.392052305789416e-05,0.022000000000000002,0.06957010852370435,0.0004,0.0012649110640673518,620.26,7.133052953991357,1549.6799999999998,17.737393019018096
tolokers,hgb_attributes,0.25,0.8,exposure,0.018790834087206193,0.03839632136076294,0.0019537765753613228,0.004257753801095926,2.9592,6.226371670385392,0.0304,0.06344761618847473,310.41999999999996,3.626384792967607,1549.6799999999998,17.737393019018096
tolokers,hgb_attributes,0.25,0.8,random,0.0008579461099849448,0.0019909950048913453,5.661943814135206e-05,0.00011981104385549741,0.1136,0.25052620177893126,0.0012000000000000001,0.0026997942308422114,310.41999999999996,3.626384792967607,1549.6799999999998,17.737393019018096
tolokers,hgb_attributes,0.25,0.9,exposure,0.007789441760789988,0.008636353135093361,0.0015031469981567815,0.001591194552503563,2.4736000000000002,2.588549967324049,0.012,0.013333333333333334,155.44,1.8518459259164464,1549.6799999999998,17.737393019018096
tolokers,hgb_attributes,0.25,0.9,random,0.0,0.0,0.0,0.0,0.0,0.0,0.0,0.0,155.44,1.8518459259164464,1549.6799999999998,17.737393019018096
tolokers,hgb_attributes,0.25,0.97,exposure,0.0017941297828506016,0.002121339768113655,0.0010331785283100652,0.0012070085092604388,1.6600000000000001,1.9578936527696176,0.0028,0.0032930904093942583,47.08,0.5432413009990245,1549.6799999999998,17.737393019018096
tolokers,hgb_attributes,0.25,0.97,random,0.0,0.0,0.0,0.0,0.0,0.0,0.0,0.0,47.08,0.5432413009990245,1549.6799999999998,17.737393019018096
tolokers,hgb_attributes,0.5,0.0,exposure,0.0,0.0,0.0,0.0,0.0,0.0,0.0,0.0,3108.7200000000003,24.987143360803294,3108.7200000000003,24.987143360803294
tolokers,hgb_attributes,0.5,0.0,random,0.0,0.0,0.0,0.0,0.0,0.0,0.0,0.0,3108.7200000000003,24.987143360803294,3108.7200000000003,24.987143360803294
tolokers,hgb_attributes,0.5,0.05,exposure,0.0,0.0,0.0,0.0,0.0,0.0,0.0,0.0,2953.7599999999998,23.68587014328252,3108.7200000000003,24.987143360803294
tolokers,hgb_attributes,0.5,0.05,random,0.00035999999999999997,0.0011384199576606165,1.4583333333333335e-05,4.611654921078887e-05,0.012,0.03794733192202055,0.0012000000000000001,0.0037947331922020553,2953.7599999999998,23.68587014328252,3108.7200000000003,24.987143360803294
tolokers,hgb_attributes,0.5,0.1,exposure,0.0,0.0,0.0,0.0,0.0,0.0,0.0,0.0,2798.2400000000002,22.52658676122755,3108.7200000000003,24.987143360803294
tolokers,hgb_attributes,0.5,0.1,random,0.0014427972027972029,0.003910638638438893,5.3502626970227665e-05,0.00015726888815800763,0.046,0.1320101006236518,0.004399999999999999,0.012571572870744712,2798.2400000000002,22.52658676122755,3108.7200000000003,24.987143360803294
tolokers,hgb_attributes,0.5,0.2,exposure,0.0,0.0,0.0,0.0,0.0,0.0,0.0,0.0,2487.2799999999997,20.01581596860057,3108.7200000000003,24.987143360803294
tolokers,hgb_attributes,0.5,0.2,random,0.0007118881118881118,0.0022511878727632237,2.6388888888888885e-05,8.344899380999889e-05,0.024000000000000004,0.07589466384404112,0.002,0.00632455532033676,2487.2799999999997,20.01581596860057,3108.7200000000003,24.987143360803294
tolokers,hgb_attributes,0.5,0.4,exposure,0.0,0.0,0.0,0.0,0.0,0.0,0.0,0.0,1865.58,14.978636638745051,3108.7200000000003,24.987143360803294
tolokers,hgb_attributes,0.5,0.4,random,0.0023979738562091503,0.0024900804043376506,4.502591246649403e-05,5.11352057267328e-05,0.0648,0.0691998715477292,0.004,0.0042163702135578395,1865.58,14.978636638745051,3108.7200000000003,24.987143360803294
tolokers,hgb_attributes,0.5,0.6,exposure,0.0,0.0,0.0,0.0,0.0,0.0,0.0,0.0,1243.8,10.016430945645666,3108.7200000000003,24.987143360803294
tolokers,hgb_attributes,0.5,0.6,random,0.0004876521739130434,0.001056691606789253,1.7346668592335836e-05,3.660813887409369e-05,0.0284,0.06306116959834404,0.0008,0.0016865480854231355,1243.8,10.016430945645666,3108.7200000000003,24.987143360803294
tolokers,hgb_attributes,0.5,0.8,exposure,0.04609406166703585,0.07161308853209031,0.0020916095040185655,0.0034987384073362766,4.3452,6.956765544737327,0.0636,0.09798775433695785,622.1,4.980182950677833,3108.7200000000003,24.987143360803294
tolokers,hgb_attributes,0.5,0.8,random,0.0008068686868686869,0.0013101436096591944,3.0524263431542464e-05,5.100811083315484e-05,0.0536,0.08631106533927153,0.0012000000000000001,0.0019321835661585917,622.1,4.980182950677833,3108.7200000000003,24.987143360803294
tolokers,hgb_attributes,0.5,0.9,exposure,0.021997029062085203,0.03294149207450495,0.0018910946187124776,0.002653061263796944,3.3832,4.829861484096159,0.0324,0.0481645328247064,311.32,2.4983550143599973,3108.7200000000003,24.987143360803294
tolokers,hgb_attributes,0.5,0.9,random,0.0007815460897002479,0.0012594636678039354,6.705777327480152e-05,0.00010820180317269741,0.1116,0.18031527944131634,0.0012000000000000001,0.0019321835661585917,311.32,2.4983550143599973,3108.7200000000003,24.987143360803294
tolokers,hgb_attributes,0.5,0.97,exposure,0.007528400131206116,0.006230442050061571,0.0021870980099718586,0.0017470904996398668,3.5932000000000004,2.892526492724157,0.011600000000000001,0.009512564790259718,93.76,0.8099382692526624,3108.7200000000003,24.987143360803294
tolokers,hgb_attributes,0.5,0.97,random,0.0004816223223655781,0.0010154167340255154,0.0001723706896551724,0.0003651348286232385,0.25,0.5286031908088838,0.0008,0.0016865480854231355,93.76,0.8099382692526624,3108.7200000000003,24.987143360803294
tolokers,hgb_attributes,1.0,0.0,exposure,0.0,0.0,0.0,0.0,0.0,0.0,0.0,0.0,6203.7,8.895067297228428,6203.7,8.895067297228428
tolokers,hgb_attributes,1.0,0.0,random,0.0,0.0,0.0,0.0,0.0,0.0,0.0,0.0,6203.7,8.895067297228428,6203.7,8.895067297228428
tolokers,hgb_attributes,1.0,0.05,exposure,0.0,0.0,0.0,0.0,0.0,0.0,0.0,0.0,5893.9,8.33266663999767,6203.7,8.895067297228428
tolokers,hgb_attributes,1.0,0.05,random,0.0001714285714285714,0.0005421047417431507,2.7491408934707903e-06,8.693546832078018e-06,0.0028000000000000004,0.008854377448471463,0.0004,0.0012649110640673518,5893.9,8.33266663999767,6203.7,8.895067297228428
tolokers,hgb_attributes,1.0,0.1,exposure,0.0,0.0,0.0,0.0,0.0,0.0,0.0,0.0,5583.8,8.080154013933557,6203.7,8.895067297228428
tolokers,hgb_attributes,1.0,0.1,random,0.0001714285714285714,0.0005421047417431507,2.7491408934707903e-06,8.693546832078018e-06,0.0028000000000000004,0.008854377448471463,0.0004,0.0012649110640673518,5583.8,8.080154013933557,6203.7,8.895067297228428
tolokers,hgb_attributes,1.0,0.2,exposure,0.0,0.0,0.0,0.0,0.0,0.0,0.0,0.0,4963.3,7.273238618387545,6203.7,8.895067297228428
tolokers,hgb_attributes,1.0,0.2,random,0.0014285714285714288,0.0037832426792459442,2.1327319587628867e-05,6.047826318916459e-05,0.0224,0.06162827633841827,0.0032,0.008804039476916896,4963.3,7.273238618387545,6203.7,8.895067297228428
tolokers,hgb_attributes,1.0,0.4,exposure,0.0,0.0,0.0,0.0,0.0,0.0,0.0,0.0,3722.5,5.3593117302711395,6203.7,8.895067297228428
tolokers,hgb_attributes,1.0,0.4,random,0.0013850000000000002,0.002985897408373793,2.0906494428880585e-05,4.407551265265055e-05,0.030400000000000003,0.06680518941918609,0.0024000000000000002,0.005059644256269407,3722.5,5.3593117302711395,6203.7,8.895067297228428
tolokers,hgb_attributes,1.0,0.6,exposure,0.0,0.0,0.0,0.0,0.0,0.0,0.0,0.0,2481.9,3.6347092196090474,6203.7,8.895067297228428
tolokers,hgb_attributes,1.0,0.6,random,0.002757530214883156,0.0044082011772098575,4.841641081502283e-05,7.633577408932623e-05,0.06720000000000001,0.10716218238414768,0.0048000000000000004,0.007495183638696105,2481.9,3.6347092196090474,6203.7,8.895067297228428
tolokers,hgb_attributes,1.0,0.8,exposure,0.03584334334334335,0.07976960937895058,0.0013094153311059098,0.0029811315213569612,1.9200000000000004,4.319670769347539,0.06000000000000001,0.1349897115421106,1241.1,1.728840330651971,6203.7,8.895067297228428
tolokers,hgb_attributes,1.0,0.8,random,0.0007762424242424243,0.0012792415873765144,2.1484599626818596e-05,3.6767797976421176e-05,0.0368,0.06377181543945919,0.0012000000000000001,0.0019321835661585917,1241.1,1.728840330651971,6203.7,8.895067297228428
tolokers,hgb_attributes,1.0,0.9,exposure,0.04879280462519534,0.059889614780586964,0.0030289460942823383,0.00405107480400699,4.68,5.971570573233738,0.0784,0.09881430395781103,620.7,0.9486832980505417,6203.7,8.895067297228428
tolokers,hgb_attributes,1.0,0.9,random,0.0005842424242424242,0.0018475367663044347,1.6637781629116117e-05,5.2613285160513766e-05,0.0356,0.1125770847019943,0.0008,0.0025298221281347035,620.7,0.9486832980505417,6203.7,8.895067297228428
tolokers,hgb_attributes,1.0,0.97,exposure,0.018287382639024137,0.013631444398125378,0.003285202437214703,0.0025257664788756705,5.458,4.228579693256616,0.028000000000000004,0.02065591117977289,186.7,0.4830458915396471,6203.7,8.895067297228428
tolokers,hgb_attributes,1.0,0.97,random,0.0,0.0,0.0,0.0,0.0,0.0,0.0,0.0,186.7,0.4830458915396471,6203.7,8.895067297228428
tolokers,hgb_graph_features,0.25,0.0,exposure,0.010305882352941175,0.021828678285548207,0.0010684970532200916,0.0022900545297686228,0.8400000000000001,1.810586154321915,0.04,0.0843274042711568,1549.6799999999998,17.737393019018096,1549.6799999999998,17.737393019018096
tolokers,hgb_graph_features,0.25,0.0,random,0.010305882352941175,0.021828678285548207,0.0010684970532200916,0.0022900545297686228,0.8400000000000001,1.810586154321915,0.04,0.0843274042711568,1549.6799999999998,17.737393019018096,1549.6799999999998,17.737393019018096
tolokers,hgb_graph_features,0.25,0.05,exposure,0.005600000000000001,0.017708754896942926,0.0006217616580310881,0.0019661830011409613,0.5,1.5811388300841898,0.02,0.06324555320336758,1472.66,16.884457020848803,1549.6799999999998,17.737393019018096
tolokers,hgb_graph_features,0.25,0.05,random,0.007849729124676493,0.017284152799599654,0.0008724170244299838,0.0019015109918497208,0.6912,1.5354857935592314,0.029200000000000004,0.06101511652405857,1472.66,16.884457020848803,1549.6799999999998,17.737393019018096
tolokers,hgb_graph_features,0.25,0.1,exposure,0.005600000000000001,0.017708754896942926,0.0006217616580310881,0.0019661830011409613,0.5,1.5811388300841898,0.02,0.06324555320336758,1395.1799999999998,15.921320436585782,1549.6799999999998,17.737393019018096
tolokers,hgb_graph_features,0.25,0.1,random,0.008996856476856477,0.01728008386647058,0.0009258573541143843,0.001894109064048457,0.7512000000000001,1.5282045238339883,0.031200000000000006,0.060715731075232884,1395.1799999999998,15.921320436585782,1549.6799999999998,17.737393019018096
tolokers,hgb_graph_features,0.25,0.2,exposure,0.005600000000000001,0.017708754896942926,0.0006217616580310881,0.0019661830011409613,0.5,1.5811388300841898,0.02,0.06324555320336758,1240.1200000000001,14.21867316829056,1549.6799999999998,17.737393019018096
tolokers,hgb_graph_features,0.25,0.2,random,0.009784403435533872,0.017743869514757135,0.0009683676359128089,0.0018934087379032644,0.8019999999999999,1.5380128593596203,0.0324,0.06099763201232578,1240.1200000000001,14.21867316829056,1549.6799999999998,17.737393019018096
tolokers,hgb_graph_features,0.25,0.4,exposure,0.00608695652173913,0.019248646627111874,0.0016551724137931034,0.005234114747864904,1.3800000000000001,4.363943171032364,0.02,0.06324555320336758,930.28,10.71207003545274,1549.6799999999998,17.737393019018096
tolokers,hgb_graph_features,0.25,0.4,random,0.003681533772569791,0.005036673933332053,0.00041205880509438366,0.00038923021608865436,0.3744,0.3704517362476371,0.01,0.0118133634311129,930.28,10.71207003545274,1549.6799999999998,17.737393019018096
tolokers,hgb_graph_features,0.25,0.6,exposure,0.0,0.0,0.0,0.0,0.0,0.0,0.0,0.0,620.26,7.133052953991357,1549.6799999999998,17.737393019018096
tolokers,hgb_graph_features,0.25,0.6,random,0.0038688367014974626,0.004465161178499722,0.0006066007870499743,0.0005892917592448803,0.558,0.5606004717166129,0.010400000000000001,0.010864826019980463,620.26,7.133052953991357,1549.6799999999998,17.737393019018096
tolokers,hgb_graph_features,0.25,0.8,exposure,0.001880441639536624,0.003484322914433372,0.0007828610358751444,0.0015280665805991252,0.8044,1.611536685554781,0.004399999999999999,0.007876829593462363,310.41999999999996,3.626384792967607,1549.6799999999998,17.737393019018096
tolokers,hgb_graph_features,0.25,0.8,random,0.0018140869712332589,0.0024354017854395413,0.00045973108446967676,0.0005580580987805569,0.4516,0.5562939271044879,0.004399999999999999,0.005796550698475775,310.41999999999996,3.626384792967607,1549.6799999999998,17.737393019018096
tolokers,hgb_graph_features,0.25,0.9,exposure,0.008167550206459921,0.007212626804577402,0.003961645558303096,0.00344464337830884,4.2116,3.619555012551804,0.018000000000000002,0.01602775370689508,155.44,1.8518459259164464,1549.6799999999998,17.737393019018096
tolokers,hgb_graph_features,0.25,0.9,random,0.002321493267831775,0.0022424094898402616,0.0009941432772156886,0.0009718460468687178,1.0384,1.0170898791268264,0.005200000000000001,0.00500666222813829,155.44,1.8518459259164464,1549.6799999999998,17.737393019018096
tolokers,hgb_graph_features,0.25,0.97,exposure,0.007463776747741541,0.006911101834404575,0.007034193564601008,0.006466647299046856,8.7352,8.017808578408442,0.014000000000000002,0.012961481396815721,47.08,0.5432413009990245,1549.6799999999998,17.737393019018096
tolokers,hgb_graph_features,0.25,0.97,random,0.0008416299775682154,0.0020464925273555954,0.0008438522679734658,0.0020370042528359412,1.0316,2.5108748010736552,0.0016,0.0038643671323171833,47.08,0.5432413009990245,1549.6799999999998,17.737393019018096
tolokers,hgb_graph_features,0.5,0.0,exposure,0.023494949494949492,0.034741836516956934,0.0013119738477760036,0.0017586903482295785,1.1199999999999999,1.5554920621962545,0.08,0.10327955589886445,3108.7200000000003,24.987143360803294,3108.7200000000003,24.987143360803294
tolokers,hgb_graph_features,0.5,0.0,random,0.023494949494949492,0.034741836516956934,0.0013119738477760036,0.0017586903482295785,1.1199999999999999,1.5554920621962545,0.08,0.10327955589886445,3108.7200000000003,24.987143360803294,3108.7200000000003,24.987143360803294
tolokers,hgb_graph_features,0.5,0.05,exposure,0.02127272727272727,0.03553396957239768,0.0013513482061309767,0.0017986313346089833,1.12,1.5554920621962545,0.08,0.10327955589886445,2953.7599999999998,23.68587014328252,3108.7200000000003,24.987143360803294
tolokers,hgb_graph_features,0.5,0.05,random,0.022241142262771556,0.03475790316402483,0.0011862354007832498,0.0017145459328542622,1.0524,1.560371978443317,0.066,0.09312834632317321,2953.7599999999998,23.68587014328252,3108.7200000000003,24.987143360803294
tolokers,hgb_graph_features,0.5,0.1,exposure,0.02327272727272727,0.034757985255573,0.001346456606396693,0.0017932474763694708,1.1400000000000001,1.5664538862595916,0.08,0.10327955589886445,2798.2400000000002,22.52658676122755,3108.7200000000003,24.987143360803294
tolokers,hgb_graph_features,0.5,0.1,random,0.022872446950456104,0.034510638176570525,0.001242550812434087,0.0017849730874275238,1.1008,1.6060084958956131,0.06720000000000001,0.09393709479102373,2798.2400000000002,22.52658676122755,3108.7200000000003,24.987143360803294
tolokers,hgb_graph_features,0.5,0.2,exposure,0.030606060606060602,0.04278824123996389,0.0013795025834081871,0.0020351165928623417,1.2600000000000002,1.7639601910348077,0.08,0.10327955589886445,2487.2799999999997,20.01581596860057,3108.7200000000003,24.987143360803294
tolokers,hgb_graph_features,0.5,0.2,random,0.027122571006146456,0.03901414428255877,0.0012819335676039084,0.0016138044205810903,1.142,1.4403496489085945,0.07560000000000001,0.09628568602514777,2487.2799999999997,20.01581596860057,3108.7200000000003,24.987143360803294
tolokers,hgb_graph_features,0.5,0.4,exposure,0.04552813067150635,0.052570240275027116,0.0032814563458397777,0.003914913579246,2.84,3.334399829387925,0.14,0.16465452046971293,1865.58,14.978636638745051,3108.7200000000003,24.987143360803294
tolokers,hgb_graph_features,0.5,0.4,random,0.014322796296345672,0.017873758274579283,0.0011605753097789482,0.001654051485855025,0.9444000000000001,1.2792920959134653,0.0508,0.06984554388076594,1865.58,14.978636638745051,3108.7200000000003,24.987143360803294
tolokers,hgb_graph_features,0.5,0.6,exposure,0.028177629134150874,0.03782801448722004,0.006362375981933873,0.01145544151975705,6.2,12.13479844634155,0.08,0.10327955589886445,1243.8,10.016430945645666,3108.7200000000003,24.987143360803294
tolokers,hgb_graph_features,0.5,0.6,random,0.011284421101632245,0.012904883176166478,0.0011182181832506137,0.0012480043117976212,0.9343999999999999,1.018186972569926,0.0368,0.04087052727822337,1243.8,10.016430945645666,3108.7200000000003,24.987143360803294
tolokers,hgb_graph_features,0.5,0.8,exposure,0.005580262574595055,0.015325223078641656,0.0012912755275241651,0.003706342823470086,0.9991999999999999,2.828580986996837,0.022,0.06274463235121304,622.1,4.980182950677833,3108.7200000000003,24.987143360803294
tolokers,hgb_graph_features,0.5,0.8,random,0.004205427749984842,0.0024906954208786226,0.0006830004405053203,0.00043064439400029267,0.6088,0.3791349217480353,0.012,0.007055336829505575,622.1,4.980182950677833,3108.7200000000003,24.987143360803294
tolokers,hgb_graph_features,0.5,0.9,exposure,0.006485672428329968,0.009729498465994184,0.002366732055157187,0.003984882999276849,2.4164000000000003,4.098142430147808,0.0152,0.02253293885256278,311.32,2.4983550143599973,3108.7200000000003,24.987143360803294
tolokers,hgb_graph_features,0.5,0.9,random,0.0017562089224235889,0.002069976511080584,0.00044234605686466313,0.0005307463312327533,0.42679999999999996,0.514621932425478,0.004399999999999999,0.005146735750831676,311.32,2.4983550143599973,3108.7200000000003,24.987143360803294
tolokers,hgb_graph_features,0.5,0.97,exposure,0.008440228365279514,0.00834693837897806,0.0059703912107022415,0.005821458600194193,6.741200000000001,6.7726031233689366,0.017599999999999998,0.016991501143545588,93.76,0.8099382692526624,3108.7200000000003,24.987143360803294
tolokers,hgb_graph_features,0.5,0.97,random,0.0013344403919583192,0.0020390049403185744,0.0007609491329441688,0.0011647651137166736,0.8392,1.2954879646938704,0.0028,0.004237399621885521,93.76,0.8099382692526624,3108.7200000000003,24.987143360803294
tolokers,hgb_graph_features,1.0,0.0,exposure,0.02633333333333333,0.04270050741306634,0.0007912676587297932,0.0018260779012006755,0.66,1.3922004964164547,0.08,0.13984117975602023,6203.7,8.895067297228428,6203.7,8.895067297228428
tolokers,hgb_graph_features,1.0,0.0,random,0.02633333333333333,0.04270050741306634,0.0007912676587297932,0.0018260779012006755,0.66,1.3922004964164547,0.08,0.13984117975602023,6203.7,8.895067297228428,6203.7,8.895067297228428
tolokers,hgb_graph_features,1.0,0.05,exposure,0.045,0.0493726069899864,0.0012406192458895811,0.0018564439661633025,1.04,1.4229859060752814,0.14,0.16465452046971293,5893.9,8.33266663999767,6203.7,8.895067297228428
tolokers,hgb_graph_features,1.0,0.05,random,0.030490245310245308,0.04452379257902688,0.0009177043999188731,0.0018645378886094346,0.7732,1.4158230272334338,0.0932,0.1460112628836861,5893.9,8.33266663999767,6203.7,8.895067297228428
tolokers,hgb_graph_features,1.0,0.1,exposure,0.0497047619047619,0.07005080328998506,0.0013180875821014407,0.0020757392312778246,1.1008,1.6430614244283275,0.1568,0.22029313803808478,5583.8,8.080154013933557,6203.7,8.895067297228428
tolokers,hgb_graph_features,1.0,0.1,random,0.03234329004329004,0.04824207055082155,0.000978636240239725,0.0018952989343843953,0.8256,1.4531843348698443,0.0996,0.15381894118302422,5583.8,8.080154013933557,6203.7,8.895067297228428
tolokers,hgb_graph_features,1.0,0.2,exposure,0.05053379953379953,0.061125452032910525,0.0021130711454589272,0.0022432747548861145,1.78,1.9764165103090545,0.18,0.17511900715418263,4963.3,7.273238618387545,6203.7,8.895067297228428
tolokers,hgb_graph_features,1.0,0.2,random,0.028937250917297357,0.04735838623039898,0.0009874072859505812,0.0018547334954512537,0.8392,1.453076185201588,0.09,0.14865620292025042,4963.3,7.273238618387545,6203.7,8.895067297228428
tolokers,hgb_graph_features,1.0,0.4,exposure,0.04464481217707024,0.06988604177112022,0.0032568252068109135,0.004646385458397067,2.7,3.9398251512246354,0.16,0.2270584848790187,3722.5,5.3593117302711395,6203.7,8.895067297228428
tolokers,hgb_graph_features,1.0,0.4,random,0.014347548491277793,0.01859431851332751,0.0008151460439680709,0.0014861375624590622,0.6772,1.1615545904806484,0.0488,0.07251176149808772,3722.5,5.3593117302711395,6203.7,8.895067297228428
tolokers,hgb_graph_features,1.0,0.6,exposure,0.158405831009788,0.10827397238052706,0.022550083203102,0.02144114341809705,20.7332,21.618592825004434,0.4800000000000001,0.3293090409394258,2481.9,3.6347092196090474,6203.7,8.895067297228428
tolokers,hgb_graph_features,1.0,0.6,random,0.016750773364742674,0.020151149029544797,0.0010319520456285247,0.0016540839491661788,0.852,1.2671381578624765,0.05720000000000001,0.08191160547267469,2481.9,3.6347092196090474,6203.7,8.895067297228428
tolokers,hgb_graph_features,1.0,0.8,exposure,0.023130501274426507,0.04968424612681189,0.006273830155979203,0.01722164600288763,6.159999999999999,16.619346156412615,0.06000000000000001,0.1349897115421106,1241.1,1.728840330651971,6203.7,8.895067297228428
tolokers,hgb_graph_features,1.0,0.8,random,0.00989630337574381,0.008950938629800072,0.0009028808306248916,0.0008479881149199782,0.7732,0.7071395901800436,0.0304,0.028044409226954472,1241.1,1.728840330651971,6203.7,8.895067297228428
tolokers,hgb_graph_features,1.0,0.9,exposure,0.009346093656092234,0.020481997446383016,0.0023071928063588326,0.0060667221777155654,1.9984000000000002,5.11149300215809,0.0312,0.07649662301914598,620.7,0.9486832980505417,6203.7,8.895067297228428
tolokers,hgb_graph_features,1.0,0.9,random,0.006097105375142564,0.004650886261041701,0.0010089338675245197,0.0009309368043096119,0.8939999999999999,0.7872071589557039,0.017599999999999998,0.014630257839301549,620.7,0.9486832980505417,6203.7,8.895067297228428
tolokers,hgb_graph_features,1.0,0.97,exposure,0.013895771079320376,0.020649332357882508,0.006425530101816189,0.009504622738214997,6.6164000000000005,9.805338310215399,0.032,0.04755347866700535,186.7,0.4830458915396471,6203.7,8.895067297228428
tolokers,hgb_graph_features,1.0,0.97,random,0.0026065601766620114,0.0020218366161288115,0.0009311560625001825,0.000712342493044266,0.9496,0.7172693899629189,0.006,0.0047140452079103175,186.7,0.4830458915396471,6203.7,8.895067297228428
weibo,hgb_attributes,0.25,0.0,exposure,0.0,0.0,0.0,0.0,0.0,0.0,0.0,0.0,1355.1399999999999,18.827887118137614,1355.1399999999999,18.827887118137614
weibo,hgb_attributes,0.25,0.0,random,0.0,0.0,0.0,0.0,0.0,0.0,0.0,0.0,1355.1399999999999,18.827887118137614,1355.1399999999999,18.827887118137614
weibo,hgb_attributes,0.25,0.05,exposure,0.283209875386515,0.15774262776832657,0.06851236430236429,0.03799151762110376,15.241999999999999,7.847572590015052,0.4444,0.26293691681128045,1287.8600000000001,17.878863995729123,1355.1399999999999,18.827887118137614
weibo,hgb_attributes,0.25,0.05,random,0.00024444444444444443,0.0007730012058189371,3.58974358974359e-05,0.00011351765959578799,0.0072,0.02276839915321233,0.0004,0.0012649110640673518,1287.8600000000001,17.878863995729123,1355.1399999999999,18.827887118137614
weibo,hgb_attributes,0.25,0.1,exposure,0.5769715896572332,0.07000628595067354,0.25475674325674325,0.06430215772024898,60.260000000000005,15.460070432497316,0.8800000000000001,0.10327955589886444,1220.06,16.85204900169574,1355.1399999999999,18.827887118137614
weibo,hgb_attributes,0.25,0.1,random,0.0012141414141414143,0.0038394522702246392,0.0001897435897435897,0.0006000219150063078,0.0376,0.11890164002233107,0.002,0.00632455532033676,1220.06,16.85204900169574,1355.1399999999999,18.827887118137614
weibo,hgb_attributes,0.25,0.2,exposure,0.5829476665353891,0.08599085124466882,0.2561928205128205,0.06759533878829792,61.01800000000001,16.802811114017004,0.8855999999999999,0.12905399386819968,1084.46,15.021480915305519,1355.1399999999999,18.827887118137614
weibo,hgb_attributes,0.25,0.2,random,0.0031696969696969703,0.010023461916776139,0.00047692307692307693,0.0015081631917726115,0.09519999999999999,0.3010488332480297,0.005200000000000001,0.016443843832875574,1084.46,15.021480915305519,1355.1399999999999,18.827887118137614
weibo,hgb_attributes,0.25,0.4,exposure,0.5068734026067431,0.08723288128378127,0.23552413253413254,0.06467651266071002,56.08919999999999,15.854083643584628,0.7628,0.11973377876680324,813.52,11.281922609988857,1355.1399999999999,18.827887118137614
weibo,hgb_attributes,0.25,0.4,random,0.0004930370370370371,0.001040373890794777,0.00010141025641025641,0.0002154765524173874,0.020800000000000003,0.04389077351790466,0.0008,0.0016865480854231355,813.52,11.281922609988857,1355.1399999999999,18.827887118137614
weibo,hgb_attributes,0.25,0.6,exposure,0.4279445495777298,0.09976071339733093,0.21306401265401265,0.0679306996624343,51.105599999999995,16.64882972997735,0.6412,0.14081729691735714,542.46,7.52421276797631,1355.1399999999999,18.827887118137614
weibo,hgb_attributes,0.25,0.6,random,0.0007744749163879599,0.0016752426702564694,0.0002518814518814519,0.00064909355635291,0.054000000000000006,0.12588883985484972,0.0012000000000000001,0.0026997942308422114,542.46,7.52421276797631,1355.1399999999999,18.827887118137614
weibo,hgb_attributes,0.25,0.8,exposure,0.26800470051159,0.10609539816220677,0.15952524975024973,0.07082111938511856,39.825599999999994,16.67303208577652,0.39320000000000005,0.15914270325717103,271.52,3.784412474582772,1355.1399999999999,18.827887118137614
weibo,hgb_attributes,0.25,0.8,random,0.0012066046966731896,0.0021131241794830084,0.0003667948717948718,0.0006277469257515816,0.1172,0.20108196228293462,0.0016,0.002796823595120404,271.52,3.784412474582772,1355.1399999999999,18.827887118137614
weibo,hgb_attributes,0.25,0.9,exposure,0.08216767769675293,0.0433880744841293,0.07221719780219779,0.04578151737740198,20.229999999999997,11.633971291008072,0.11479999999999999,0.06290875226159798,135.98,1.9378109069543157,1355.1399999999999,18.827887118137614
weibo,hgb_attributes,0.25,0.9,random,0.00031172413793103447,0.0009857582775145567,0.0001641025641025641,0.0005189378724378879,0.057999999999999996,0.183412104289766,0.0004,0.0012649110640673518,135.98,1.9378109069543157,1355.1399999999999,18.827887118137614
weibo,hgb_attributes,0.25,0.97,exposure,0.0016872194161874636,0.0017787616056598992,0.0019236413586413586,0.0020289839155524826,0.9704,1.0269907713531046,0.002,0.0021081851067789193,41.2,0.5656854249492368,1355.1399999999999,18.827887118137614
weibo,hgb_attributes,0.25,0.97,random,0.0,0.0,0.0,0.0,0.0,0.0,0.0,0.0,41.2,0.5656854249492368,1355.1399999999999,18.827887118137614
weibo,hgb_attributes,0.5,0.0,exposure,0.012727272727272726,0.04024717022032483,0.0010389610389610392,0.0032854832832918232,0.22000000000000003,0.6957010852370435,0.02,0.06324555320336758,2721.56,26.61508344278972,2721.56,26.61508344278972
weibo,hgb_attributes,0.5,0.0,random,0.012727272727272726,0.04024717022032483,0.0010389610389610392,0.0032854832832918232,0.22000000000000003,0.6957010852370435,0.02,0.06324555320336758,2721.56,26.61508344278972,2721.56,26.61508344278972
weibo,hgb_attributes,0.5,0.05,exposure,0.4241137290449871,0.18685464879481187,0.06946528471528471,0.05712094058488296,16.077199999999998,11.943525189639598,0.6408,0.31475027137928463,2586.02,25.243076058374733,2721.56,26.61508344278972
weibo,hgb_attributes,0.5,0.05,random,0.012727272727272726,0.04024717022032483,0.0010389610389610392,0.0032854832832918232,0.22000000000000003,0.6957010852370435,0.02,0.06324555320336758,2586.02,25.243076058374733,2721.56,26.61508344278972
weibo,hgb_attributes,0.5,0.1,exposure,0.6568939573446809,0.03004576479494562,0.3322124542124542,0.08680180226820133,77.5316,21.14581406015542,1.0,0.0,2449.8599999999997,23.956265707882597,2721.56,26.61508344278972
weibo,hgb_attributes,0.5,0.1,random,0.012727272727272726,0.04024717022032483,0.0010389610389610392,0.0032854832832918232,0.22000000000000003,0.6957010852370435,0.02,0.06324555320336758,2449.8599999999997,23.956265707882597,2721.56,26.61508344278972
weibo,hgb_attributes,0.5,0.2,exposure,0.6550132419041901,0.02935671474323874,0.33823714785214787,0.08850739838294593,78.6836,21.735802677712286,1.0,0.0,2177.56,21.319328736566245,2721.56,26.61508344278972
weibo,hgb_attributes,0.5,0.2,random,0.013159595959595958,0.040105745337808044,0.0010851148851148853,0.0032706962342231383,0.22800000000000004,0.6930922657834878,0.020800000000000003,0.06298641828909537,2177.56,21.319328736566245,2721.56,26.61508344278972
weibo,hgb_attributes,0.5,0.4,exposure,0.6519717791299945,0.03424751275541922,0.3306093056943057,0.09076839413044928,78.0476,22.521986843477592,0.99,0.03162277660168382,1633.28,16.010885186161456,2721.56,26.61508344278972
weibo,hgb_attributes,0.5,0.4,random,0.0017782439782439783,0.002476965824027787,0.00019027639027639027,0.00025181246505161676,0.0412,0.05393164397848653,0.0028,0.0037947331922020553,1633.28,16.010885186161456,2721.56,26.61508344278972
weibo,hgb_attributes,0.5,0.6,exposure,0.6334113915937374,0.05412970447871432,0.31896424741924745,0.0917106829308743,75.6348,22.45323333706949,0.9591999999999998,0.06782461041375602,1088.94,10.720302649127524,2721.56,26.61508344278972
weibo,hgb_attributes,0.5,0.6,random,0.0028136087914119945,0.00519409159064529,0.0004296303696303697,0.0009048464270103133,0.09559999999999999,0.17387044985659098,0.0044,0.008733078876700169,1088.94,10.720302649127524,2721.56,26.61508344278972
weibo,hgb_attributes,0.5,0.8,exposure,0.5126414014051498,0.11476264747080325,0.28124756410256413,0.0979082895872251,68.2176,23.19506408795726,0.7648,0.17032048222884608,544.6600000000001,5.413604262514166,2721.56,26.61508344278972
weibo,hgb_attributes,0.5,0.8,random,0.002692086108388651,0.0030903427178411505,0.0006618381618381618,0.0007903981631205805,0.15839999999999999,0.1834019265620366,0.004,0.004618802153517006,544.6600000000001,5.413604262514166,2721.56,26.61508344278972
weibo,hgb_attributes,0.5,0.9,exposure,0.32366307955413925,0.11667421726117247,0.20887180985680986,0.08881077869007951,52.528,20.689747111928547,0.4748,0.17902501377057775,272.56,2.7060426209996713,2721.56,26.61508344278972
weibo,hgb_attributes,0.5,0.9,random,0.0005779679144385027,0.001218497145063926,0.00024307692307692311,0.0005125024654773045,0.0692,0.1459138254054236,0.0008,0.0016865480854231355,272.56,2.7060426209996713,2721.56,26.61508344278972
weibo,hgb_attributes,0.5,0.97,exposure,0.03228172140453439,0.020463851605502566,0.033573624708624704,0.024035893820688586,11.1244,7.213110889977438,0.04240000000000001,0.027725639958549403,82.22,0.7568942389058697,2721.56,26.61508344278972
weibo,hgb_attributes,0.5,0.97,random,0.000310204081632653,0.000980951437439987,0.00027499999999999996,0.0008696263565463043,0.098,0.3099032106965012,0.0004,0.0012649110640673518,82.22,0.7568942389058697,2721.56,26.61508344278972
weibo,hgb_attributes,1.0,0.0,exposure,0.015,0.047434164902525694,0.00024999999999999995,0.0007905694150420948,0.08,0.2529822128134704,0.02,0.0632455532033676,5438.1,4.458450154232745,5438.1,4.458450154232745
weibo,hgb_attributes,1.0,0.0,random,0.015,0.047434164902525694,0.00024999999999999995,0.0007905694150420948,0.08,0.2529822128134704,0.02,0.0632455532033676,5438.1,4.458450154232745,5438.1,4.458450154232745
weibo,hgb_attributes,1.0,0.05,exposure,0.45798216650431406,0.1803659535930812,0.07511315018315018,0.06260712010207896,15.799600000000002,12.74966679477459,0.74,0.340587727318528,5166.5,3.9791121287711504,5438.1,4.458450154232745
weibo,hgb_attributes,1.0,0.05,random,0.01858181818181818,0.046696000225910736,0.0004266233766233766,0.0008591195123281508,0.1204,0.2571256502179431,0.0252,0.06214105817501913,5166.5,3.9791121287711504,5438.1,4.458450154232745
weibo,hgb_attributes,1.0,0.1,exposure,0.6680981346799497,0.01744651067454861,0.35190281218781216,0.09015604715514865,83.5984,21.218860809299926,1.0,0.0,4894.5,3.9791121287711504,5438.1,4.458450154232745
weibo,hgb_attributes,1.0,0.1,random,0.018974545454545456,0.046439342587346166,0.00036837329337329334,0.0007730032757311297,0.10800000000000001,0.2455071847783233,0.026000000000000002,0.06157199940810037,4894.5,3.9791121287711504,5438.1,4.458450154232745
weibo,hgb_attributes,1.0,0.2,exposure,0.6739999600663192,0.015432072484632195,0.37612101232101236,0.0946973909066595,90.9648,22.40429996823526,1.0,0.0,4350.9,3.510302297840134,5438.1,4.458450154232745
weibo,hgb_attributes,1.0,0.2,random,0.006216969696969697,0.012040645987671447,7.246586746586747e-05,0.0001947121076759021,0.041600000000000005,0.08670153144873254,0.0068000000000000005,0.013206059215375342,4350.9,3.510302297840134,5438.1,4.458450154232745
weibo,hgb_attributes,1.0,0.4,exposure,0.6712532301869542,0.017752072763657055,0.3701814185814186,0.09774426522867997,89.4764,24.383252718937147,1.0,0.0,3263.1,2.726414006223799,5438.1,4.458450154232745
weibo,hgb_attributes,1.0,0.4,random,0.005077922077922078,0.009147226325320763,0.00016497835497835498,0.0002869870302424653,0.048799999999999996,0.09054501642829384,0.0068000000000000005,0.011631375193367675,3263.1,2.726414006223799,5438.1,4.458450154232745
weibo,hgb_attributes,1.0,0.6,exposure,0.6696412524354235,0.02004333957467885,0.36713757076257075,0.09776602791125037,88.662,24.15391809026252,1.0,0.0,2175.6,1.5776212754932828,5438.1,4.458450154232745
weibo,hgb_attributes,1.0,0.6,random,0.002812121212121213,0.007999755123280067,0.00022337662337662334,0.0006534588658409583,0.0476,0.13833871475476417,0.004399999999999999,0.012571572870744712,2175.6,1.5776212754932828,5438.1,4.458450154232745
weibo,hgb_attributes,1.0,0.8,exposure,0.6612540601675441,0.023019778220302937,0.3572008641358641,0.09363680317163205,86.45439999999999,22.906943514042975,0.99,0.009092121131323896,1087.8,0.7888106377466414,5438.1,4.458450154232745
weibo,hgb_attributes,1.0,0.8,random,0.000989864780528396,0.0012795840685339887,0.00017205128205128207,0.00022505898123860872,0.0356,0.04632062175748508,0.0016,0.0020655911179772893,1087.8,0.7888106377466414,5438.1,4.458450154232745
weibo,hgb_attributes,1.0,0.9,exposure,0.5700489209087951,0.11095994085689191,0.32452795204795204,0.10593305332149726,79.708,25.146862848298017,0.8464,0.1664072647986793,544.2,0.4216370213557717,5438.1,4.458450154232745
weibo,hgb_attributes,1.0,0.9,random,0.0018175852677008004,0.0021109639063519726,0.0004913170163170163,0.0005709312018666389,0.11199999999999999,0.12811106292761934,0.0028,0.0032930904093942583,544.2,0.4216370213557717,5438.1,4.458450154232745
weibo,hgb_attributes,1.0,0.97,exposure,0.20213197590883164,0.060899953531782375,0.16052246753246752,0.05396703338001272,43.5652,13.416794126102637,0.2864,0.08828640262740854,163.7,0.4830458915396518,5438.1,4.458450154232745
weibo,hgb_attributes,1.0,0.97,random,0.0008149073358345429,0.001312934500024785,0.0005827922077922078,0.000943621427579399,0.1432,0.23070751083472674,0.0012000000000000001,0.0019321835661585919,163.7,0.4830458915396518,5438.1,4.458450154232745
weibo,hgb_graph_features,0.25,0.0,exposure,0.0,0.0,0.0,0.0,0.0,0.0,0.0,0.0,1355.1399999999999,18.827887118137614,1355.1399999999999,18.827887118137614
weibo,hgb_graph_features,0.25,0.0,random,0.0,0.0,0.0,0.0,0.0,0.0,0.0,0.0,1355.1399999999999,18.827887118137614,1355.1399999999999,18.827887118137614
weibo,hgb_graph_features,0.25,0.05,exposure,0.34139651197531273,0.18939822340751106,0.10938966033966033,0.07938757633188868,22.9616,17.65510959845147,0.5568,0.30438455209743404,1287.8600000000001,17.878863995729123,1355.1399999999999,18.827887118137614
weibo,hgb_graph_features,0.25,0.05,random,0.0,0.0,0.0,0.0,0.0,0.0,0.0,0.0,1287.8600000000001,17.878863995729123,1355.1399999999999,18.827887118137614
weibo,hgb_graph_features,0.25,0.1,exposure,0.6649919627848249,0.022021400423785333,0.6470611888111888,0.12036870068051776,154.0408,34.26472533022198,1.0,0.0,1220.06,16.85204900169574,1355.1399999999999,18.827887118137614
weibo,hgb_graph_features,0.25,0.1,random,0.0006368421052631579,0.002013871562528284,3.58974358974359e-05,0.00011351765959578799,0.013999999999999999,0.044271887242357304,0.0008,0.002529822128134704,1220.06,16.85204900169574,1355.1399999999999,18.827887118137614
weibo,hgb_graph_features,0.25,0.2,exposure,0.6661674293629465,0.02537809461148851,0.6152303596403597,0.13294678782435088,147.64079999999998,39.092284015021576,1.0,0.0,1084.46,15.021480915305519,1355.1399999999999,18.827887118137614
weibo,hgb_graph_features,0.25,0.2,random,0.0033236591478696745,0.0063772041188877695,0.00038358974358974364,0.0007872042647621933,0.098,0.1889126782405035,0.0048000000000000004,0.009199033765685516,1084.46,15.021480915305519,1355.1399999999999,18.827887118137614
weibo,hgb_graph_features,0.25,0.4,exposure,0.6574423852097742,0.034733000821686864,0.6030300532800533,0.13934196521447073,144.8252,39.74682084505488,0.9880000000000001,0.0255777681243345,813.52,11.281922609988857,1355.1399999999999,18.827887118137614
weibo,hgb_graph_features,0.25,0.4,random,0.0026516374511157117,0.005770152629413764,0.0005526923076923077,0.001387604198745053,0.11000000000000001,0.25700670116641794,0.004399999999999999,0.010057611821677926,813.52,11.281922609988857,1355.1399999999999,18.827887118137614
weibo,hgb_graph_features,0.25,0.6,exposure,0.6227180693189919,0.06594350611597584,0.571823653013653,0.14291253200217444,138.4776,40.582627534451234,0.9328,0.07921391572472884,542.46,7.52421276797631,1355.1399999999999,18.827887118137614
weibo,hgb_graph_features,0.25,0.6,random,0.001018327811832851,0.0017548918190050042,0.00029371794871794874,0.0005106601396389636,0.0644,0.1096491374035078,0.0016,0.0027968235951204043,542.46,7.52421276797631,1355.1399999999999,18.827887118137614
weibo,hgb_graph_features,0.25,0.8,exposure,0.4975189988444607,0.09564035997216482,0.47778914585414584,0.14028223602617443,117.79159999999999,38.86103435233464,0.7392,0.1239469420536241,271.52,3.784412474582772,1355.1399999999999,18.827887118137614
weibo,hgb_graph_features,0.25,0.8,random,0.001342200004148603,0.0014225591896972832,0.00062993672993673,0.0006738628332189585,0.1516,0.16290092421809985,0.002,0.0021081851067789197,271.52,3.784412474582772,1355.1399999999999,18.827887118137614
weibo,hgb_graph_features,0.25,0.9,exposure,0.30872944507500694,0.12674399248660306,0.33666290376290375,0.14027654663667824,86.7616,38.206817551031094,0.44719999999999993,0.17725612354255446,135.98,1.9378109069543157,1355.1399999999999,18.827887118137614
weibo,hgb_graph_features,0.25,0.9,random,0.001111707030672262,0.0014388016771892075,0.0010621794871794872,0.001405926433542304,0.2772,0.36817411339986655,0.0016,0.0020655911179772893,135.98,1.9378109069543157,1355.1399999999999,18.827887118137614
weibo,hgb_graph_features,0.25,0.97,exposure,0.0013506212800078236,0.0017436872037304004,0.0015794205794205794,0.0020391665108484788,0.7859999999999999,1.015513881955557,0.0016,0.0020655911179772893,41.2,0.5656854249492368,1355.1399999999999,18.827887118137614
weibo,hgb_graph_features,0.25,0.97,random,0.0,0.0,0.0,0.0,0.0,0.0,0.0,0.0,41.2,0.5656854249492368,1355.1399999999999,18.827887118137614
weibo,hgb_graph_features,0.5,0.0,exposure,0.0,0.0,0.0,0.0,0.0,0.0,0.0,0.0,2721.56,26.61508344278972,2721.56,26.61508344278972
weibo,hgb_graph_features,0.5,0.0,random,0.0,0.0,0.0,0.0,0.0,0.0,0.0,0.0,2721.56,26.61508344278972,2721.56,26.61508344278972
weibo,hgb_graph_features,0.5,0.05,exposure,0.42948707497053384,0.19162151146399262,0.12765744089244088,0.1029214831629395,26.564,19.886611911870087,0.6864,0.32820156408321194,2586.02,25.243076058374733,2721.56,26.61508344278972
weibo,hgb_graph_features,0.5,0.05,random,0.0014944444444444445,0.0026442538057645697,0.00010317848817848816,0.00024352650179218084,0.021200000000000004,0.03855385843206877,0.0024000000000000002,0.00429987079909256,2586.02,25.243076058374733,2721.56,26.61508344278972
weibo,hgb_graph_features,0.5,0.1,exposure,0.6833770430696692,0.014963107850464182,0.7712209290709291,0.06343085440236863,192.6764,19.560445025612275,1.0,0.0,2449.8599999999997,23.956265707882597,2721.56,26.61508344278972
weibo,hgb_graph_features,0.5,0.1,random,0.002961111111111111,0.005217363776243952,0.0002586896436896437,0.0006443604119146736,0.046400000000000004,0.09276397768291071,0.005200000000000001,0.010163114133418402,2449.8599999999997,23.956265707882597,2721.56,26.61508344278972
weibo,hgb_graph_features,0.5,0.2,exposure,0.6832410183950521,0.017253208704334447,0.7710697102897103,0.07248601023332332,192.81279999999998,24.18675264960828,1.0,0.0,2177.56,21.319328736566245,2721.56,26.61508344278972
weibo,hgb_graph_features,0.5,0.2,random,0.006333333333333332,0.013805328885040831,0.0004044622044622045,0.0010952590159774194,0.0908,0.19336597425607227,0.009600000000000001,0.020326228266836804,2177.56,21.319328736566245,2721.56,26.61508344278972
weibo,hgb_graph_features,0.5,0.4,exposure,0.6829184574439316,0.01636000065514235,0.7648889094239094,0.07046046166602951,191.19400000000002,23.03638522955467,1.0,0.0,1633.28,16.010885186161456,2721.56,26.61508344278972
weibo,hgb_graph_features,0.5,0.4,random,0.0021994871794871794,0.004395698792230199,0.00022264402264402265,0.0005194103142817626,0.0448,0.09264124351497015,0.0036000000000000003,0.007647802879839993,1633.28,16.010885186161456,2721.56,26.61508344278972
weibo,hgb_graph_features,0.5,0.6,exposure,0.6821574761285454,0.016627531668283933,0.7543113303363304,0.0721386116685186,188.6332,23.307688692313054,1.0,0.0,1088.94,10.720302649127524,2721.56,26.61508344278972
weibo,hgb_graph_features,0.5,0.6,random,0.0008906687007373506,0.002102986771221025,7.738927738927739e-05,0.00016352054732146677,0.024,0.05542562584220407,0.0012000000000000001,0.002699794230842212,1088.94,10.720302649127524,2721.56,26.61508344278972
weibo,hgb_graph_features,0.5,0.8,exposure,0.6773404794109331,0.01884243559032718,0.7308856027306028,0.0717872138501626,183.0588,22.94877759416973,0.9955999999999999,0.005146735750831722,544.6600000000001,5.413604262514166,2721.56,26.61508344278972
weibo,hgb_graph_features,0.5,0.8,random,0.00181447438656741,0.00221162256980535,0.00048724941724941724,0.0005583909912992289,0.10839999999999998,0.1310938595053178,0.0028,0.0032930904093942583,544.6600000000001,5.413604262514166,2721.56,26.61508344278972
weibo,hgb_graph_features,0.5,0.9,exposure,0.6240075632822086,0.04224715888325128,0.6556044505494505,0.07191670872714241,165.28119999999998,22.96145462291098,0.9171999999999999,0.05229149070355518,272.56,2.7060426209996713,2721.56,26.61508344278972
weibo,hgb_graph_features,0.5,0.9,random,0.0005039708687359113,0.0010652623186314237,0.00028333333333333335,0.0005986094998689323,0.0608,0.1283024205192993,0.0008,0.0016865480854231357,272.56,2.7060426209996713,2721.56,26.61508344278972
weibo,hgb_graph_features,0.5,0.97,exposure,0.18781339814747114,0.06862872669639583,0.2348081252081252,0.08716911273359601,67.8928,24.710678055358084,0.2584,0.09437890536437567,82.22,0.7568942389058697,2721.56,26.61508344278972
weibo,hgb_graph_features,0.5,0.97,random,0.0005580946250402318,0.001764850165024773,0.0007333333333333333,0.0023190036174568114,0.1892,0.5983029333038574,0.0008,0.0025298221281347035,82.22,0.7568942389058697,2721.56,26.61508344278972
weibo,hgb_graph_features,1.0,0.0,exposure,0.0,0.0,0.0,0.0,0.0,0.0,0.0,0.0,5438.1,4.458450154232745,5438.1,4.458450154232745
weibo,hgb_graph_features,1.0,0.0,random,0.0,0.0,0.0,0.0,0.0,0.0,0.0,0.0,5438.1,4.458450154232745,5438.1,4.458450154232745
weibo,hgb_graph_features,1.0,0.05,exposure,0.49886608685138506,0.17477282634773722,0.1432225824175824,0.10595621239406902,29.3116,20.463736029050676,0.8,0.28284271247461906,5166.5,3.9791121287711504,5438.1,4.458450154232745
weibo,hgb_graph_features,1.0,0.05,random,0.0039,0.007549098548097574,8.717948717948717e-05,0.0002581705955287049,0.0224,0.04474917752192647,0.0056,0.011187294380481617,5166.5,3.9791121287711504,5438.1,4.458450154232745
weibo,hgb_graph_features,1.0,0.1,exposure,0.6908759391527939,0.012463410582504343,0.8113711305361304,0.05407902302317956,207.44,17.14296434887114,1.0,0.0,4894.5,3.9791121287711504,5438.1,4.458450154232745
weibo,hgb_graph_features,1.0,0.1,random,0.00756,0.009560474186287344,0.0001954045954045954,0.00035794824538662657,0.0464,0.05960462323604697,0.0112,0.014702985335562902,4894.5,3.9791121287711504,5438.1,4.458450154232745
weibo,hgb_graph_features,1.0,0.2,exposure,0.6962821390992605,0.015555792057548059,0.8381941391941392,0.048870491578144694,218.31239999999997,20.375707754306077,1.0,0.0,4350.9,3.510302297840134,5438.1,4.458450154232745
weibo,hgb_graph_features,1.0,0.2,random,0.002533333333333333,0.006023966764764758,0.00010895770895770894,0.00031019639088342984,0.0232,0.056499360861675035,0.004,0.01015436414115188,4350.9,3.510302297840134,5438.1,4.458450154232745
weibo,hgb_graph_features,1.0,0.4,exposure,0.6944398057283242,0.016088198219813606,0.8257537962037962,0.05560749989585922,214.00560000000002,22.208694849840533,1.0,0.0,3263.1,2.726414006223799,5438.1,4.458450154232745
weibo,hgb_graph_features,1.0,0.4,random,0.0018095238095238095,0.0022596898094139964,0.00012360972360972363,0.00016535610198252008,0.0216,0.024744022847279033,0.0032,0.003675746333890726,3263.1,2.726414006223799,5438.1,4.458450154232745
weibo,hgb_graph_features,1.0,0.6,exposure,0.6939743670990641,0.015793831120365885,0.8231090342990344,0.055345053860070756,213.11599999999999,21.885635918463862,1.0,0.0,2175.6,1.5776212754932828,5438.1,4.458450154232745
weibo,hgb_graph_features,1.0,0.6,random,0.0030444444444444442,0.005433271478352246,0.00016043956043956041,0.00032866867830338216,0.039999999999999994,0.06740919818541087,0.004399999999999999,0.007411702458499892,2175.6,1.5776212754932828,5438.1,4.458450154232745
weibo,hgb_graph_features,1.0,0.8,exposure,0.6930560415187612,0.015832542404343102,0.8129208075258075,0.05715497732915382,210.4208,22.237929304081646,1.0,0.0,1087.8,0.7888106377466414,5438.1,4.458450154232745
weibo,hgb_graph_features,1.0,0.8,random,0.0004842105263157895,0.0015312081301867943,0.00017,0.0005375872022286245,0.022800000000000004,0.07209993065183906,0.0012000000000000001,0.0037947331922020553,1087.8,0.7888106377466414,5438.1,4.458450154232745
weibo,hgb_graph_features,1.0,0.9,exposure,0.69044009471447,0.016488023475152887,0.7892386113886114,0.06307042720896315,203.8508,23.55072324815336,0.9996,0.0012649110640673123,544.2,0.4216370213557717,5438.1,4.458450154232745
weibo,hgb_graph_features,1.0,0.9,random,0.0023787764456185507,0.0024596481418101947,0.0005643839493839494,0.0005092604203524306,0.1312,0.13043244313521934,0.0036000000000000003,0.003502380143083653,544.2,0.4216370213557717,5438.1,4.458450154232745
weibo,hgb_graph_features,1.0,0.97,exposure,0.5574588856273917,0.06492549607946971,0.6214315684315684,0.08329162431795553,162.48600000000002,26.99036563911896,0.806,0.08152436581919677,163.7,0.4830458915396518,5438.1,4.458450154232745
weibo,hgb_graph_features,1.0,0.97,random,0.0002707692307692308,0.0008562474895225151,0.00021818181818181816,0.0006899514894912826,0.052000000000000005,0.16443843832875574,0.0004,0.0012649110640673518,163.7,0.4830458915396518,5438.1,4.458450154232745
