dataset,model,label_fraction,design,method,fdp_mean,fdp_std,power_mean,power_std,discoveries_mean,discoveries_std,true_discoveries_mean,true_discoveries_std,nonempty_mean,nonempty_std,reference_labels_mean,reference_labels_std,training_labels_mean,training_labels_std,n_reference_mean,n_reference_std,cal_low_mean,cal_low_std,cal_high_mean,cal_high_std,test_low_mean,test_low_std,test_high_mean,test_high_std
tfinance,hgb_attributes,0.25,exposure_80,filtered_low,0.11909248770818034,0.013198412902756858,0.6646283844456049,0.008081296043449222,306.74,8.25270326081769,269.44,3.491959017196191,1.0,0.0,6644.7,24.585135527161107,3936.0,0.0,6343.219999999999,22.25238064667322,5292.9800000000005,22.064239544263984,1050.24,7.6569793870255465,7081.56,12.502373108067715,1773.64,12.61315010437743
tfinance,hgb_attributes,0.25,exposure_80,full_random,0.09299338257119841,0.015400370626766935,0.6504172131434698,0.01128728416487307,291.15999999999997,9.739176328394278,263.68,4.802962049032292,1.0,0.0,6644.7,24.585135527161107,3936.0,0.0,6343.219999999999,22.25238064667322,5292.9800000000005,22.064239544263984,1050.24,7.6569793870255465,7081.56,12.502373108067715,1773.64,12.61315010437743
tfinance,hgb_attributes,0.25,exposure_80,stratified,0.0366469048906356,0.00963102715596365,0.6233307934773494,0.01755858016416429,262.5,9.299103899480487,252.7,7.296422258735982,1.0,0.0,6644.7,24.585135527161107,3936.0,0.0,6343.219999999999,22.25238064667322,5292.9800000000005,22.064239544263984,1050.24,7.6569793870255465,7081.56,12.502373108067715,1773.64,12.61315010437743
tfinance,hgb_attributes,0.25,zero_exposure,filtered_low,0.06715856134200708,0.012626917181578904,0.6265190409930973,0.014151930939113995,272.84000000000003,9.922275724628697,254.0,6.294265467691819,1.0,0.0,6644.7,24.585135527161107,3936.0,0.0,6343.219999999999,22.25238064667322,2903.46,63.35922628596057,3439.7599999999998,59.70846208406692,3906.0199999999995,85.45067193026235,4949.18,85.29011666072451
tfinance,hgb_attributes,0.25,zero_exposure,full_random,0.09299338257119841,0.015400370626766935,0.6504172131434698,0.01128728416487307,291.15999999999997,9.739176328394278,263.68,4.802962049032292,1.0,0.0,6644.7,24.585135527161107,3936.0,0.0,6343.219999999999,22.25238064667322,2903.46,63.35922628596057,3439.7599999999998,59.70846208406692,3906.0199999999995,85.45067193026235,4949.18,85.29011666072451
tfinance,hgb_attributes,0.25,zero_exposure,stratified,0.04550738909142995,0.00993322383133576,0.6330184253868553,0.014996379081049463,269.1,8.332133246920893,256.62,5.94227790217411,1.0,0.0,6644.7,24.585135527161107,3936.0,0.0,6343.219999999999,22.25238064667322,2903.46,63.35922628596057,3439.7599999999998,59.70846208406692,3906.0199999999995,85.45067193026235,4949.18,85.29011666072451
tfinance,hgb_attributes,0.5,exposure_80,filtered_low,0.12652431394353444,0.01377596254461718,0.6686255709661739,0.007516399254580276,310.9,7.90794256147296,271.06,3.242838263003568,1.0,0.0,13283.039999999999,32.78763994759825,3936.0,0.0,12677.74,31.66674385955463,10574.619999999999,23.567859470049378,2103.12,12.267826032168761,7085.76,10.079153403601664,1769.44,10.091492566623748
tfinance,hgb_attributes,0.5,exposure_80,full_random,0.09327769117446823,0.011753260489967627,0.650620853500384,0.009884463313763785,291.24,7.458209496178602,263.76,4.08553002137489,1.0,0.0,13283.039999999999,32.78763994759825,3936.0,0.0,12677.74,31.66674385955463,10574.619999999999,23.567859470049378,2103.12,12.267826032168761,7085.76,10.079153403601664,1769.44,10.091492566623748
tfinance,hgb_attributes,0.5,exposure_80,stratified,0.03687508272430688,0.009093666676359144,0.6276859411994534,0.012257914898468418,264.32,6.002369902333966,254.45999999999998,4.902652343374958,1.0,0.0,13283.039999999999,32.78763994759825,3936.0,0.0,12677.74,31.66674385955463,10574.619999999999,23.567859470049378,2103.12,12.267826032168761,7085.76,10.079153403601664,1769.44,10.091492566623748
tfinance,hgb_attributes,0.5,zero_exposure,filtered_low,0.06706186116238234,0.01265624875989889,0.626277088934281,0.017299288599663478,272.58000000000004,10.482768930222791,253.9,7.399249211162502,1.0,0.0,13283.039999999999,32.78763994759825,3936.0,0.0,12677.74,31.66674385955463,4896.12,84.129910125815,7781.62,82.11322535242266,3295.3599999999997,57.13460130837247,5559.84,56.99152373623469
tfinance,hgb_attributes,0.5,zero_exposure,full_random,0.09327769117446823,0.011753260489967627,0.650620853500384,0.009884463313763785,291.24,7.458209496178602,263.76,4.08553002137489,1.0,0.0,13283.039999999999,32.78763994759825,3936.0,0.0,12677.74,31.66674385955463,4896.12,84.129910125815,7781.62,82.11322535242266,3295.3599999999997,57.13460130837247,5559.84,56.99152373623469
tfinance,hgb_attributes,0.5,zero_exposure,stratified,0.04524165112349897,0.009769813956634985,0.6330096073901925,0.011217626691046197,268.91999999999996,6.719920634451958,256.62,4.587373976470629,1.0,0.0,13283.039999999999,32.78763994759825,3936.0,0.0,12677.74,31.66674385955463,4896.12,84.129910125815,7781.62,82.11322535242266,3295.3599999999997,57.13460130837247,5559.84,56.99152373623469
tfinance,hgb_attributes,1.0,exposure_80,filtered_low,0.13765770154765022,0.011408673341185935,0.6754852826342365,0.00574990442925764,317.9,6.409194783884942,273.84000000000003,2.474402284727903,1.0,0.0,26565.8,0.4216370213563034,3936.0,0.0,25349.6,5.641118880348489,21152.280000000002,7.3383013474973104,4197.320000000001,8.126882687858838,7082.06,8.03329183945025,1773.14,7.895455795723447
tfinance,hgb_attributes,1.0,exposure_80,full_random,0.094606813081792,0.012568023537998593,0.6521402797346368,0.009513592450539487,292.26,7.938121804166128,264.38,4.226319649266685,1.0,0.0,26565.8,0.4216370213563034,3936.0,0.0,25349.6,5.641118880348489,21152.280000000002,7.3383013474973104,4197.320000000001,8.126882687858838,7082.06,8.03329183945025,1773.14,7.895455795723447
tfinance,hgb_attributes,1.0,exposure_80,stratified,0.03687154705785619,0.007716957906167366,0.6287426521543215,0.014937908683295129,264.74,7.904457251731104,254.9,6.5198841162162395,1.0,0.0,26565.8,0.4216370213563034,3936.0,0.0,25349.6,5.641118880348489,21152.280000000002,7.3383013474973104,4197.320000000001,8.126882687858838,7082.06,8.03329183945025,1773.14,7.895455795723447
tfinance,hgb_attributes,1.0,zero_exposure,filtered_low,0.07127470498630603,0.014365776702943223,0.6326889050007198,0.013441156124322888,276.41999999999996,9.663424743732316,256.5,5.971971570967547,1.0,0.0,26565.8,0.4216370213563034,3936.0,0.0,25349.6,5.641118880348489,7769.160000000001,64.5613437833437,17580.44,63.502076956412225,2611.3,20.1411132871161,6243.9,20.22589099809111
tfinance,hgb_attributes,1.0,zero_exposure,full_random,0.094606813081792,0.012568023537998593,0.6521402797346368,0.009513592450539487,292.26,7.938121804166128,264.38,4.226319649266685,1.0,0.0,26565.8,0.4216370213563034,3936.0,0.0,25349.6,5.641118880348489,7769.160000000001,64.5613437833437,17580.44,63.502076956412225,2611.3,20.1411132871161,6243.9,20.22589099809111
tfinance,hgb_attributes,1.0,zero_exposure,stratified,0.045126844057435216,0.009048024237062028,0.6288544502937894,0.01616538317074188,267.1,8.723531395025773,254.94,6.766617405403615,1.0,0.0,26565.8,0.4216370213563034,3936.0,0.0,25349.6,5.641118880348489,7769.160000000001,64.5613437833437,17580.44,63.502076956412225,2611.3,20.1411132871161,6243.9,20.22589099809111
tfinance,hgb_graph_features,0.25,exposure_80,filtered_low,0.18182861731081373,0.027230855973868366,0.8273964409242783,0.015816788566471174,411.36,20.669634195548273,335.41999999999996,6.23499086696291,1.0,0.0,6644.7,24.585135527161107,3936.0,0.0,6343.219999999999,22.25238064667322,5292.9800000000005,22.064239544263984,1050.24,7.6569793870255465,7081.56,12.502373108067715,1773.64,12.61315010437743
tfinance,hgb_graph_features,0.25,exposure_80,full_random,0.0922075381315802,0.010128654327582849,0.7869877097392484,0.009086593060764746,351.82,5.548533339741435,319.04,3.537481841335408,1.0,0.0,6644.7,24.585135527161107,3936.0,0.0,6343.219999999999,22.25238064667322,5292.9800000000005,22.064239544263984,1050.24,7.6569793870255465,7081.56,12.502373108067715,1773.64,12.61315010437743
tfinance,hgb_graph_features,0.25,exposure_80,stratified,0.03831048651078803,0.005245326520118566,0.7307809501940055,0.011115504742440786,308.24,5.693505071570576,296.26,4.829584753256629,1.0,0.0,6644.7,24.585135527161107,3936.0,0.0,6343.219999999999,22.25238064667322,5292.9800000000005,22.064239544263984,1050.24,7.6569793870255465,7081.56,12.502373108067715,1773.64,12.61315010437743
tfinance,hgb_graph_features,0.25,zero_exposure,filtered_low,0.12265323689024576,0.027439094004928225,0.8026501927594267,0.02203045465334373,372.3,21.247378923319257,325.38,8.48970618520518,1.0,0.0,6644.7,24.585135527161107,3936.0,0.0,6343.219999999999,22.25238064667322,2903.46,63.35922628596057,3439.7599999999998,59.70846208406692,3906.0199999999995,85.45067193026235,4949.18,85.29011666072451
tfinance,hgb_graph_features,0.25,zero_exposure,full_random,0.0922075381315802,0.010128654327582849,0.7869877097392484,0.009086593060764746,351.82,5.548533339741435,319.04,3.537481841335408,1.0,0.0,6644.7,24.585135527161107,3936.0,0.0,6343.219999999999,22.25238064667322,2903.46,63.35922628596057,3439.7599999999998,59.70846208406692,3906.0199999999995,85.45067193026235,4949.18,85.29011666072451
tfinance,hgb_graph_features,0.25,zero_exposure,stratified,0.04341100487727962,0.006251266849226523,0.7435141492196362,0.009536440948904329,315.28000000000003,4.989945446150246,301.41999999999996,4.084061159624747,1.0,0.0,6644.7,24.585135527161107,3936.0,0.0,6343.219999999999,22.25238064667322,2903.46,63.35922628596057,3439.7599999999998,59.70846208406692,3906.0199999999995,85.45067193026235,4949.18,85.29011666072451
tfinance,hgb_graph_features,0.5,exposure_80,filtered_low,0.19162695720052905,0.025840910612536665,0.8302149512168002,0.01487942561399908,417.28000000000003,19.242360677537576,336.56,5.679436591775633,1.0,0.0,13283.039999999999,32.78763994759825,3936.0,0.0,12677.74,31.66674385955463,10574.619999999999,23.567859470049378,2103.12,12.267826032168761,7085.76,10.079153403601664,1769.44,10.091492566623748
tfinance,hgb_graph_features,0.5,exposure_80,full_random,0.09503375506337562,0.008084070328120625,0.7889561155915674,0.012424998558620573,353.71999999999997,7.649662301914583,319.84000000000003,5.076131510423176,1.0,0.0,13283.039999999999,32.78763994759825,3936.0,0.0,12677.74,31.66674385955463,10574.619999999999,23.567859470049378,2103.12,12.267826032168761,7085.76,10.079153403601664,1769.44,10.091492566623748
tfinance,hgb_graph_features,0.5,exposure_80,stratified,0.03787645631767048,0.003779192225977884,0.7369500045310742,0.01080318402544266,310.62,5.212335795441852,298.76,4.651212506194245,1.0,0.0,13283.039999999999,32.78763994759825,3936.0,0.0,12677.74,31.66674385955463,10574.619999999999,23.567859470049378,2103.12,12.267826032168761,7085.76,10.079153403601664,1769.44,10.091492566623748
tfinance,hgb_graph_features,0.5,zero_exposure,filtered_low,0.12176241571067074,0.027316412275002692,0.8025075313342155,0.023097295638484436,371.64,21.241845494212605,325.32,8.84995919639054,1.0,0.0,13283.039999999999,32.78763994759825,3936.0,0.0,12677.74,31.66674385955463,4896.12,84.129910125815,7781.62,82.11322535242266,3295.3599999999997,57.13460130837247,5559.84,56.99152373623469
tfinance,hgb_graph_features,0.5,zero_exposure,full_random,0.09503375506337562,0.008084070328120625,0.7889561155915674,0.012424998558620573,353.71999999999997,7.649662301914583,319.84000000000003,5.076131510423176,1.0,0.0,13283.039999999999,32.78763994759825,3936.0,0.0,12677.74,31.66674385955463,4896.12,84.129910125815,7781.62,82.11322535242266,3295.3599999999997,57.13460130837247,5559.84,56.99152373623469
tfinance,hgb_graph_features,0.5,zero_exposure,stratified,0.044139033629622404,0.006020872251506272,0.7508721846250295,0.009685696889541537,318.54,4.61114591686999,304.4,3.8941551644027235,1.0,0.0,13283.039999999999,32.78763994759825,3936.0,0.0,12677.74,31.66674385955463,4896.12,84.129910125815,7781.62,82.11322535242266,3295.3599999999997,57.13460130837247,5559.84,56.99152373623469
tfinance,hgb_graph_features,1.0,exposure_80,filtered_low,0.20203140201715192,0.025282817132316747,0.8336646009594361,0.014691074772354136,424.43999999999994,19.03582587298662,337.96,5.6997465830606036,1.0,0.0,26565.8,0.4216370213563034,3936.0,0.0,25349.6,5.641118880348489,21152.280000000002,7.3383013474973104,4197.320000000001,8.126882687858838,7082.06,8.03329183945025,1773.14,7.895455795723447
tfinance,hgb_graph_features,1.0,exposure_80,full_random,0.09857464821037723,0.00746625323192036,0.7915712403396788,0.011058590122388566,356.24,6.75198736175754,320.9,4.509003338999775,1.0,0.0,26565.8,0.4216370213563034,3936.0,0.0,25349.6,5.641118880348489,21152.280000000002,7.3383013474973104,4197.320000000001,8.126882687858838,7082.06,8.03329183945025,1773.14,7.895455795723447
tfinance,hgb_graph_features,1.0,exposure_80,stratified,0.038355807718024194,0.004432112152982225,0.7381818113180996,0.010017863698105709,311.28,5.123540442571591,299.26,4.388925456950338,1.0,0.0,26565.8,0.4216370213563034,3936.0,0.0,25349.6,5.641118880348489,21152.280000000002,7.3383013474973104,4197.320000000001,8.126882687858838,7082.06,8.03329183945025,1773.14,7.895455795723447
tfinance,hgb_graph_features,1.0,zero_exposure,filtered_low,0.12095210124094224,0.02866525892831753,0.8037863825293867,0.02163691532294234,371.52,20.94122993310353,325.84000000000003,8.289645482300344,1.0,0.0,26565.8,0.4216370213563034,3936.0,0.0,25349.6,5.641118880348489,7769.160000000001,64.5613437833437,17580.44,63.502076956412225,2611.3,20.1411132871161,6243.9,20.22589099809111
tfinance,hgb_graph_features,1.0,zero_exposure,full_random,0.09857464821037723,0.00746625323192036,0.7915712403396788,0.011058590122388566,356.24,6.75198736175754,320.9,4.509003338999775,1.0,0.0,26565.8,0.4216370213563034,3936.0,0.0,25349.6,5.641118880348489,7769.160000000001,64.5613437833437,17580.44,63.502076956412225,2611.3,20.1411132871161,6243.9,20.22589099809111
tfinance,hgb_graph_features,1.0,zero_exposure,stratified,0.04578464057602226,0.006502920697949555,0.7532928270288253,0.010014407558235482,320.14,4.963018794600269,305.38,3.9060636622222784,1.0,0.0,26565.8,0.4216370213563034,3936.0,0.0,25349.6,5.641118880348489,7769.160000000001,64.5613437833437,17580.44,63.502076956412225,2611.3,20.1411132871161,6243.9,20.22589099809111
weibo_gadbench,hgb_attributes,0.25,exposure_80,filtered_low,0.16828349735480483,0.024782195445037895,0.7644756242159602,0.04171779771218299,181.62,14.684670767693625,149.85999999999999,8.728013647000232,1.0,0.0,1415.42,19.55015203123613,840.0,0.0,1267.9,18.74347293800643,1132.84,15.029689137023274,135.06,5.338372619274739,1511.58,5.418035724421821,379.62,5.396665637224517
weibo_gadbench,hgb_attributes,0.25,exposure_80,full_random,0.09327295423719187,0.010987387558448681,0.6636558384513835,0.0424647357102934,143.78,10.478952449765412,130.07999999999998,8.467034112761482,1.0,0.0,1415.42,19.55015203123613,840.0,0.0,1267.9,18.74347293800643,1132.84,15.029689137023274,135.06,5.338372619274739,1511.58,5.418035724421821,379.62,5.396665637224517
weibo_gadbench,hgb_attributes,0.25,exposure_80,stratified,0.01700069556051289,0.008492661523959852,0.40111617108259995,0.1582548735942856,80.56,31.749827646076373,78.58,30.884940594981813,0.8,0.23094010767585033,1415.42,19.55015203123613,840.0,0.0,1267.9,18.74347293800643,1132.84,15.029689137023274,135.06,5.338372619274739,1511.58,5.418035724421821,379.62,5.396665637224517
weibo_gadbench,hgb_attributes,0.25,zero_exposure,filtered_low,0.16394475353059773,0.023637307809842276,0.7584459479821006,0.043703928027740716,179.26,14.870716937061987,148.68,9.11467680904448,1.0,0.0,1415.42,19.55015203123613,840.0,0.0,1267.9,18.74347293800643,1049.1799999999998,30.107872724588148,218.71999999999997,26.62366532909313,1404.6,36.48622266615772,486.6,36.43075623700391
weibo_gadbench,hgb_attributes,0.25,zero_exposure,full_random,0.09327295423719187,0.010987387558448681,0.6636558384513835,0.0424647357102934,143.78,10.478952449765412,130.07999999999998,8.467034112761482,1.0,0.0,1415.42,19.55015203123613,840.0,0.0,1267.9,18.74347293800643,1049.1799999999998,30.107872724588148,218.71999999999997,26.62366532909313,1404.6,36.48622266615772,486.6,36.43075623700391
weibo_gadbench,hgb_attributes,0.25,zero_exposure,stratified,0.024945386356894354,0.011060698228067814,0.4777442490208238,0.13718359908806546,96.52000000000001,27.817212896574187,93.58,26.661574513812113,0.9199999999999999,0.19321835661585918,1415.42,19.55015203123613,840.0,0.0,1267.9,18.74347293800643,1049.1799999999998,30.107872724588148,218.71999999999997,26.62366532909313,1404.6,36.48622266615772,486.6,36.43075623700391
weibo_gadbench,hgb_attributes,0.5,exposure_80,filtered_low,0.18867521131118145,0.02409810734652353,0.7867063185711418,0.043022669656700076,191.35999999999999,15.880330251253877,154.22,9.016749845580591,1.0,0.0,2840.2,27.078486745836663,840.0,0.0,2544.82,26.276047394284227,2266.8,24.919247357994095,278.02,7.422159015033584,1511.3400000000001,6.2311404342311745,379.86,6.261025830041309
weibo_gadbench,hgb_attributes,0.5,exposure_80,full_random,0.0959066153168541,0.010691014910241544,0.6660604068070763,0.03792638577390449,144.72,9.378557102952108,130.56,7.784771458859061,1.0,0.0,2840.2,27.078486745836663,840.0,0.0,2544.82,26.276047394284227,2266.8,24.919247357994095,278.02,7.422159015033584,1511.3400000000001,6.2311404342311745,379.86,6.261025830041309
weibo_gadbench,hgb_attributes,0.5,exposure_80,stratified,0.024818533548726707,0.009568513567036464,0.4893334894510038,0.08715853299620002,98.62,17.761243700196726,95.88,16.935485427547295,1.0,0.0,2840.2,27.078486745836663,840.0,0.0,2544.82,26.276047394284227,2266.8,24.919247357994095,278.02,7.422159015033584,1511.3400000000001,6.2311404342311745,379.86,6.261025830041309
weibo_gadbench,hgb_attributes,0.5,zero_exposure,filtered_low,0.18094382294851102,0.02492215326498115,0.7787849934057776,0.043923668206617146,187.74,16.44466816664632,152.68,9.414504176476257,1.0,0.0,2840.2,27.078486745836663,840.0,0.0,2544.82,26.276047394284227,1943.3799999999999,56.14999356881332,601.4399999999999,50.661736602247984,1301.4,34.56690774586459,589.8,34.51994592502521
weibo_gadbench,hgb_attributes,0.5,zero_exposure,full_random,0.0959066153168541,0.010691014910241544,0.6660604068070763,0.03792638577390449,144.72,9.378557102952108,130.56,7.784771458859061,1.0,0.0,2840.2,27.078486745836663,840.0,0.0,2544.82,26.276047394284227,1943.3799999999999,56.14999356881332,601.4399999999999,50.661736602247984,1301.4,34.56690774586459,589.8,34.51994592502521
weibo_gadbench,hgb_attributes,0.5,zero_exposure,stratified,0.03556234689218488,0.009893366130538626,0.5368297915512579,0.07186731833497581,109.35999999999999,14.476279448348135,105.2,13.989837581457323,1.0,0.0,2840.2,27.078486745836663,840.0,0.0,2544.82,26.276047394284227,1943.3799999999999,56.14999356881332,601.4399999999999,50.661736602247984,1301.4,34.56690774586459,589.8,34.51994592502521
weibo_gadbench,hgb_attributes,1.0,exposure_80,filtered_low,0.21582132722130698,0.024123773343839878,0.8105126344507765,0.04051068608237383,203.48,15.079699378082216,158.88,8.457054911597647,1.0,0.0,5673.8,0.4216370213557219,840.0,0.0,5085.8,5.827139568909798,4536.46,5.192344792523391,549.3399999999999,9.683915645141786,1511.92,5.576299051441854,379.28000000000003,5.604918474974551
weibo_gadbench,hgb_attributes,1.0,exposure_80,full_random,0.09332321463180764,0.007333989466396311,0.6636128815846078,0.04343116946646283,143.66,9.980892856965362,130.07999999999998,8.806159460539215,1.0,0.0,5673.8,0.4216370213557219,840.0,0.0,5085.8,5.827139568909798,4536.46,5.192344792523391,549.3399999999999,9.683915645141786,1511.92,5.576299051441854,379.28000000000003,5.604918474974551
weibo_gadbench,hgb_attributes,1.0,exposure_80,stratified,0.026432489727507575,0.009978231828431886,0.4952239513669879,0.08598295107766706,99.86,17.40473754151119,97.03999999999999,16.73713104314941,1.0,0.0,5673.8,0.4216370213557219,840.0,0.0,5085.8,5.827139568909798,4536.46,5.192344792523391,549.3399999999999,9.683915645141786,1511.92,5.576299051441854,379.28000000000003,5.604918474974551
weibo_gadbench,hgb_attributes,1.0,zero_exposure,filtered_low,0.19802129821140482,0.02223935205387945,0.7954288739102477,0.0432727476963831,195.28,15.753997728971669,155.94,9.261653320127147,1.0,0.0,5673.8,0.4216370213557219,840.0,0.0,5085.8,5.827139568909798,3454.22,39.76927345465489,1631.58,40.52855783271837,1155.42,18.760585160265038,735.78,18.71694419503356
weibo_gadbench,hgb_attributes,1.0,zero_exposure,full_random,0.09332321463180764,0.007333989466396311,0.6636128815846078,0.04343116946646283,143.66,9.980892856965362,130.07999999999998,8.806159460539215,1.0,0.0,5673.8,0.4216370213557219,840.0,0.0,5085.8,5.827139568909798,3454.22,39.76927345465489,1631.58,40.52855783271837,1155.42,18.760585160265038,735.78,18.71694419503356
weibo_gadbench,hgb_attributes,1.0,zero_exposure,stratified,0.04235461857864142,0.0038433285265076036,0.5589083435555511,0.07391453246564525,114.58,15.333753617428442,109.54,14.504267571228052,1.0,0.0,5673.8,0.4216370213557219,840.0,0.0,5085.8,5.827139568909798,3454.22,39.76927345465489,1631.58,40.52855783271837,1155.42,18.760585160265038,735.78,18.71694419503356
weibo_gadbench,hgb_graph_features,0.25,exposure_80,filtered_low,0.25844581910126924,0.023788529075201202,0.9687457432299376,0.008891566330858441,256.96,8.63162145189934,189.86,1.1077504733066528,1.0,0.0,1415.42,19.55015203123613,840.0,0.0,1267.9,18.74347293800643,1132.84,15.029689137023274,135.06,5.338372619274739,1511.58,5.418035724421821,379.62,5.396665637224517
weibo_gadbench,hgb_graph_features,0.25,exposure_80,full_random,0.09430874549709559,0.01143381243564889,0.8453745711245249,0.02767158564819551,183.54000000000002,7.37928030215534,165.7,5.894818817308039,1.0,0.0,1415.42,19.55015203123613,840.0,0.0,1267.9,18.74347293800643,1132.84,15.029689137023274,135.06,5.338372619274739,1511.58,5.418035724421821,379.62,5.396665637224517
weibo_gadbench,hgb_graph_features,0.25,exposure_80,stratified,0.022936513433518484,0.007763682639712909,0.4736085112477362,0.1461949534839106,95.96,29.58465067489483,92.78,28.637574385179107,0.78,0.2201009869229224,1415.42,19.55015203123613,840.0,0.0,1267.9,18.74347293800643,1132.84,15.029689137023274,135.06,5.338372619274739,1511.58,5.418035724421821,379.62,5.396665637224517
weibo_gadbench,hgb_graph_features,0.25,zero_exposure,filtered_low,0.2532202515765887,0.025901828621813703,0.9663002579183255,0.010407584585559057,254.6,9.7606921430353,189.38,1.4312387796746016,1.0,0.0,1415.42,19.55015203123613,840.0,0.0,1267.9,18.74347293800643,1049.1799999999998,30.107872724588148,218.71999999999997,26.62366532909313,1404.6,36.48622266615772,486.6,36.43075623700391
weibo_gadbench,hgb_graph_features,0.25,zero_exposure,full_random,0.09430874549709559,0.01143381243564889,0.8453745711245249,0.02767158564819551,183.54000000000002,7.37928030215534,165.7,5.894818817308039,1.0,0.0,1415.42,19.55015203123613,840.0,0.0,1267.9,18.74347293800643,1049.1799999999998,30.107872724588148,218.71999999999997,26.62366532909313,1404.6,36.48622266615772,486.6,36.43075623700391
weibo_gadbench,hgb_graph_features,0.25,zero_exposure,stratified,0.030100066268215413,0.008294845378084004,0.5707523669989114,0.11416587265529725,116.16000000000001,23.497290623956342,111.85999999999999,22.41706691092501,0.8800000000000001,0.16865480854231357,1415.42,19.55015203123613,840.0,0.0,1267.9,18.74347293800643,1049.1799999999998,30.107872724588148,218.71999999999997,26.62366532909313,1404.6,36.48622266615772,486.6,36.43075623700391
weibo_gadbench,hgb_graph_features,0.5,exposure_80,filtered_low,0.2900996301505679,0.018874916396885058,0.9740403516694289,0.007201226951025455,269.5,7.567914728201773,190.9,1.0718623460542336,1.0,0.0,2840.2,27.078486745836663,840.0,0.0,2544.82,26.276047394284227,2266.8,24.919247357994095,278.02,7.422159015033584,1511.3400000000001,6.2311404342311745,379.86,6.261025830041309
weibo_gadbench,hgb_graph_features,0.5,exposure_80,full_random,0.09043367390068541,0.009579636936061233,0.8459863680876929,0.021468314253693135,182.6,4.642796092394702,165.8,4.001110956832979,1.0,0.0,2840.2,27.078486745836663,840.0,0.0,2544.82,26.276047394284227,2266.8,24.919247357994095,278.02,7.422159015033584,1511.3400000000001,6.2311404342311745,379.86,6.261025830041309
weibo_gadbench,hgb_graph_features,0.5,exposure_80,stratified,0.020353467199083694,0.005465739951988752,0.5228042398870293,0.11045524982924303,104.92,21.99862621973371,102.4,21.435795607659013,0.9400000000000001,0.1349897115421106,2840.2,27.078486745836663,840.0,0.0,2544.82,26.276047394284227,2266.8,24.919247357994095,278.02,7.422159015033584,1511.3400000000001,6.2311404342311745,379.86,6.261025830041309
weibo_gadbench,hgb_graph_features,0.5,zero_exposure,filtered_low,0.2802097582043689,0.02336582883584143,0.972312218846598,0.008400455634457411,265.46,9.407821804812789,190.56,1.1500724614852122,1.0,0.0,2840.2,27.078486745836663,840.0,0.0,2544.82,26.276047394284227,1943.3799999999999,56.14999356881332,601.4399999999999,50.661736602247984,1301.4,34.56690774586459,589.8,34.51994592502521
weibo_gadbench,hgb_graph_features,0.5,zero_exposure,full_random,0.09043367390068541,0.009579636936061233,0.8459863680876929,0.021468314253693135,182.6,4.642796092394702,165.8,4.001110956832979,1.0,0.0,2840.2,27.078486745836663,840.0,0.0,2544.82,26.276047394284227,1943.3799999999999,56.14999356881332,601.4399999999999,50.661736602247984,1301.4,34.56690774586459,589.8,34.51994592502521
weibo_gadbench,hgb_graph_features,0.5,zero_exposure,stratified,0.029199868824583457,0.005560681732974386,0.6302350161610671,0.050778363285346524,127.55999999999999,10.217109832694044,123.52000000000001,9.96759193029535,1.0,0.0,2840.2,27.078486745836663,840.0,0.0,2544.82,26.276047394284227,1943.3799999999999,56.14999356881332,601.4399999999999,50.661736602247984,1301.4,34.56690774586459,589.8,34.51994592502521
weibo_gadbench,hgb_graph_features,1.0,exposure_80,filtered_low,0.31669943893278185,0.018565550514747623,0.9784187069320456,0.006165155632645782,281.06,7.775774345148322,191.76,1.188089035197094,1.0,0.0,5673.8,0.4216370213557219,840.0,0.0,5085.8,5.827139568909798,4536.46,5.192344792523391,549.3399999999999,9.683915645141786,1511.92,5.576299051441854,379.28000000000003,5.604918474974551
weibo_gadbench,hgb_graph_features,1.0,exposure_80,full_random,0.09296134106279945,0.012567385174399854,0.8483463134584808,0.02417743115436327,183.54,6.117406858029523,166.26,4.474172797537245,1.0,0.0,5673.8,0.4216370213557219,840.0,0.0,5085.8,5.827139568909798,4536.46,5.192344792523391,549.3399999999999,9.683915645141786,1511.92,5.576299051441854,379.28000000000003,5.604918474974551
weibo_gadbench,hgb_graph_features,1.0,exposure_80,stratified,0.023024456069457255,0.0071767743520700245,0.5665980529158207,0.08931394498924722,113.94000000000001,17.901967613769287,111.02000000000001,17.332423053020857,1.0,0.0,5673.8,0.4216370213557219,840.0,0.0,5085.8,5.827139568909798,4536.46,5.192344792523391,549.3399999999999,9.683915645141786,1511.92,5.576299051441854,379.28000000000003,5.604918474974551
weibo_gadbench,hgb_graph_features,1.0,zero_exposure,filtered_low,0.3105801374462968,0.024291281095249147,0.9775100203805019,0.0072823556132726825,278.44,10.098096630333632,191.57999999999998,1.0891382934330378,1.0,0.0,5673.8,0.4216370213557219,840.0,0.0,5085.8,5.827139568909798,3454.22,39.76927345465489,1631.58,40.52855783271837,1155.42,18.760585160265038,735.78,18.71694419503356
weibo_gadbench,hgb_graph_features,1.0,zero_exposure,full_random,0.09296134106279945,0.012567385174399854,0.8483463134584808,0.02417743115436327,183.54,6.117406858029523,166.26,4.474172797537245,1.0,0.0,5673.8,0.4216370213557219,840.0,0.0,5085.8,5.827139568909798,3454.22,39.76927345465489,1631.58,40.52855783271837,1155.42,18.760585160265038,735.78,18.71694419503356
weibo_gadbench,hgb_graph_features,1.0,zero_exposure,stratified,0.03497893657299177,0.008926172798101723,0.6733145745417465,0.05721026119060503,136.9,11.746678017398985,131.94,10.960150039524507,1.0,0.0,5673.8,0.4216370213557219,840.0,0.0,5085.8,5.827139568909798,3454.22,39.76927345465489,1631.58,40.52855783271837,1155.42,18.760585160265038,735.78,18.71694419503356
