dataset,model,label_fraction,design,method,fdp,power,discoveries,nonempty,n_reference,cal_low,cal_high
amazon,hgb_attributes,0.25,exposure_80,filtered_low,0.11024359798057452,0.7933682016568017,165.76,1.0,1326.82,1121.74,205.08
amazon,hgb_attributes,0.25,exposure_80,full_random,0.09089376794801292,0.7787026101565055,159.16,1.0,1326.82,1121.74,205.08
amazon,hgb_attributes,0.25,exposure_80,stratified,0.036130329636668165,0.5303161785085008,102.36,0.9400000000000001,1326.82,1121.74,205.08
amazon,hgb_attributes,0.25,zero_exposure,filtered_low,0.09304390875861732,0.6790732348906072,144.12,0.9,1326.82,207.32,1119.5
amazon,hgb_attributes,0.25,zero_exposure,full_random,0.09089376794801292,0.7787026101565055,159.16,1.0,1326.82,207.32,1119.5
amazon,hgb_attributes,0.25,zero_exposure,stratified,0.03949910368501216,0.5673843644188636,109.85999999999999,0.9800000000000001,1326.82,207.32,1119.5
amazon,hgb_attributes,0.5,exposure_80,filtered_low,0.1135527290027329,0.7972491575531488,166.95999999999998,1.0,2643.98,2241.94,402.04
amazon,hgb_attributes,0.5,exposure_80,full_random,0.08855822731673388,0.7793593359312982,158.76,1.0,2643.98,2241.94,402.04
amazon,hgb_attributes,0.5,exposure_80,stratified,0.03943942039669819,0.5813904460128032,112.04,1.0,2643.98,2241.94,402.04
amazon,hgb_attributes,0.5,zero_exposure,filtered_low,0.13978502306387972,0.7698063263069274,172.04000000000002,0.9800000000000001,2643.98,238.95999999999998,2405.02
amazon,hgb_attributes,0.5,zero_exposure,full_random,0.08855822731673388,0.7793593359312982,158.76,1.0,2643.98,238.95999999999998,2405.02
amazon,hgb_attributes,0.5,zero_exposure,stratified,0.04212027411950959,0.6509636369899918,126.17999999999999,1.0,2643.98,238.95999999999998,2405.02
amazon,hgb_attributes,1.0,exposure_80,filtered_low,0.11839201725652124,0.8002909680747535,168.4,1.0,5275.5,4502.58,772.92
amazon,hgb_attributes,1.0,exposure_80,full_random,0.09174138266552226,0.7831292769794211,160.0,1.0,5275.5,4502.58,772.92
amazon,hgb_attributes,1.0,exposure_80,stratified,0.037643239029220496,0.6365531769923061,122.67999999999999,1.0,5275.5,4502.58,772.92
amazon,hgb_attributes,1.0,zero_exposure,filtered_low,0.19809103693921856,0.8069378842918201,195.0,0.9800000000000001,5275.5,215.44,5060.06
amazon,hgb_attributes,1.0,zero_exposure,full_random,0.09174138266552226,0.7831292769794211,160.0,1.0,5275.5,215.44,5060.06
amazon,hgb_attributes,1.0,zero_exposure,stratified,0.04386766152657519,0.694413461080781,134.78,1.0,5275.5,215.44,5060.06
amazon,hgb_graph_features,0.25,exposure_80,filtered_low,0.12736367432058635,0.8134243039055477,173.12,1.0,1326.82,1121.74,205.08
amazon,hgb_graph_features,0.25,exposure_80,full_random,0.08910270402545901,0.7775863278806721,158.7,1.0,1326.82,1121.74,205.08
amazon,hgb_graph_features,0.25,exposure_80,stratified,0.03756253729539761,0.5085444174975572,98.28,0.9,1326.82,1121.74,205.08
amazon,hgb_graph_features,0.25,zero_exposure,filtered_low,0.08504102315932899,0.6745924430818043,140.62,0.9,1326.82,207.32,1119.5
amazon,hgb_graph_features,0.25,zero_exposure,full_random,0.08910270402545901,0.7775863278806721,158.7,1.0,1326.82,207.32,1119.5
amazon,hgb_graph_features,0.25,zero_exposure,stratified,0.04688459304043519,0.5722261087476369,111.46,0.96,1326.82,207.32,1119.5
amazon,hgb_graph_features,0.5,exposure_80,filtered_low,0.1317990260868231,0.8137272453728643,174.06,1.0,2643.98,2241.94,402.04
amazon,hgb_graph_features,0.5,exposure_80,full_random,0.09068444061702308,0.7905305694087756,161.38,1.0,2643.98,2241.94,402.04
amazon,hgb_graph_features,0.5,exposure_80,stratified,0.04037171487309334,0.5793934577419005,111.74000000000001,1.0,2643.98,2241.94,402.04
amazon,hgb_graph_features,0.5,zero_exposure,filtered_low,0.11760768987631845,0.7564526163232145,162.8,0.9800000000000001,2643.98,238.95999999999998,2405.02
amazon,hgb_graph_features,0.5,zero_exposure,full_random,0.09068444061702308,0.7905305694087756,161.38,1.0,2643.98,238.95999999999998,2405.02
amazon,hgb_graph_features,0.5,zero_exposure,stratified,0.0446875741918918,0.6646943685337446,129.14000000000001,1.0,2643.98,238.95999999999998,2405.02
amazon,hgb_graph_features,1.0,exposure_80,filtered_low,0.13892238763544462,0.8178479710411095,176.26,1.0,5275.5,4502.58,772.92
amazon,hgb_graph_features,1.0,exposure_80,full_random,0.09148362113048976,0.7927919017577001,161.94,1.0,5275.5,4502.58,772.92
amazon,hgb_graph_features,1.0,exposure_80,stratified,0.03397198360446491,0.6393834004419382,122.75999999999999,1.0,5275.5,4502.58,772.92
amazon,hgb_graph_features,1.0,zero_exposure,filtered_low,0.1553453649403574,0.791231138163735,178.48,0.9800000000000001,5275.5,215.44,5060.06
amazon,hgb_graph_features,1.0,zero_exposure,full_random,0.09148362113048976,0.7927919017577001,161.94,1.0,5275.5,215.44,5060.06
amazon,hgb_graph_features,1.0,zero_exposure,stratified,0.04636437413067168,0.6970225107458102,135.62,1.0,5275.5,215.44,5060.06
tfinance,hgb_attributes,0.25,exposure_80,filtered_low,0.1190924877081803,0.6646283844456049,306.74,1.0,6343.219999999999,5292.9800000000005,1050.24
tfinance,hgb_attributes,0.25,exposure_80,full_random,0.09299338257119834,0.6504172131434698,291.15999999999997,1.0,6343.219999999999,5292.9800000000005,1050.24
tfinance,hgb_attributes,0.25,exposure_80,stratified,0.03664690489063555,0.6233307934773494,262.5,1.0,6343.219999999999,5292.9800000000005,1050.24
tfinance,hgb_attributes,0.25,zero_exposure,filtered_low,0.06715856134200704,0.6265190409930973,272.84000000000003,1.0,6343.219999999999,2903.46,3439.7599999999998
tfinance,hgb_attributes,0.25,zero_exposure,full_random,0.09299338257119834,0.6504172131434698,291.15999999999997,1.0,6343.219999999999,2903.46,3439.7599999999998
tfinance,hgb_attributes,0.25,zero_exposure,stratified,0.0455073890914299,0.6330184253868553,269.1,1.0,6343.219999999999,2903.46,3439.7599999999998
tfinance,hgb_attributes,0.5,exposure_80,filtered_low,0.12652431394353442,0.6686255709661739,310.9,1.0,12677.74,10574.619999999999,2103.12
tfinance,hgb_attributes,0.5,exposure_80,full_random,0.09327769117446817,0.650620853500384,291.24,1.0,12677.74,10574.619999999999,2103.12
tfinance,hgb_attributes,0.5,exposure_80,stratified,0.03687508272430684,0.6276859411994534,264.32,1.0,12677.74,10574.619999999999,2103.12
tfinance,hgb_attributes,0.5,zero_exposure,filtered_low,0.0670618611623823,0.626277088934281,272.58000000000004,1.0,12677.74,4896.12,7781.62
tfinance,hgb_attributes,0.5,zero_exposure,full_random,0.09327769117446817,0.650620853500384,291.24,1.0,12677.74,4896.12,7781.62
tfinance,hgb_attributes,0.5,zero_exposure,stratified,0.04524165112349892,0.6330096073901925,268.91999999999996,1.0,12677.74,4896.12,7781.62
tfinance,hgb_attributes,1.0,exposure_80,filtered_low,0.1376577015476502,0.6754852826342365,317.9,1.0,25349.6,21152.280000000002,4197.320000000001
tfinance,hgb_attributes,1.0,exposure_80,full_random,0.09460681308179197,0.6521402797346368,292.26,1.0,25349.6,21152.280000000002,4197.320000000001
tfinance,hgb_attributes,1.0,exposure_80,stratified,0.03687154705785617,0.6287426521543215,264.74,1.0,25349.6,21152.280000000002,4197.320000000001
tfinance,hgb_attributes,1.0,zero_exposure,filtered_low,0.07127470498630598,0.6326889050007198,276.41999999999996,1.0,25349.6,7769.160000000001,17580.44
tfinance,hgb_attributes,1.0,zero_exposure,full_random,0.09460681308179197,0.6521402797346368,292.26,1.0,25349.6,7769.160000000001,17580.44
tfinance,hgb_attributes,1.0,zero_exposure,stratified,0.04512684405743516,0.6288544502937894,267.1,1.0,25349.6,7769.160000000001,17580.44
tfinance,hgb_graph_features,0.25,exposure_80,filtered_low,0.18182861731081368,0.8273964409242783,411.36,1.0,6343.219999999999,5292.9800000000005,1050.24
tfinance,hgb_graph_features,0.25,exposure_80,full_random,0.09220753813158017,0.7869877097392484,351.82,1.0,6343.219999999999,5292.9800000000005,1050.24
tfinance,hgb_graph_features,0.25,exposure_80,stratified,0.038310486510788,0.7307809501940055,308.24,1.0,6343.219999999999,5292.9800000000005,1050.24
tfinance,hgb_graph_features,0.25,zero_exposure,filtered_low,0.1226532368902457,0.8026501927594267,372.3,1.0,6343.219999999999,2903.46,3439.7599999999998
tfinance,hgb_graph_features,0.25,zero_exposure,full_random,0.09220753813158017,0.7869877097392484,351.82,1.0,6343.219999999999,2903.46,3439.7599999999998
tfinance,hgb_graph_features,0.25,zero_exposure,stratified,0.04341100487727957,0.7435141492196362,315.28000000000003,1.0,6343.219999999999,2903.46,3439.7599999999998
tfinance,hgb_graph_features,0.5,exposure_80,filtered_low,0.19162695720052902,0.8302149512168002,417.28000000000003,1.0,12677.74,10574.619999999999,2103.12
tfinance,hgb_graph_features,0.5,exposure_80,full_random,0.09503375506337558,0.7889561155915674,353.71999999999997,1.0,12677.74,10574.619999999999,2103.12
tfinance,hgb_graph_features,0.5,exposure_80,stratified,0.037876456317670434,0.7369500045310742,310.62,1.0,12677.74,10574.619999999999,2103.12
tfinance,hgb_graph_features,0.5,zero_exposure,filtered_low,0.12176241571067073,0.8025075313342155,371.64,1.0,12677.74,4896.12,7781.62
tfinance,hgb_graph_features,0.5,zero_exposure,full_random,0.09503375506337558,0.7889561155915674,353.71999999999997,1.0,12677.74,4896.12,7781.62
tfinance,hgb_graph_features,0.5,zero_exposure,stratified,0.04413903362962235,0.7508721846250295,318.54,1.0,12677.74,4896.12,7781.62
tfinance,hgb_graph_features,1.0,exposure_80,filtered_low,0.20203140201715186,0.8336646009594361,424.43999999999994,1.0,25349.6,21152.280000000002,4197.320000000001
tfinance,hgb_graph_features,1.0,exposure_80,full_random,0.09857464821037719,0.7915712403396788,356.24,1.0,25349.6,21152.280000000002,4197.320000000001
tfinance,hgb_graph_features,1.0,exposure_80,stratified,0.03835580771802414,0.7381818113180996,311.28,1.0,25349.6,21152.280000000002,4197.320000000001
tfinance,hgb_graph_features,1.0,zero_exposure,filtered_low,0.1209521012409422,0.8037863825293867,371.52,1.0,25349.6,7769.160000000001,17580.44
tfinance,hgb_graph_features,1.0,zero_exposure,full_random,0.09857464821037719,0.7915712403396788,356.24,1.0,25349.6,7769.160000000001,17580.44
tfinance,hgb_graph_features,1.0,zero_exposure,stratified,0.045784640576022204,0.7532928270288253,320.14,1.0,25349.6,7769.160000000001,17580.44
tolokers,hgb_attributes,0.25,exposure_80,filtered_low,0.0,0.0,0.0,0.0,1549.6799999999998,1276.56,273.12
tolokers,hgb_attributes,0.25,exposure_80,full_random,0.00941176470588235,0.00031088082901554,0.33999999999999997,0.02,1549.6799999999998,1276.56,273.12
tolokers,hgb_attributes,0.25,exposure_80,stratified,0.0,0.0,0.0,0.0,1549.6799999999998,1276.56,273.12
tolokers,hgb_attributes,0.25,zero_exposure,filtered_low,0.027872807017543848,0.00186528497409325,3.44,0.04,1549.6799999999998,442.76000000000005,1106.92
tolokers,hgb_attributes,0.25,zero_exposure,full_random,0.00941176470588235,0.00031088082901554,0.33999999999999997,0.02,1549.6799999999998,442.76000000000005,1106.92
tolokers,hgb_attributes,0.25,zero_exposure,stratified,0.0,0.0,0.0,0.0,1549.6799999999998,442.76000000000005,1106.92
tolokers,hgb_attributes,0.5,exposure_80,filtered_low,0.0,0.0,0.0,0.0,3108.7200000000003,2570.56,538.1600000000001
tolokers,hgb_attributes,0.5,exposure_80,full_random,0.0,0.0,0.0,0.0,3108.7200000000003,2570.56,538.1600000000001
tolokers,hgb_attributes,0.5,exposure_80,stratified,0.0,0.0,0.0,0.0,3108.7200000000003,2570.56,538.1600000000001
tolokers,hgb_attributes,0.5,zero_exposure,filtered_low,0.05727303176275779,0.00297058752795996,5.92,0.08,3108.7200000000003,640.1600000000001,2468.56
tolokers,hgb_attributes,0.5,zero_exposure,full_random,0.0,0.0,0.0,0.0,3108.7200000000003,640.1600000000001,2468.56
tolokers,hgb_attributes,0.5,zero_exposure,stratified,0.0,0.0,0.0,0.0,3108.7200000000003,640.1600000000001,2468.56
tolokers,hgb_attributes,1.0,exposure_80,filtered_low,0.0,0.0,0.0,0.0,6203.7,5171.9400000000005,1031.76
tolokers,hgb_attributes,1.0,exposure_80,full_random,0.0,0.0,0.0,0.0,6203.7,5171.9400000000005,1031.76
tolokers,hgb_attributes,1.0,exposure_80,stratified,0.0,0.0,0.0,0.0,6203.7,5171.9400000000005,1031.76
tolokers,hgb_attributes,1.0,zero_exposure,filtered_low,0.065355287997338,0.00329160666601649,5.68,0.1,6203.7,749.4399999999999,5454.26
tolokers,hgb_attributes,1.0,zero_exposure,full_random,0.0,0.0,0.0,0.0,6203.7,749.4399999999999,5454.26
tolokers,hgb_attributes,1.0,zero_exposure,stratified,0.0,0.0,0.0,0.0,6203.7,749.4399999999999,5454.26
tolokers,hgb_graph_features,0.25,exposure_80,filtered_low,0.0056,0.00062176165803108,0.5,0.02,1549.6799999999998,1276.56,273.12
tolokers,hgb_graph_features,0.25,exposure_80,full_random,0.01030588235294117,0.0010684970532200799,0.8400000000000001,0.04,1549.6799999999998,1276.56,273.12
tolokers,hgb_graph_features,0.25,exposure_80,stratified,0.0,0.0,0.0,0.0,1549.6799999999998,1276.56,273.12
tolokers,hgb_graph_features,0.25,zero_exposure,filtered_low,0.0,0.0,0.0,0.0,1549.6799999999998,442.76000000000005,1106.92
tolokers,hgb_graph_features,0.25,zero_exposure,full_random,0.01030588235294117,0.0010684970532200799,0.8400000000000001,0.04,1549.6799999999998,442.76000000000005,1106.92
tolokers,hgb_graph_features,0.25,zero_exposure,stratified,0.0,0.0,0.0,0.0,1549.6799999999998,442.76000000000005,1106.92
tolokers,hgb_graph_features,0.5,exposure_80,filtered_low,0.03960606060606059,0.0017607850790754098,1.6600000000000001,0.1,3108.7200000000003,2570.56,538.1600000000001
tolokers,hgb_graph_features,0.5,exposure_80,full_random,0.023494949494949492,0.00131197384777598,1.1199999999999999,0.08,3108.7200000000003,2570.56,538.1600000000001
tolokers,hgb_graph_features,0.5,exposure_80,stratified,0.0,0.0,0.0,0.0,3108.7200000000003,2570.56,538.1600000000001
tolokers,hgb_graph_features,0.5,zero_exposure,filtered_low,0.00488888888888888,0.00117850953206239,0.9,0.02,3108.7200000000003,640.1600000000001,2468.56
tolokers,hgb_graph_features,0.5,zero_exposure,full_random,0.023494949494949492,0.00131197384777598,1.1199999999999999,0.08,3108.7200000000003,640.1600000000001,2468.56
tolokers,hgb_graph_features,0.5,zero_exposure,stratified,0.0,0.0,0.0,0.0,3108.7200000000003,640.1600000000001,2468.56
tolokers,hgb_graph_features,1.0,exposure_80,filtered_low,0.0438095238095238,0.0018351159381119898,1.52,0.16,6203.7,5171.9400000000005,1031.76
tolokers,hgb_graph_features,1.0,exposure_80,full_random,0.02633333333333333,0.0007912676587297802,0.66,0.08,6203.7,5171.9400000000005,1031.76
tolokers,hgb_graph_features,1.0,exposure_80,stratified,0.0,0.00037800687285223,0.22000000000000003,0.02,6203.7,5171.9400000000005,1031.76
tolokers,hgb_graph_features,1.0,zero_exposure,filtered_low,0.00458333333333333,0.0012824956672443598,0.96,0.02,6203.7,749.4399999999999,5454.26
tolokers,hgb_graph_features,1.0,zero_exposure,full_random,0.02633333333333333,0.0007912676587297802,0.66,0.08,6203.7,749.4399999999999,5454.26
tolokers,hgb_graph_features,1.0,zero_exposure,stratified,0.004,0.00027491408934707,0.2,0.02,6203.7,749.4399999999999,5454.26
weibo,hgb_attributes,0.25,exposure_80,filtered_low,0.5916537263287119,0.2618117715617715,61.98,0.9,1355.1399999999999,1126.98,228.16
weibo,hgb_attributes,0.25,exposure_80,full_random,0.0,0.0,0.0,0.0,1355.1399999999999,1126.98,228.16
weibo,hgb_attributes,0.25,exposure_80,stratified,0.0,0.0,0.0,0.0,1355.1399999999999,1126.98,228.16
weibo,hgb_attributes,0.25,zero_exposure,filtered_low,0.5904997982731321,0.2602412587412587,61.720000000000006,0.9,1355.1399999999999,1135.54,219.6
weibo,hgb_attributes,0.25,zero_exposure,full_random,0.0,0.0,0.0,0.0,1355.1399999999999,1135.54,219.6
weibo,hgb_attributes,0.25,zero_exposure,stratified,0.0,0.0,0.0,0.0,1355.1399999999999,1135.54,219.6
weibo,hgb_attributes,0.5,exposure_80,filtered_low,0.6561245646853212,0.341525974025974,79.7,1.0,2721.56,2269.24,452.32
weibo,hgb_attributes,0.5,exposure_80,full_random,0.01272727272727272,0.0010389610389610299,0.22000000000000003,0.02,2721.56,2269.24,452.32
weibo,hgb_attributes,0.5,exposure_80,stratified,0.0,0.0,0.0,0.0,2721.56,2269.24,452.32
weibo,hgb_attributes,0.5,zero_exposure,filtered_low,0.6564110637043375,0.34307209457209453,80.28,1.0,2721.56,2161.7799999999997,559.78
weibo,hgb_attributes,0.5,zero_exposure,full_random,0.01272727272727272,0.0010389610389610299,0.22000000000000003,0.02,2721.56,2161.7799999999997,559.78
weibo,hgb_attributes,0.5,zero_exposure,stratified,0.0,0.0,0.0,0.0,2721.56,2161.7799999999997,559.78
weibo,hgb_attributes,1.0,exposure_80,filtered_low,0.6755803169178717,0.3734845987345987,90.78,1.0,5438.1,4536.4,901.7
weibo,hgb_attributes,1.0,exposure_80,full_random,0.015,0.00025,0.08,0.02,5438.1,4536.4,901.7
weibo,hgb_attributes,1.0,exposure_80,stratified,0.0,0.0,0.0,0.0,5438.1,4536.4,901.7
weibo,hgb_attributes,1.0,zero_exposure,filtered_low,0.6753587413178834,0.37079686979686977,90.28,1.0,5438.1,4004.0199999999995,1434.08
weibo,hgb_attributes,1.0,zero_exposure,full_random,0.015,0.00025,0.08,0.02,5438.1,4004.0199999999995,1434.08
weibo,hgb_attributes,1.0,zero_exposure,stratified,0.0,0.0,0.0,0.0,5438.1,4004.0199999999995,1434.08
weibo,hgb_graph_features,0.25,exposure_80,filtered_low,0.6655587366309728,0.6304721944721945,150.78,1.0,1355.1399999999999,1126.98,228.16
weibo,hgb_graph_features,0.25,exposure_80,full_random,0.0,0.0,0.0,0.0,1355.1399999999999,1126.98,228.16
weibo,hgb_graph_features,0.25,exposure_80,stratified,0.0,0.0,0.0,0.0,1355.1399999999999,1126.98,228.16
weibo,hgb_graph_features,0.25,zero_exposure,filtered_low,0.6662691734232806,0.6294688644688644,150.98,1.0,1355.1399999999999,1135.54,219.6
weibo,hgb_graph_features,0.25,zero_exposure,full_random,0.0,0.0,0.0,0.0,1355.1399999999999,1135.54,219.6
weibo,hgb_graph_features,0.25,zero_exposure,stratified,0.0,0.0,0.0,0.0,1355.1399999999999,1135.54,219.6
weibo,hgb_graph_features,0.5,exposure_80,filtered_low,0.6838993475840509,0.7741273726273726,193.9,1.0,2721.56,2269.24,452.32
weibo,hgb_graph_features,0.5,exposure_80,full_random,0.0,0.0,0.0,0.0,2721.56,2269.24,452.32
weibo,hgb_graph_features,0.5,exposure_80,stratified,0.0,0.0,0.0,0.0,2721.56,2269.24,452.32
weibo,hgb_graph_features,0.5,zero_exposure,filtered_low,0.6829297571445356,0.768254329004329,191.95999999999998,1.0,2721.56,2161.7799999999997,559.78
weibo,hgb_graph_features,0.5,zero_exposure,full_random,0.0,0.0,0.0,0.0,2721.56,2161.7799999999997,559.78
weibo,hgb_graph_features,0.5,zero_exposure,stratified,0.0,0.0,0.0,0.0,2721.56,2161.7799999999997,559.78
weibo,hgb_graph_features,1.0,exposure_80,filtered_low,0.697454830968463,0.843254662004662,220.3,1.0,5438.1,4536.4,901.7
weibo,hgb_graph_features,1.0,exposure_80,full_random,0.0,0.0,0.0,0.0,5438.1,4536.4,901.7
weibo,hgb_graph_features,1.0,exposure_80,stratified,0.0,0.0,0.0,0.0,5438.1,4536.4,901.7
weibo,hgb_graph_features,1.0,zero_exposure,filtered_low,0.6945652951687378,0.8257349317349318,214.04000000000002,1.0,5438.1,4004.0199999999995,1434.08
weibo,hgb_graph_features,1.0,zero_exposure,full_random,0.0,0.0,0.0,0.0,5438.1,4004.0199999999995,1434.08
weibo,hgb_graph_features,1.0,zero_exposure,stratified,0.0,0.0,0.0,0.0,5438.1,4004.0199999999995,1434.08
weibo_gadbench,hgb_attributes,0.25,exposure_80,filtered_low,0.1682834973548048,0.7644756242159602,181.62,1.0,1267.9,1132.84,135.06
weibo_gadbench,hgb_attributes,0.25,exposure_80,full_random,0.09327295423719185,0.6636558384513835,143.78,1.0,1267.9,1132.84,135.06
weibo_gadbench,hgb_attributes,0.25,exposure_80,stratified,0.01700069556051284,0.40111617108259984,80.56,0.8,1267.9,1132.84,135.06
weibo_gadbench,hgb_attributes,0.25,zero_exposure,filtered_low,0.16394475353059768,0.7584459479821006,179.26,1.0,1267.9,1049.1799999999998,218.71999999999997
weibo_gadbench,hgb_attributes,0.25,zero_exposure,full_random,0.09327295423719185,0.6636558384513835,143.78,1.0,1267.9,1049.1799999999998,218.71999999999997
weibo_gadbench,hgb_attributes,0.25,zero_exposure,stratified,0.02494538635689431,0.4777442490208238,96.52000000000001,0.9199999999999999,1267.9,1049.1799999999998,218.71999999999997
weibo_gadbench,hgb_attributes,0.5,exposure_80,filtered_low,0.18867521131118142,0.7867063185711418,191.35999999999999,1.0,2544.82,2266.8,278.02
weibo_gadbench,hgb_attributes,0.5,exposure_80,full_random,0.09590661531685406,0.6660604068070763,144.72,1.0,2544.82,2266.8,278.02
weibo_gadbench,hgb_attributes,0.5,exposure_80,stratified,0.024818533548726672,0.4893334894510038,98.62,1.0,2544.82,2266.8,278.02
weibo_gadbench,hgb_attributes,0.5,zero_exposure,filtered_low,0.18094382294851097,0.7787849934057776,187.74,1.0,2544.82,1943.3799999999999,601.4399999999999
weibo_gadbench,hgb_attributes,0.5,zero_exposure,full_random,0.09590661531685406,0.6660604068070763,144.72,1.0,2544.82,1943.3799999999999,601.4399999999999
weibo_gadbench,hgb_attributes,0.5,zero_exposure,stratified,0.035562346892184835,0.5368297915512579,109.35999999999999,1.0,2544.82,1943.3799999999999,601.4399999999999
weibo_gadbench,hgb_attributes,1.0,exposure_80,filtered_low,0.21582132722130692,0.8105126344507765,203.48,1.0,5085.8,4536.46,549.3399999999999
weibo_gadbench,hgb_attributes,1.0,exposure_80,full_random,0.09332321463180758,0.6636128815846078,143.66,1.0,5085.8,4536.46,549.3399999999999
weibo_gadbench,hgb_attributes,1.0,exposure_80,stratified,0.02643248972750752,0.4952239513669879,99.86,1.0,5085.8,4536.46,549.3399999999999
weibo_gadbench,hgb_attributes,1.0,zero_exposure,filtered_low,0.1980212982114048,0.7954288739102477,195.28,1.0,5085.8,3454.22,1631.58
weibo_gadbench,hgb_attributes,1.0,zero_exposure,full_random,0.09332321463180758,0.6636128815846078,143.66,1.0,5085.8,3454.22,1631.58
weibo_gadbench,hgb_attributes,1.0,zero_exposure,stratified,0.04235461857864137,0.5589083435555511,114.58,1.0,5085.8,3454.22,1631.58
weibo_gadbench,hgb_graph_features,0.25,exposure_80,filtered_low,0.2584458191012692,0.9687457432299373,256.96,1.0,1267.9,1132.84,135.06
weibo_gadbench,hgb_graph_features,0.25,exposure_80,full_random,0.09430874549709553,0.8453745711245249,183.54000000000002,1.0,1267.9,1132.84,135.06
weibo_gadbench,hgb_graph_features,0.25,exposure_80,stratified,0.022936513433518442,0.47360851124773606,95.96,0.78,1267.9,1132.84,135.06
weibo_gadbench,hgb_graph_features,0.25,zero_exposure,filtered_low,0.2532202515765886,0.9663002579183255,254.6,1.0,1267.9,1049.1799999999998,218.71999999999997
weibo_gadbench,hgb_graph_features,0.25,zero_exposure,full_random,0.09430874549709553,0.8453745711245249,183.54000000000002,1.0,1267.9,1049.1799999999998,218.71999999999997
weibo_gadbench,hgb_graph_features,0.25,zero_exposure,stratified,0.03010006626821537,0.5707523669989114,116.16000000000001,0.8800000000000001,1267.9,1049.1799999999998,218.71999999999997
weibo_gadbench,hgb_graph_features,0.5,exposure_80,filtered_low,0.29009963015056783,0.9740403516694289,269.5,1.0,2544.82,2266.8,278.02
weibo_gadbench,hgb_graph_features,0.5,exposure_80,full_random,0.09043367390068538,0.8459863680876929,182.6,1.0,2544.82,2266.8,278.02
weibo_gadbench,hgb_graph_features,0.5,exposure_80,stratified,0.02035346719908363,0.5228042398870293,104.92,0.9400000000000001,2544.82,2266.8,278.02
weibo_gadbench,hgb_graph_features,0.5,zero_exposure,filtered_low,0.2802097582043689,0.972312218846598,265.46,1.0,2544.82,1943.3799999999999,601.4399999999999
weibo_gadbench,hgb_graph_features,0.5,zero_exposure,full_random,0.09043367390068538,0.8459863680876929,182.6,1.0,2544.82,1943.3799999999999,601.4399999999999
weibo_gadbench,hgb_graph_features,0.5,zero_exposure,stratified,0.0291998688245834,0.6302350161610671,127.55999999999999,1.0,2544.82,1943.3799999999999,601.4399999999999
weibo_gadbench,hgb_graph_features,1.0,exposure_80,filtered_low,0.31669943893278185,0.9784187069320456,281.06,1.0,5085.8,4536.46,549.3399999999999
weibo_gadbench,hgb_graph_features,1.0,exposure_80,full_random,0.09296134106279942,0.8483463134584808,183.54,1.0,5085.8,4536.46,549.3399999999999
weibo_gadbench,hgb_graph_features,1.0,exposure_80,stratified,0.02302445606945722,0.5665980529158207,113.94000000000001,1.0,5085.8,4536.46,549.3399999999999
weibo_gadbench,hgb_graph_features,1.0,zero_exposure,filtered_low,0.3105801374462968,0.9775100203805019,278.44,1.0,5085.8,3454.22,1631.58
weibo_gadbench,hgb_graph_features,1.0,zero_exposure,full_random,0.09296134106279942,0.8483463134584808,183.54,1.0,5085.8,3454.22,1631.58
weibo_gadbench,hgb_graph_features,1.0,zero_exposure,stratified,0.03497893657299173,0.6733145745417465,136.9,1.0,5085.8,3454.22,1631.58
